v 0.00000 1.00000 0.00000
v -0.00945 0.97729 0.00000
v 0.00000 0.96429 0.01143
v -0.01889 0.95458 0.00000
v -0.00945 0.94157 0.01143
v 0.00000 0.92857 0.02286
v -0.02834 0.93186 0.00000
v -0.01889 0.91886 0.01143
v -0.00945 0.90586 0.02286
v 0.00000 0.89286 0.03429
v -0.03779 0.90915 0.00000
v -0.02834 0.89615 0.01143
v -0.01889 0.88315 0.02286
v -0.00945 0.87014 0.03429
v 0.00000 0.85714 0.04571
v -0.04723 0.88644 0.00000
v -0.03779 0.87344 0.01143
v -0.02834 0.86043 0.02286
v -0.01889 0.84743 0.03429
v -0.00945 0.83443 0.04571
v 0.00000 0.82143 0.05714
v -0.05668 0.86373 0.00000
v -0.04723 0.85072 0.01143
v -0.03779 0.83772 0.02286
v -0.02834 0.82472 0.03429
v -0.01889 0.81172 0.04571
v -0.00945 0.79872 0.05714
v 0.00000 0.78571 0.06857
v -0.06613 0.84101 0.00000
v -0.05668 0.82801 0.01143
v -0.04723 0.81501 0.02286
v -0.03779 0.80201 0.03429
v -0.02834 0.78901 0.04571
v -0.01889 0.77600 0.05714
v -0.00945 0.76300 0.06857
v 0.00000 0.75000 0.08000
v -0.07557 0.81830 0.00000
v -0.06613 0.80530 0.01143
v -0.05668 0.79230 0.02286
v -0.04723 0.77930 0.03429
v -0.03779 0.76629 0.04571
v -0.02834 0.75329 0.05714
v -0.01889 0.74029 0.06857
v -0.00945 0.72729 0.08000
v 0.00000 0.71429 0.09143
v -0.08502 0.79559 0.00000
v -0.07557 0.78259 0.01143
v -0.06613 0.76959 0.02286
v -0.05668 0.75658 0.03429
v -0.04723 0.74358 0.04571
v -0.03779 0.73058 0.05714
v -0.02834 0.71758 0.06857
v -0.01889 0.70458 0.08000
v -0.00945 0.69157 0.09143
v 0.00000 0.67857 0.10286
v -0.09447 0.77288 0.00000
v -0.08502 0.75988 0.01143
v -0.07557 0.74687 0.02286
v -0.06613 0.73387 0.03429
v -0.05668 0.72087 0.04571
v -0.04723 0.70787 0.05714
v -0.03779 0.69487 0.06857
v -0.02834 0.68186 0.08000
v -0.01889 0.66886 0.09143
v -0.00945 0.65586 0.10286
v 0.00000 0.64286 0.11429
v -0.10391 0.75017 0.00000
v -0.09447 0.73716 0.01143
v -0.08502 0.72416 0.02286
v -0.07557 0.71116 0.03429
v -0.06613 0.69816 0.04571
v -0.05668 0.68516 0.05714
v -0.04723 0.67215 0.06857
v -0.03779 0.65915 0.08000
v -0.02834 0.64615 0.09143
v -0.01889 0.63315 0.10286
v -0.00945 0.62014 0.11429
v 0.00000 0.60714 0.12571
v -0.11336 0.72745 0.00000
v -0.10391 0.71445 0.01143
v -0.09447 0.70145 0.02286
v -0.08502 0.68845 0.03429
v -0.07557 0.67545 0.04571
v -0.06613 0.66244 0.05714
v -0.05668 0.64944 0.06857
v -0.04723 0.63644 0.08000
v -0.03779 0.62344 0.09143
v -0.02834 0.61043 0.10286
v -0.01889 0.59743 0.11429
v -0.00945 0.58443 0.12571
v 0.00000 0.57143 0.13714
v -0.12281 0.70474 0.00000
v -0.11336 0.69174 0.01143
v -0.10391 0.67874 0.02286
v -0.09447 0.66573 0.03429
v -0.08502 0.65273 0.04571
v -0.07557 0.63973 0.05714
v -0.06613 0.62673 0.06857
v -0.05668 0.61373 0.08000
v -0.04723 0.60072 0.09143
v -0.03779 0.58772 0.10286
v -0.02834 0.57472 0.11429
v -0.01889 0.56172 0.12571
v -0.00945 0.54872 0.13714
v 0.00000 0.53571 0.14857
v -0.13225 0.68203 0.00000
v -0.12281 0.66903 0.01143
v -0.11336 0.65602 0.02286
v -0.10391 0.64302 0.03429
v -0.09447 0.63002 0.04571
v -0.08502 0.61702 0.05714
v -0.07557 0.60402 0.06857
v -0.06613 0.59101 0.08000
v -0.05668 0.57801 0.09143
v -0.04723 0.56501 0.10286
v -0.03779 0.55201 0.11429
v -0.02834 0.53901 0.12571
v -0.01889 0.52600 0.13714
v -0.00945 0.51300 0.14857
v 0.00000 0.50000 0.16000
v -0.14170 0.65932 0.00000
v -0.13225 0.64631 0.01143
v -0.12281 0.63331 0.02286
v -0.11336 0.62031 0.03429
v -0.10391 0.60731 0.04571
v -0.09447 0.59431 0.05714
v -0.08502 0.58130 0.06857
v -0.07557 0.56830 0.08000
v -0.06613 0.55530 0.09143
v -0.05668 0.54230 0.10286
v -0.04723 0.52930 0.11429
v -0.03779 0.51629 0.12571
v -0.02834 0.50329 0.13714
v -0.01889 0.49029 0.14857
v -0.00945 0.47729 0.16000
v 0.00000 0.46429 0.17143
v -0.15114 0.63660 0.00000
v -0.14170 0.62360 0.01143
v -0.13225 0.61060 0.02286
v -0.12281 0.59760 0.03429
v -0.11336 0.58460 0.04571
v -0.10391 0.57159 0.05714
v -0.09447 0.55859 0.06857
v -0.08502 0.54559 0.08000
v -0.07557 0.53259 0.09143
v -0.06613 0.51959 0.10286
v -0.05668 0.50658 0.11429
v -0.04723 0.49358 0.12571
v -0.03779 0.48058 0.13714
v -0.02834 0.46758 0.14857
v -0.01889 0.45458 0.16000
v -0.00945 0.44157 0.17143
v 0.00000 0.42857 0.18286
v -0.16059 0.61389 0.00000
v -0.15114 0.60089 0.01143
v -0.14170 0.58789 0.02286
v -0.13225 0.57489 0.03429
v -0.12281 0.56188 0.04571
v -0.11336 0.54888 0.05714
v -0.10391 0.53588 0.06857
v -0.09447 0.52288 0.08000
v -0.08502 0.50988 0.09143
v -0.07557 0.49687 0.10286
v -0.06613 0.48387 0.11429
v -0.05668 0.47087 0.12571
v -0.04723 0.45787 0.13714
v -0.03779 0.44487 0.14857
v -0.02834 0.43186 0.16000
v -0.01889 0.41886 0.17143
v -0.00945 0.40586 0.18286
v 0.00000 0.39286 0.19429
v -0.17004 0.59118 0.00000
v -0.16059 0.57818 0.01143
v -0.15114 0.56518 0.02286
v -0.14170 0.55217 0.03429
v -0.13225 0.53917 0.04571
v -0.12281 0.52617 0.05714
v -0.11336 0.51317 0.06857
v -0.10391 0.50017 0.08000
v -0.09447 0.48716 0.09143
v -0.08502 0.47416 0.10286
v -0.07557 0.46116 0.11429
v -0.06613 0.44816 0.12571
v -0.05668 0.43516 0.13714
v -0.04723 0.42215 0.14857
v -0.03779 0.40915 0.16000
v -0.02834 0.39615 0.17143
v -0.01889 0.38315 0.18286
v -0.00945 0.37014 0.19429
v 0.00000 0.35714 0.20571
v -0.17948 0.56847 0.00000
v -0.17004 0.55547 0.01143
v -0.16059 0.54246 0.02286
v -0.15114 0.52946 0.03429
v -0.14170 0.51646 0.04571
v -0.13225 0.50346 0.05714
v -0.12281 0.49046 0.06857
v -0.11336 0.47745 0.08000
v -0.10391 0.46445 0.09143
v -0.09447 0.45145 0.10286
v -0.08502 0.43845 0.11429
v -0.07557 0.42545 0.12571
v -0.06613 0.41244 0.13714
v -0.05668 0.39944 0.14857
v -0.04723 0.38644 0.16000
v -0.03779 0.37344 0.17143
v -0.02834 0.36043 0.18286
v -0.01889 0.34743 0.19429
v -0.00945 0.33443 0.20571
v 0.00000 0.32143 0.21714
v -0.18893 0.54576 0.00000
v -0.17948 0.53275 0.01143
v -0.17004 0.51975 0.02286
v -0.16059 0.50675 0.03429
v -0.15114 0.49375 0.04571
v -0.14170 0.48075 0.05714
v -0.13225 0.46774 0.06857
v -0.12281 0.45474 0.08000
v -0.11336 0.44174 0.09143
v -0.10391 0.42874 0.10286
v -0.09447 0.41573 0.11429
v -0.08502 0.40273 0.12571
v -0.07557 0.38973 0.13714
v -0.06613 0.37673 0.14857
v -0.05668 0.36373 0.16000
v -0.04723 0.35072 0.17143
v -0.03779 0.33772 0.18286
v -0.02834 0.32472 0.19429
v -0.01889 0.31172 0.20571
v -0.00945 0.29872 0.21714
v 0.00000 0.28571 0.22857
v -0.19838 0.52304 0.00000
v -0.18893 0.51004 0.01143
v -0.17948 0.49704 0.02286
v -0.17004 0.48404 0.03429
v -0.16059 0.47104 0.04571
v -0.15114 0.45803 0.05714
v -0.14170 0.44503 0.06857
v -0.13225 0.43203 0.08000
v -0.12281 0.41903 0.09143
v -0.11336 0.40602 0.10286
v -0.10391 0.39302 0.11429
v -0.09447 0.38002 0.12571
v -0.08502 0.36702 0.13714
v -0.07557 0.35402 0.14857
v -0.06613 0.34101 0.16000
v -0.05668 0.32801 0.17143
v -0.04723 0.31501 0.18286
v -0.03779 0.30201 0.19429
v -0.02834 0.28901 0.20571
v -0.01889 0.27600 0.21714
v -0.00945 0.26300 0.22857
v 0.00000 0.25000 0.24000
v -0.20782 0.50033 0.00000
v -0.19838 0.48733 0.01143
v -0.18893 0.47433 0.02286
v -0.17948 0.46132 0.03429
v -0.17004 0.44832 0.04571
v -0.16059 0.43532 0.05714
v -0.15114 0.42232 0.06857
v -0.14170 0.40932 0.08000
v -0.13225 0.39631 0.09143
v -0.12281 0.38331 0.10286
v -0.11336 0.37031 0.11429
v -0.10391 0.35731 0.12571
v -0.09447 0.34431 0.13714
v -0.08502 0.33130 0.14857
v -0.07557 0.31830 0.16000
v -0.06613 0.30530 0.17143
v -0.05668 0.29230 0.18286
v -0.04723 0.27930 0.19429
v -0.03779 0.26629 0.20571
v -0.02834 0.25329 0.21714
v -0.01889 0.24029 0.22857
v -0.00945 0.22729 0.24000
v 0.00000 0.21429 0.25143
v -0.21727 0.47762 0.00000
v -0.20782 0.46462 0.01143
v -0.19838 0.45161 0.02286
v -0.18893 0.43861 0.03429
v -0.17948 0.42561 0.04571
v -0.17004 0.41261 0.05714
v -0.16059 0.39961 0.06857
v -0.15114 0.38660 0.08000
v -0.14170 0.37360 0.09143
v -0.13225 0.36060 0.10286
v -0.12281 0.34760 0.11429
v -0.11336 0.33460 0.12571
v -0.10391 0.32159 0.13714
v -0.09447 0.30859 0.14857
v -0.08502 0.29559 0.16000
v -0.07557 0.28259 0.17143
v -0.06613 0.26959 0.18286
v -0.05668 0.25658 0.19429
v -0.04723 0.24358 0.20571
v -0.03779 0.23058 0.21714
v -0.02834 0.21758 0.22857
v -0.01889 0.20458 0.24000
v -0.00945 0.19157 0.25143
v 0.00000 0.17857 0.26286
v -0.22672 0.45491 0.00000
v -0.21727 0.44190 0.01143
v -0.20782 0.42890 0.02286
v -0.19838 0.41590 0.03429
v -0.18893 0.40290 0.04571
v -0.17948 0.38990 0.05714
v -0.17004 0.37689 0.06857
v -0.16059 0.36389 0.08000
v -0.15114 0.35089 0.09143
v -0.14170 0.33789 0.10286
v -0.13225 0.32489 0.11429
v -0.12281 0.31188 0.12571
v -0.11336 0.29888 0.13714
v -0.10391 0.28588 0.14857
v -0.09447 0.27288 0.16000
v -0.08502 0.25988 0.17143
v -0.07557 0.24687 0.18286
v -0.06613 0.23387 0.19429
v -0.05668 0.22087 0.20571
v -0.04723 0.20787 0.21714
v -0.03779 0.19487 0.22857
v -0.02834 0.18186 0.24000
v -0.01889 0.16886 0.25143
v -0.00945 0.15586 0.26286
v 0.00000 0.14286 0.27429
v -0.23616 0.43219 0.00000
v -0.22672 0.41919 0.01143
v -0.21727 0.40619 0.02286
v -0.20782 0.39319 0.03429
v -0.19838 0.38019 0.04571
v -0.18893 0.36718 0.05714
v -0.17948 0.35418 0.06857
v -0.17004 0.34118 0.08000
v -0.16059 0.32818 0.09143
v -0.15114 0.31518 0.10286
v -0.14170 0.30217 0.11429
v -0.13225 0.28917 0.12571
v -0.12281 0.27617 0.13714
v -0.11336 0.26317 0.14857
v -0.10391 0.25017 0.16000
v -0.09447 0.23716 0.17143
v -0.08502 0.22416 0.18286
v -0.07557 0.21116 0.19429
v -0.06613 0.19816 0.20571
v -0.05668 0.18516 0.21714
v -0.04723 0.17215 0.22857
v -0.03779 0.15915 0.24000
v -0.02834 0.14615 0.25143
v -0.01889 0.13315 0.26286
v -0.00945 0.12014 0.27429
v 0.00000 0.10714 0.28571
v -0.24561 0.40948 0.00000
v -0.23616 0.39648 0.01143
v -0.22672 0.38348 0.02286
v -0.21727 0.37048 0.03429
v -0.20782 0.35747 0.04571
v -0.19838 0.34447 0.05714
v -0.18893 0.33147 0.06857
v -0.17948 0.31847 0.08000
v -0.17004 0.30547 0.09143
v -0.16059 0.29246 0.10286
v -0.15114 0.27946 0.11429
v -0.14170 0.26646 0.12571
v -0.13225 0.25346 0.13714
v -0.12281 0.24046 0.14857
v -0.11336 0.22745 0.16000
v -0.10391 0.21445 0.17143
v -0.09447 0.20145 0.18286
v -0.08502 0.18845 0.19429
v -0.07557 0.17545 0.20571
v -0.06613 0.16244 0.21714
v -0.05668 0.14944 0.22857
v -0.04723 0.13644 0.24000
v -0.03779 0.12344 0.25143
v -0.02834 0.11043 0.26286
v -0.01889 0.09743 0.27429
v -0.00945 0.08443 0.28571
v 0.00000 0.07143 0.29714
v -0.25506 0.38677 0.00000
v -0.24561 0.37377 0.01143
v -0.23616 0.36077 0.02286
v -0.22672 0.34776 0.03429
v -0.21727 0.33476 0.04571
v -0.20782 0.32176 0.05714
v -0.19838 0.30876 0.06857
v -0.18893 0.29576 0.08000
v -0.17948 0.28275 0.09143
v -0.17004 0.26975 0.10286
v -0.16059 0.25675 0.11429
v -0.15114 0.24375 0.12571
v -0.14170 0.23075 0.13714
v -0.13225 0.21774 0.14857
v -0.12281 0.20474 0.16000
v -0.11336 0.19174 0.17143
v -0.10391 0.17874 0.18286
v -0.09447 0.16573 0.19429
v -0.08502 0.15273 0.20571
v -0.07557 0.13973 0.21714
v -0.06613 0.12673 0.22857
v -0.05668 0.11373 0.24000
v -0.04723 0.10072 0.25143
v -0.03779 0.08772 0.26286
v -0.02834 0.07472 0.27429
v -0.01889 0.06172 0.28571
v -0.00945 0.04872 0.29714
v 0.00000 0.03571 0.30857
v -0.26450 0.36406 0.00000
v -0.25506 0.35106 0.01143
v -0.24561 0.33805 0.02286
v -0.23616 0.32505 0.03429
v -0.22672 0.31205 0.04571
v -0.21727 0.29905 0.05714
v -0.20782 0.28605 0.06857
v -0.19838 0.27304 0.08000
v -0.18893 0.26004 0.09143
v -0.17948 0.24704 0.10286
v -0.17004 0.23404 0.11429
v -0.16059 0.22104 0.12571
v -0.15114 0.20803 0.13714
v -0.14170 0.19503 0.14857
v -0.13225 0.18203 0.16000
v -0.12281 0.16903 0.17143
v -0.11336 0.15602 0.18286
v -0.10391 0.14302 0.19429
v -0.09447 0.13002 0.20571
v -0.08502 0.11702 0.21714
v -0.07557 0.10402 0.22857
v -0.06613 0.09101 0.24000
v -0.05668 0.07801 0.25143
v -0.04723 0.06501 0.26286
v -0.03779 0.05201 0.27429
v -0.02834 0.03901 0.28571
v -0.01889 0.02600 0.29714
v -0.00945 0.01300 0.30857
v 0.00000 0.00000 0.32000
v -0.25506 0.35106 -0.01143
v -0.24561 0.37377 -0.01143
v -0.24561 0.33805 -0.02286
v -0.23616 0.39648 -0.01143
v -0.23616 0.36077 -0.02286
v -0.23616 0.32505 -0.03429
v -0.22672 0.41919 -0.01143
v -0.22672 0.38348 -0.02286
v -0.22672 0.34776 -0.03429
v -0.22672 0.31205 -0.04571
v -0.21727 0.44190 -0.01143
v -0.21727 0.40619 -0.02286
v -0.21727 0.37048 -0.03429
v -0.21727 0.33476 -0.04571
v -0.21727 0.29905 -0.05714
v -0.20782 0.46462 -0.01143
v -0.20782 0.42890 -0.02286
v -0.20782 0.39319 -0.03429
v -0.20782 0.35747 -0.04571
v -0.20782 0.32176 -0.05714
v -0.20782 0.28605 -0.06857
v -0.19838 0.48733 -0.01143
v -0.19838 0.45161 -0.02286
v -0.19838 0.41590 -0.03429
v -0.19838 0.38019 -0.04571
v -0.19838 0.34447 -0.05714
v -0.19838 0.30876 -0.06857
v -0.19838 0.27304 -0.08000
v -0.18893 0.51004 -0.01143
v -0.18893 0.47433 -0.02286
v -0.18893 0.43861 -0.03429
v -0.18893 0.40290 -0.04571
v -0.18893 0.36718 -0.05714
v -0.18893 0.33147 -0.06857
v -0.18893 0.29576 -0.08000
v -0.18893 0.26004 -0.09143
v -0.17948 0.53275 -0.01143
v -0.17948 0.49704 -0.02286
v -0.17948 0.46132 -0.03429
v -0.17948 0.42561 -0.04571
v -0.17948 0.38990 -0.05714
v -0.17948 0.35418 -0.06857
v -0.17948 0.31847 -0.08000
v -0.17948 0.28275 -0.09143
v -0.17948 0.24704 -0.10286
v -0.17004 0.55547 -0.01143
v -0.17004 0.51975 -0.02286
v -0.17004 0.48404 -0.03429
v -0.17004 0.44832 -0.04571
v -0.17004 0.41261 -0.05714
v -0.17004 0.37689 -0.06857
v -0.17004 0.34118 -0.08000
v -0.17004 0.30547 -0.09143
v -0.17004 0.26975 -0.10286
v -0.17004 0.23404 -0.11429
v -0.16059 0.57818 -0.01143
v -0.16059 0.54246 -0.02286
v -0.16059 0.50675 -0.03429
v -0.16059 0.47104 -0.04571
v -0.16059 0.43532 -0.05714
v -0.16059 0.39961 -0.06857
v -0.16059 0.36389 -0.08000
v -0.16059 0.32818 -0.09143
v -0.16059 0.29246 -0.10286
v -0.16059 0.25675 -0.11429
v -0.16059 0.22104 -0.12571
v -0.15114 0.60089 -0.01143
v -0.15114 0.56518 -0.02286
v -0.15114 0.52946 -0.03429
v -0.15114 0.49375 -0.04571
v -0.15114 0.45803 -0.05714
v -0.15114 0.42232 -0.06857
v -0.15114 0.38660 -0.08000
v -0.15114 0.35089 -0.09143
v -0.15114 0.31518 -0.10286
v -0.15114 0.27946 -0.11429
v -0.15114 0.24375 -0.12571
v -0.15114 0.20803 -0.13714
v -0.14170 0.62360 -0.01143
v -0.14170 0.58789 -0.02286
v -0.14170 0.55217 -0.03429
v -0.14170 0.51646 -0.04571
v -0.14170 0.48075 -0.05714
v -0.14170 0.44503 -0.06857
v -0.14170 0.40932 -0.08000
v -0.14170 0.37360 -0.09143
v -0.14170 0.33789 -0.10286
v -0.14170 0.30217 -0.11429
v -0.14170 0.26646 -0.12571
v -0.14170 0.23075 -0.13714
v -0.14170 0.19503 -0.14857
v -0.13225 0.64631 -0.01143
v -0.13225 0.61060 -0.02286
v -0.13225 0.57489 -0.03429
v -0.13225 0.53917 -0.04571
v -0.13225 0.50346 -0.05714
v -0.13225 0.46774 -0.06857
v -0.13225 0.43203 -0.08000
v -0.13225 0.39631 -0.09143
v -0.13225 0.36060 -0.10286
v -0.13225 0.32489 -0.11429
v -0.13225 0.28917 -0.12571
v -0.13225 0.25346 -0.13714
v -0.13225 0.21774 -0.14857
v -0.13225 0.18203 -0.16000
v -0.12281 0.66903 -0.01143
v -0.12281 0.63331 -0.02286
v -0.12281 0.59760 -0.03429
v -0.12281 0.56188 -0.04571
v -0.12281 0.52617 -0.05714
v -0.12281 0.49046 -0.06857
v -0.12281 0.45474 -0.08000
v -0.12281 0.41903 -0.09143
v -0.12281 0.38331 -0.10286
v -0.12281 0.34760 -0.11429
v -0.12281 0.31188 -0.12571
v -0.12281 0.27617 -0.13714
v -0.12281 0.24046 -0.14857
v -0.12281 0.20474 -0.16000
v -0.12281 0.16903 -0.17143
v -0.11336 0.69174 -0.01143
v -0.11336 0.65602 -0.02286
v -0.11336 0.62031 -0.03429
v -0.11336 0.58460 -0.04571
v -0.11336 0.54888 -0.05714
v -0.11336 0.51317 -0.06857
v -0.11336 0.47745 -0.08000
v -0.11336 0.44174 -0.09143
v -0.11336 0.40602 -0.10286
v -0.11336 0.37031 -0.11429
v -0.11336 0.33460 -0.12571
v -0.11336 0.29888 -0.13714
v -0.11336 0.26317 -0.14857
v -0.11336 0.22745 -0.16000
v -0.11336 0.19174 -0.17143
v -0.11336 0.15602 -0.18286
v -0.10391 0.71445 -0.01143
v -0.10391 0.67874 -0.02286
v -0.10391 0.64302 -0.03429
v -0.10391 0.60731 -0.04571
v -0.10391 0.57159 -0.05714
v -0.10391 0.53588 -0.06857
v -0.10391 0.50017 -0.08000
v -0.10391 0.46445 -0.09143
v -0.10391 0.42874 -0.10286
v -0.10391 0.39302 -0.11429
v -0.10391 0.35731 -0.12571
v -0.10391 0.32159 -0.13714
v -0.10391 0.28588 -0.14857
v -0.10391 0.25017 -0.16000
v -0.10391 0.21445 -0.17143
v -0.10391 0.17874 -0.18286
v -0.10391 0.14302 -0.19429
v -0.09447 0.73716 -0.01143
v -0.09447 0.70145 -0.02286
v -0.09447 0.66573 -0.03429
v -0.09447 0.63002 -0.04571
v -0.09447 0.59431 -0.05714
v -0.09447 0.55859 -0.06857
v -0.09447 0.52288 -0.08000
v -0.09447 0.48716 -0.09143
v -0.09447 0.45145 -0.10286
v -0.09447 0.41573 -0.11429
v -0.09447 0.38002 -0.12571
v -0.09447 0.34431 -0.13714
v -0.09447 0.30859 -0.14857
v -0.09447 0.27288 -0.16000
v -0.09447 0.23716 -0.17143
v -0.09447 0.20145 -0.18286
v -0.09447 0.16573 -0.19429
v -0.09447 0.13002 -0.20571
v -0.08502 0.75988 -0.01143
v -0.08502 0.72416 -0.02286
v -0.08502 0.68845 -0.03429
v -0.08502 0.65273 -0.04571
v -0.08502 0.61702 -0.05714
v -0.08502 0.58130 -0.06857
v -0.08502 0.54559 -0.08000
v -0.08502 0.50988 -0.09143
v -0.08502 0.47416 -0.10286
v -0.08502 0.43845 -0.11429
v -0.08502 0.40273 -0.12571
v -0.08502 0.36702 -0.13714
v -0.08502 0.33130 -0.14857
v -0.08502 0.29559 -0.16000
v -0.08502 0.25988 -0.17143
v -0.08502 0.22416 -0.18286
v -0.08502 0.18845 -0.19429
v -0.08502 0.15273 -0.20571
v -0.08502 0.11702 -0.21714
v -0.07557 0.78259 -0.01143
v -0.07557 0.74687 -0.02286
v -0.07557 0.71116 -0.03429
v -0.07557 0.67545 -0.04571
v -0.07557 0.63973 -0.05714
v -0.07557 0.60402 -0.06857
v -0.07557 0.56830 -0.08000
v -0.07557 0.53259 -0.09143
v -0.07557 0.49687 -0.10286
v -0.07557 0.46116 -0.11429
v -0.07557 0.42545 -0.12571
v -0.07557 0.38973 -0.13714
v -0.07557 0.35402 -0.14857
v -0.07557 0.31830 -0.16000
v -0.07557 0.28259 -0.17143
v -0.07557 0.24687 -0.18286
v -0.07557 0.21116 -0.19429
v -0.07557 0.17545 -0.20571
v -0.07557 0.13973 -0.21714
v -0.07557 0.10402 -0.22857
v -0.06613 0.80530 -0.01143
v -0.06613 0.76959 -0.02286
v -0.06613 0.73387 -0.03429
v -0.06613 0.69816 -0.04571
v -0.06613 0.66244 -0.05714
v -0.06613 0.62673 -0.06857
v -0.06613 0.59101 -0.08000
v -0.06613 0.55530 -0.09143
v -0.06613 0.51959 -0.10286
v -0.06613 0.48387 -0.11429
v -0.06613 0.44816 -0.12571
v -0.06613 0.41244 -0.13714
v -0.06613 0.37673 -0.14857
v -0.06613 0.34101 -0.16000
v -0.06613 0.30530 -0.17143
v -0.06613 0.26959 -0.18286
v -0.06613 0.23387 -0.19429
v -0.06613 0.19816 -0.20571
v -0.06613 0.16244 -0.21714
v -0.06613 0.12673 -0.22857
v -0.06613 0.09101 -0.24000
v -0.05668 0.82801 -0.01143
v -0.05668 0.79230 -0.02286
v -0.05668 0.75658 -0.03429
v -0.05668 0.72087 -0.04571
v -0.05668 0.68516 -0.05714
v -0.05668 0.64944 -0.06857
v -0.05668 0.61373 -0.08000
v -0.05668 0.57801 -0.09143
v -0.05668 0.54230 -0.10286
v -0.05668 0.50658 -0.11429
v -0.05668 0.47087 -0.12571
v -0.05668 0.43516 -0.13714
v -0.05668 0.39944 -0.14857
v -0.05668 0.36373 -0.16000
v -0.05668 0.32801 -0.17143
v -0.05668 0.29230 -0.18286
v -0.05668 0.25658 -0.19429
v -0.05668 0.22087 -0.20571
v -0.05668 0.18516 -0.21714
v -0.05668 0.14944 -0.22857
v -0.05668 0.11373 -0.24000
v -0.05668 0.07801 -0.25143
v -0.04723 0.85072 -0.01143
v -0.04723 0.81501 -0.02286
v -0.04723 0.77930 -0.03429
v -0.04723 0.74358 -0.04571
v -0.04723 0.70787 -0.05714
v -0.04723 0.67215 -0.06857
v -0.04723 0.63644 -0.08000
v -0.04723 0.60072 -0.09143
v -0.04723 0.56501 -0.10286
v -0.04723 0.52930 -0.11429
v -0.04723 0.49358 -0.12571
v -0.04723 0.45787 -0.13714
v -0.04723 0.42215 -0.14857
v -0.04723 0.38644 -0.16000
v -0.04723 0.35072 -0.17143
v -0.04723 0.31501 -0.18286
v -0.04723 0.27930 -0.19429
v -0.04723 0.24358 -0.20571
v -0.04723 0.20787 -0.21714
v -0.04723 0.17215 -0.22857
v -0.04723 0.13644 -0.24000
v -0.04723 0.10072 -0.25143
v -0.04723 0.06501 -0.26286
v -0.03779 0.87344 -0.01143
v -0.03779 0.83772 -0.02286
v -0.03779 0.80201 -0.03429
v -0.03779 0.76629 -0.04571
v -0.03779 0.73058 -0.05714
v -0.03779 0.69487 -0.06857
v -0.03779 0.65915 -0.08000
v -0.03779 0.62344 -0.09143
v -0.03779 0.58772 -0.10286
v -0.03779 0.55201 -0.11429
v -0.03779 0.51629 -0.12571
v -0.03779 0.48058 -0.13714
v -0.03779 0.44487 -0.14857
v -0.03779 0.40915 -0.16000
v -0.03779 0.37344 -0.17143
v -0.03779 0.33772 -0.18286
v -0.03779 0.30201 -0.19429
v -0.03779 0.26629 -0.20571
v -0.03779 0.23058 -0.21714
v -0.03779 0.19487 -0.22857
v -0.03779 0.15915 -0.24000
v -0.03779 0.12344 -0.25143
v -0.03779 0.08772 -0.26286
v -0.03779 0.05201 -0.27429
v -0.02834 0.89615 -0.01143
v -0.02834 0.86043 -0.02286
v -0.02834 0.82472 -0.03429
v -0.02834 0.78901 -0.04571
v -0.02834 0.75329 -0.05714
v -0.02834 0.71758 -0.06857
v -0.02834 0.68186 -0.08000
v -0.02834 0.64615 -0.09143
v -0.02834 0.61043 -0.10286
v -0.02834 0.57472 -0.11429
v -0.02834 0.53901 -0.12571
v -0.02834 0.50329 -0.13714
v -0.02834 0.46758 -0.14857
v -0.02834 0.43186 -0.16000
v -0.02834 0.39615 -0.17143
v -0.02834 0.36043 -0.18286
v -0.02834 0.32472 -0.19429
v -0.02834 0.28901 -0.20571
v -0.02834 0.25329 -0.21714
v -0.02834 0.21758 -0.22857
v -0.02834 0.18186 -0.24000
v -0.02834 0.14615 -0.25143
v -0.02834 0.11043 -0.26286
v -0.02834 0.07472 -0.27429
v -0.02834 0.03901 -0.28571
v -0.01889 0.91886 -0.01143
v -0.01889 0.88315 -0.02286
v -0.01889 0.84743 -0.03429
v -0.01889 0.81172 -0.04571
v -0.01889 0.77600 -0.05714
v -0.01889 0.74029 -0.06857
v -0.01889 0.70458 -0.08000
v -0.01889 0.66886 -0.09143
v -0.01889 0.63315 -0.10286
v -0.01889 0.59743 -0.11429
v -0.01889 0.56172 -0.12571
v -0.01889 0.52600 -0.13714
v -0.01889 0.49029 -0.14857
v -0.01889 0.45458 -0.16000
v -0.01889 0.41886 -0.17143
v -0.01889 0.38315 -0.18286
v -0.01889 0.34743 -0.19429
v -0.01889 0.31172 -0.20571
v -0.01889 0.27600 -0.21714
v -0.01889 0.24029 -0.22857
v -0.01889 0.20458 -0.24000
v -0.01889 0.16886 -0.25143
v -0.01889 0.13315 -0.26286
v -0.01889 0.09743 -0.27429
v -0.01889 0.06172 -0.28571
v -0.01889 0.02600 -0.29714
v -0.00945 0.94157 -0.01143
v -0.00945 0.90586 -0.02286
v -0.00945 0.87014 -0.03429
v -0.00945 0.83443 -0.04571
v -0.00945 0.79872 -0.05714
v -0.00945 0.76300 -0.06857
v -0.00945 0.72729 -0.08000
v -0.00945 0.69157 -0.09143
v -0.00945 0.65586 -0.10286
v -0.00945 0.62014 -0.11429
v -0.00945 0.58443 -0.12571
v -0.00945 0.54872 -0.13714
v -0.00945 0.51300 -0.14857
v -0.00945 0.47729 -0.16000
v -0.00945 0.44157 -0.17143
v -0.00945 0.40586 -0.18286
v -0.00945 0.37014 -0.19429
v -0.00945 0.33443 -0.20571
v -0.00945 0.29872 -0.21714
v -0.00945 0.26300 -0.22857
v -0.00945 0.22729 -0.24000
v -0.00945 0.19157 -0.25143
v -0.00945 0.15586 -0.26286
v -0.00945 0.12014 -0.27429
v -0.00945 0.08443 -0.28571
v -0.00945 0.04872 -0.29714
v -0.00945 0.01300 -0.30857
v 0.00000 0.96429 -0.01143
v 0.00000 0.92857 -0.02286
v 0.00000 0.89286 -0.03429
v 0.00000 0.85714 -0.04571
v 0.00000 0.82143 -0.05714
v 0.00000 0.78571 -0.06857
v 0.00000 0.75000 -0.08000
v 0.00000 0.71429 -0.09143
v 0.00000 0.67857 -0.10286
v 0.00000 0.64286 -0.11429
v 0.00000 0.60714 -0.12571
v 0.00000 0.57143 -0.13714
v 0.00000 0.53571 -0.14857
v 0.00000 0.50000 -0.16000
v 0.00000 0.46429 -0.17143
v 0.00000 0.42857 -0.18286
v 0.00000 0.39286 -0.19429
v 0.00000 0.35714 -0.20571
v 0.00000 0.32143 -0.21714
v 0.00000 0.28571 -0.22857
v 0.00000 0.25000 -0.24000
v 0.00000 0.21429 -0.25143
v 0.00000 0.17857 -0.26286
v 0.00000 0.14286 -0.27429
v 0.00000 0.10714 -0.28571
v 0.00000 0.07143 -0.29714
v 0.00000 0.03571 -0.30857
v 0.00000 0.00000 -0.32000
v -0.28902 0.36209 0.00000
v -0.31354 0.36013 0.00000
v -0.27958 0.34909 0.01143
v -0.33806 0.35816 0.00000
v -0.30410 0.34712 0.01143
v -0.27013 0.33609 0.02286
v -0.36258 0.35619 0.00000
v -0.32862 0.34516 0.01143
v -0.29465 0.33412 0.02286
v -0.26068 0.32309 0.03429
v -0.38710 0.35423 0.00000
v -0.35314 0.34319 0.01143
v -0.31917 0.33216 0.02286
v -0.28520 0.32112 0.03429
v -0.25124 0.31008 0.04571
v -0.41162 0.35226 0.00000
v -0.37766 0.34123 0.01143
v -0.34369 0.33019 0.02286
v -0.30972 0.31915 0.03429
v -0.27576 0.30812 0.04571
v -0.24179 0.29708 0.05714
v -0.43614 0.35030 0.00000
v -0.40218 0.33926 0.01143
v -0.36821 0.32822 0.02286
v -0.33424 0.31719 0.03429
v -0.30028 0.30615 0.04571
v -0.26631 0.29512 0.05714
v -0.23234 0.28408 0.06857
v -0.46066 0.34833 0.00000
v -0.42670 0.33730 0.01143
v -0.39273 0.32626 0.02286
v -0.35876 0.31522 0.03429
v -0.32480 0.30419 0.04571
v -0.29083 0.29315 0.05714
v -0.25686 0.28211 0.06857
v -0.22290 0.27108 0.08000
v -0.48518 0.34637 0.00000
v -0.45121 0.33533 0.01143
v -0.41725 0.32429 0.02286
v -0.38328 0.31326 0.03429
v -0.34932 0.30222 0.04571
v -0.31535 0.29118 0.05714
v -0.28138 0.28015 0.06857
v -0.24742 0.26911 0.08000
v -0.21345 0.25808 0.09143
v -0.50970 0.34440 0.00000
v -0.47573 0.33336 0.01143
v -0.44177 0.32233 0.02286
v -0.40780 0.31129 0.03429
v -0.37384 0.30025 0.04571
v -0.33987 0.28922 0.05714
v -0.30590 0.27818 0.06857
v -0.27194 0.26715 0.08000
v -0.23797 0.25611 0.09143
v -0.20400 0.24507 0.10286
v -0.53422 0.34243 0.00000
v -0.50025 0.33140 0.01143
v -0.46629 0.32036 0.02286
v -0.43232 0.30933 0.03429
v -0.39836 0.29829 0.04571
v -0.36439 0.28725 0.05714
v -0.33042 0.27622 0.06857
v -0.29646 0.26518 0.08000
v -0.26249 0.25414 0.09143
v -0.22852 0.24311 0.10286
v -0.19456 0.23207 0.11429
v -0.55874 0.34047 0.00000
v -0.52477 0.32943 0.01143
v -0.49081 0.31840 0.02286
v -0.45684 0.30736 0.03429
v -0.42288 0.29632 0.04571
v -0.38891 0.28529 0.05714
v -0.35494 0.27425 0.06857
v -0.32098 0.26321 0.08000
v -0.28701 0.25218 0.09143
v -0.25304 0.24114 0.10286
v -0.21908 0.23011 0.11429
v -0.18511 0.21907 0.12571
v -0.58326 0.33850 0.00000
v -0.54929 0.32747 0.01143
v -0.51533 0.31643 0.02286
v -0.48136 0.30539 0.03429
v -0.44739 0.29436 0.04571
v -0.41343 0.28332 0.05714
v -0.37946 0.27229 0.06857
v -0.34550 0.26125 0.08000
v -0.31153 0.25021 0.09143
v -0.27756 0.23918 0.10286
v -0.24360 0.22814 0.11429
v -0.20963 0.21710 0.12571
v -0.17566 0.20607 0.13714
v -0.60778 0.33654 0.00000
v -0.57381 0.32550 0.01143
v -0.53985 0.31446 0.02286
v -0.50588 0.30343 0.03429
v -0.47191 0.29239 0.04571
v -0.43795 0.28136 0.05714
v -0.40398 0.27032 0.06857
v -0.37002 0.25928 0.08000
v -0.33605 0.24825 0.09143
v -0.30208 0.23721 0.10286
v -0.26812 0.22617 0.11429
v -0.23415 0.21514 0.12571
v -0.20018 0.20410 0.13714
v -0.16622 0.19307 0.14857
v -0.63230 0.33457 0.00000
v -0.59833 0.32354 0.01143
v -0.56437 0.31250 0.02286
v -0.53040 0.30146 0.03429
v -0.49643 0.29043 0.04571
v -0.46247 0.27939 0.05714
v -0.42850 0.26835 0.06857
v -0.39454 0.25732 0.08000
v -0.36057 0.24628 0.09143
v -0.32660 0.23524 0.10286
v -0.29264 0.22421 0.11429
v -0.25867 0.21317 0.12571
v -0.22470 0.20214 0.13714
v -0.19074 0.19110 0.14857
v -0.15677 0.18006 0.16000
v -0.65682 0.33261 0.00000
v -0.62285 0.32157 0.01143
v -0.58889 0.31053 0.02286
v -0.55492 0.29950 0.03429
v -0.52095 0.28846 0.04571
v -0.48699 0.27742 0.05714
v -0.45302 0.26639 0.06857
v -0.41906 0.25535 0.08000
v -0.38509 0.24432 0.09143
v -0.35112 0.23328 0.10286
v -0.31716 0.22224 0.11429
v -0.28319 0.21121 0.12571
v -0.24922 0.20017 0.13714
v -0.21526 0.18913 0.14857
v -0.18129 0.17810 0.16000
v -0.14732 0.16706 0.17143
v -0.68134 0.33064 0.00000
v -0.64737 0.31960 0.01143
v -0.61341 0.30857 0.02286
v -0.57944 0.29753 0.03429
v -0.54547 0.28649 0.04571
v -0.51151 0.27546 0.05714
v -0.47754 0.26442 0.06857
v -0.44358 0.25339 0.08000
v -0.40961 0.24235 0.09143
v -0.37564 0.23131 0.10286
v -0.34168 0.22028 0.11429
v -0.30771 0.20924 0.12571
v -0.27374 0.19820 0.13714
v -0.23978 0.18717 0.14857
v -0.20581 0.17613 0.16000
v -0.17184 0.16510 0.17143
v -0.13788 0.15406 0.18286
v -0.70586 0.32867 0.00000
v -0.67189 0.31764 0.01143
v -0.63793 0.30660 0.02286
v -0.60396 0.29557 0.03429
v -0.56999 0.28453 0.04571
v -0.53603 0.27349 0.05714
v -0.50206 0.26246 0.06857
v -0.46809 0.25142 0.08000
v -0.43413 0.24038 0.09143
v -0.40016 0.22935 0.10286
v -0.36620 0.21831 0.11429
v -0.33223 0.20727 0.12571
v -0.29826 0.19624 0.13714
v -0.26430 0.18520 0.14857
v -0.23033 0.17417 0.16000
v -0.19636 0.16313 0.17143
v -0.16240 0.15209 0.18286
v -0.12843 0.14106 0.19429
v -0.73038 0.32671 0.00000
v -0.69641 0.31567 0.01143
v -0.66245 0.30464 0.02286
v -0.62848 0.29360 0.03429
v -0.59451 0.28256 0.04571
v -0.56055 0.27153 0.05714
v -0.52658 0.26049 0.06857
v -0.49261 0.24945 0.08000
v -0.45865 0.23842 0.09143
v -0.42468 0.22738 0.10286
v -0.39072 0.21635 0.11429
v -0.35675 0.20531 0.12571
v -0.32278 0.19427 0.13714
v -0.28882 0.18324 0.14857
v -0.25485 0.17220 0.16000
v -0.22088 0.16116 0.17143
v -0.18692 0.15013 0.18286
v -0.15295 0.13909 0.19429
v -0.11899 0.12805 0.20571
v -0.75490 0.32474 0.00000
v -0.72093 0.31371 0.01143
v -0.68697 0.30267 0.02286
v -0.65300 0.29163 0.03429
v -0.61903 0.28060 0.04571
v -0.58507 0.26956 0.05714
v -0.55110 0.25852 0.06857
v -0.51713 0.24749 0.08000
v -0.48317 0.23645 0.09143
v -0.44920 0.22542 0.10286
v -0.41524 0.21438 0.11429
v -0.38127 0.20334 0.12571
v -0.34730 0.19231 0.13714
v -0.31334 0.18127 0.14857
v -0.27937 0.17023 0.16000
v -0.24540 0.15920 0.17143
v -0.21144 0.14816 0.18286
v -0.17747 0.13713 0.19429
v -0.14350 0.12609 0.20571
v -0.10954 0.11505 0.21714
v -0.77942 0.32278 0.00000
v -0.74545 0.31174 0.01143
v -0.71149 0.30070 0.02286
v -0.67752 0.28967 0.03429
v -0.64355 0.27863 0.04571
v -0.60959 0.26760 0.05714
v -0.57562 0.25656 0.06857
v -0.54165 0.24552 0.08000
v -0.50769 0.23449 0.09143
v -0.47372 0.22345 0.10286
v -0.43976 0.21241 0.11429
v -0.40579 0.20138 0.12571
v -0.37182 0.19034 0.13714
v -0.33786 0.17930 0.14857
v -0.30389 0.16827 0.16000
v -0.26992 0.15723 0.17143
v -0.23596 0.14620 0.18286
v -0.20199 0.13516 0.19429
v -0.16802 0.12412 0.20571
v -0.13406 0.11309 0.21714
v -0.10009 0.10205 0.22857
v -0.80394 0.32081 0.00000
v -0.76997 0.30978 0.01143
v -0.73601 0.29874 0.02286
v -0.70204 0.28770 0.03429
v -0.66807 0.27667 0.04571
v -0.63411 0.26563 0.05714
v -0.60014 0.25459 0.06857
v -0.56617 0.24356 0.08000
v -0.53221 0.23252 0.09143
v -0.49824 0.22148 0.10286
v -0.46427 0.21045 0.11429
v -0.43031 0.19941 0.12571
v -0.39634 0.18838 0.13714
v -0.36238 0.17734 0.14857
v -0.32841 0.16630 0.16000
v -0.29444 0.15527 0.17143
v -0.26048 0.14423 0.18286
v -0.22651 0.13319 0.19429
v -0.19254 0.12216 0.20571
v -0.15858 0.11112 0.21714
v -0.12461 0.10008 0.22857
v -0.09065 0.08905 0.24000
v -0.82846 0.31885 0.00000
v -0.79449 0.30781 0.01143
v -0.76053 0.29677 0.02286
v -0.72656 0.28574 0.03429
v -0.69259 0.27470 0.04571
v -0.65863 0.26366 0.05714
v -0.62466 0.25263 0.06857
v -0.59069 0.24159 0.08000
v -0.55673 0.23056 0.09143
v -0.52276 0.21952 0.10286
v -0.48879 0.20848 0.11429
v -0.45483 0.19745 0.12571
v -0.42086 0.18641 0.13714
v -0.38690 0.17537 0.14857
v -0.35293 0.16434 0.16000
v -0.31896 0.15330 0.17143
v -0.28500 0.14226 0.18286
v -0.25103 0.13123 0.19429
v -0.21706 0.12019 0.20571
v -0.18310 0.10916 0.21714
v -0.14913 0.09812 0.22857
v -0.11517 0.08708 0.24000
v -0.08120 0.07605 0.25143
v -0.85298 0.31688 0.00000
v -0.81901 0.30584 0.01143
v -0.78504 0.29481 0.02286
v -0.75108 0.28377 0.03429
v -0.71711 0.27273 0.04571
v -0.68315 0.26170 0.05714
v -0.64918 0.25066 0.06857
v -0.61521 0.23963 0.08000
v -0.58125 0.22859 0.09143
v -0.54728 0.21755 0.10286
v -0.51331 0.20652 0.11429
v -0.47935 0.19548 0.12571
v -0.44538 0.18444 0.13714
v -0.41142 0.17341 0.14857
v -0.37745 0.16237 0.16000
v -0.34348 0.15134 0.17143
v -0.30952 0.14030 0.18286
v -0.27555 0.12926 0.19429
v -0.24158 0.11823 0.20571
v -0.20762 0.10719 0.21714
v -0.17365 0.09615 0.22857
v -0.13969 0.08512 0.24000
v -0.10572 0.07408 0.25143
v -0.07175 0.06304 0.26286
v -0.87750 0.31491 0.00000
v -0.84353 0.30388 0.01143
v -0.80956 0.29284 0.02286
v -0.77560 0.28181 0.03429
v -0.74163 0.27077 0.04571
v -0.70767 0.25973 0.05714
v -0.67370 0.24870 0.06857
v -0.63973 0.23766 0.08000
v -0.60577 0.22662 0.09143
v -0.57180 0.21559 0.10286
v -0.53783 0.20455 0.11429
v -0.50387 0.19351 0.12571
v -0.46990 0.18248 0.13714
v -0.43594 0.17144 0.14857
v -0.40197 0.16041 0.16000
v -0.36800 0.14937 0.17143
v -0.33404 0.13833 0.18286
v -0.30007 0.12730 0.19429
v -0.26610 0.11626 0.20571
v -0.23214 0.10522 0.21714
v -0.19817 0.09419 0.22857
v -0.16420 0.08315 0.24000
v -0.13024 0.07212 0.25143
v -0.09627 0.06108 0.26286
v -0.06231 0.05004 0.27429
v -0.90202 0.31295 0.00000
v -0.86805 0.30191 0.01143
v -0.83408 0.29088 0.02286
v -0.80012 0.27984 0.03429
v -0.76615 0.26880 0.04571
v -0.73219 0.25777 0.05714
v -0.69822 0.24673 0.06857
v -0.66425 0.23569 0.08000
v -0.63029 0.22466 0.09143
v -0.59632 0.21362 0.10286
v -0.56235 0.20259 0.11429
v -0.52839 0.19155 0.12571
v -0.49442 0.18051 0.13714
v -0.46046 0.16948 0.14857
v -0.42649 0.15844 0.16000
v -0.39252 0.14740 0.17143
v -0.35856 0.13637 0.18286
v -0.32459 0.12533 0.19429
v -0.29062 0.11429 0.20571
v -0.25666 0.10326 0.21714
v -0.22269 0.09222 0.22857
v -0.18872 0.08119 0.24000
v -0.15476 0.07015 0.25143
v -0.12079 0.05911 0.26286
v -0.08683 0.04808 0.27429
v -0.05286 0.03704 0.28571
v -0.92654 0.31098 0.00000
v -0.89257 0.29995 0.01143
v -0.85860 0.28891 0.02286
v -0.82464 0.27787 0.03429
v -0.79067 0.26684 0.04571
v -0.75671 0.25580 0.05714
v -0.72274 0.24476 0.06857
v -0.68877 0.23373 0.08000
v -0.65481 0.22269 0.09143
v -0.62084 0.21166 0.10286
v -0.58687 0.20062 0.11429
v -0.55291 0.18958 0.12571
v -0.51894 0.17855 0.13714
v -0.48497 0.16751 0.14857
v -0.45101 0.15647 0.16000
v -0.41704 0.14544 0.17143
v -0.38308 0.13440 0.18286
v -0.34911 0.12337 0.19429
v -0.31514 0.11233 0.20571
v -0.28118 0.10129 0.21714
v -0.24721 0.09026 0.22857
v -0.21324 0.07922 0.24000
v -0.17928 0.06818 0.25143
v -0.14531 0.05715 0.26286
v -0.11135 0.04611 0.27429
v -0.07738 0.03507 0.28571
v -0.04341 0.02404 0.29714
v -0.95106 0.30902 0.00000
v -0.91709 0.29798 0.01143
v -0.88312 0.28694 0.02286
v -0.84916 0.27591 0.03429
v -0.81519 0.26487 0.04571
v -0.78122 0.25384 0.05714
v -0.74726 0.24280 0.06857
v -0.71329 0.23176 0.08000
v -0.67933 0.22073 0.09143
v -0.64536 0.20969 0.10286
v -0.61139 0.19865 0.11429
v -0.57743 0.18762 0.12571
v -0.54346 0.17658 0.13714
v -0.50949 0.16554 0.14857
v -0.47553 0.15451 0.16000
v -0.44156 0.14347 0.17143
v -0.40760 0.13244 0.18286
v -0.37363 0.12140 0.19429
v -0.33966 0.11036 0.20571
v -0.30570 0.09933 0.21714
v -0.27173 0.08829 0.22857
v -0.23776 0.07725 0.24000
v -0.20380 0.06622 0.25143
v -0.16983 0.05518 0.26286
v -0.13587 0.04415 0.27429
v -0.10190 0.03311 0.28571
v -0.06793 0.02207 0.29714
v -0.03397 0.01104 0.30857
v -0.91709 0.29798 -0.01143
v -0.89257 0.29995 -0.01143
v -0.88312 0.28694 -0.02286
v -0.86805 0.30191 -0.01143
v -0.85860 0.28891 -0.02286
v -0.84916 0.27591 -0.03429
v -0.84353 0.30388 -0.01143
v -0.83408 0.29088 -0.02286
v -0.82464 0.27787 -0.03429
v -0.81519 0.26487 -0.04571
v -0.81901 0.30584 -0.01143
v -0.80956 0.29284 -0.02286
v -0.80012 0.27984 -0.03429
v -0.79067 0.26684 -0.04571
v -0.78122 0.25384 -0.05714
v -0.79449 0.30781 -0.01143
v -0.78504 0.29481 -0.02286
v -0.77560 0.28181 -0.03429
v -0.76615 0.26880 -0.04571
v -0.75671 0.25580 -0.05714
v -0.74726 0.24280 -0.06857
v -0.76997 0.30978 -0.01143
v -0.76053 0.29677 -0.02286
v -0.75108 0.28377 -0.03429
v -0.74163 0.27077 -0.04571
v -0.73219 0.25777 -0.05714
v -0.72274 0.24476 -0.06857
v -0.71329 0.23176 -0.08000
v -0.74545 0.31174 -0.01143
v -0.73601 0.29874 -0.02286
v -0.72656 0.28574 -0.03429
v -0.71711 0.27273 -0.04571
v -0.70767 0.25973 -0.05714
v -0.69822 0.24673 -0.06857
v -0.68877 0.23373 -0.08000
v -0.67933 0.22073 -0.09143
v -0.72093 0.31371 -0.01143
v -0.71149 0.30070 -0.02286
v -0.70204 0.28770 -0.03429
v -0.69259 0.27470 -0.04571
v -0.68315 0.26170 -0.05714
v -0.67370 0.24870 -0.06857
v -0.66425 0.23569 -0.08000
v -0.65481 0.22269 -0.09143
v -0.64536 0.20969 -0.10286
v -0.69641 0.31567 -0.01143
v -0.68697 0.30267 -0.02286
v -0.67752 0.28967 -0.03429
v -0.66807 0.27667 -0.04571
v -0.65863 0.26366 -0.05714
v -0.64918 0.25066 -0.06857
v -0.63973 0.23766 -0.08000
v -0.63029 0.22466 -0.09143
v -0.62084 0.21166 -0.10286
v -0.61139 0.19865 -0.11429
v -0.67189 0.31764 -0.01143
v -0.66245 0.30464 -0.02286
v -0.65300 0.29163 -0.03429
v -0.64355 0.27863 -0.04571
v -0.63411 0.26563 -0.05714
v -0.62466 0.25263 -0.06857
v -0.61521 0.23963 -0.08000
v -0.60577 0.22662 -0.09143
v -0.59632 0.21362 -0.10286
v -0.58687 0.20062 -0.11429
v -0.57743 0.18762 -0.12571
v -0.64737 0.31960 -0.01143
v -0.63793 0.30660 -0.02286
v -0.62848 0.29360 -0.03429
v -0.61903 0.28060 -0.04571
v -0.60959 0.26760 -0.05714
v -0.60014 0.25459 -0.06857
v -0.59069 0.24159 -0.08000
v -0.58125 0.22859 -0.09143
v -0.57180 0.21559 -0.10286
v -0.56235 0.20259 -0.11429
v -0.55291 0.18958 -0.12571
v -0.54346 0.17658 -0.13714
v -0.62285 0.32157 -0.01143
v -0.61341 0.30857 -0.02286
v -0.60396 0.29557 -0.03429
v -0.59451 0.28256 -0.04571
v -0.58507 0.26956 -0.05714
v -0.57562 0.25656 -0.06857
v -0.56617 0.24356 -0.08000
v -0.55673 0.23056 -0.09143
v -0.54728 0.21755 -0.10286
v -0.53783 0.20455 -0.11429
v -0.52839 0.19155 -0.12571
v -0.51894 0.17855 -0.13714
v -0.50949 0.16554 -0.14857
v -0.59833 0.32354 -0.01143
v -0.58889 0.31053 -0.02286
v -0.57944 0.29753 -0.03429
v -0.56999 0.28453 -0.04571
v -0.56055 0.27153 -0.05714
v -0.55110 0.25852 -0.06857
v -0.54165 0.24552 -0.08000
v -0.53221 0.23252 -0.09143
v -0.52276 0.21952 -0.10286
v -0.51331 0.20652 -0.11429
v -0.50387 0.19351 -0.12571
v -0.49442 0.18051 -0.13714
v -0.48497 0.16751 -0.14857
v -0.47553 0.15451 -0.16000
v -0.57381 0.32550 -0.01143
v -0.56437 0.31250 -0.02286
v -0.55492 0.29950 -0.03429
v -0.54547 0.28649 -0.04571
v -0.53603 0.27349 -0.05714
v -0.52658 0.26049 -0.06857
v -0.51713 0.24749 -0.08000
v -0.50769 0.23449 -0.09143
v -0.49824 0.22148 -0.10286
v -0.48879 0.20848 -0.11429
v -0.47935 0.19548 -0.12571
v -0.46990 0.18248 -0.13714
v -0.46046 0.16948 -0.14857
v -0.45101 0.15647 -0.16000
v -0.44156 0.14347 -0.17143
v -0.54929 0.32747 -0.01143
v -0.53985 0.31446 -0.02286
v -0.53040 0.30146 -0.03429
v -0.52095 0.28846 -0.04571
v -0.51151 0.27546 -0.05714
v -0.50206 0.26246 -0.06857
v -0.49261 0.24945 -0.08000
v -0.48317 0.23645 -0.09143
v -0.47372 0.22345 -0.10286
v -0.46427 0.21045 -0.11429
v -0.45483 0.19745 -0.12571
v -0.44538 0.18444 -0.13714
v -0.43594 0.17144 -0.14857
v -0.42649 0.15844 -0.16000
v -0.41704 0.14544 -0.17143
v -0.40760 0.13244 -0.18286
v -0.52477 0.32943 -0.01143
v -0.51533 0.31643 -0.02286
v -0.50588 0.30343 -0.03429
v -0.49643 0.29043 -0.04571
v -0.48699 0.27742 -0.05714
v -0.47754 0.26442 -0.06857
v -0.46809 0.25142 -0.08000
v -0.45865 0.23842 -0.09143
v -0.44920 0.22542 -0.10286
v -0.43976 0.21241 -0.11429
v -0.43031 0.19941 -0.12571
v -0.42086 0.18641 -0.13714
v -0.41142 0.17341 -0.14857
v -0.40197 0.16041 -0.16000
v -0.39252 0.14740 -0.17143
v -0.38308 0.13440 -0.18286
v -0.37363 0.12140 -0.19429
v -0.50025 0.33140 -0.01143
v -0.49081 0.31840 -0.02286
v -0.48136 0.30539 -0.03429
v -0.47191 0.29239 -0.04571
v -0.46247 0.27939 -0.05714
v -0.45302 0.26639 -0.06857
v -0.44358 0.25339 -0.08000
v -0.43413 0.24038 -0.09143
v -0.42468 0.22738 -0.10286
v -0.41524 0.21438 -0.11429
v -0.40579 0.20138 -0.12571
v -0.39634 0.18838 -0.13714
v -0.38690 0.17537 -0.14857
v -0.37745 0.16237 -0.16000
v -0.36800 0.14937 -0.17143
v -0.35856 0.13637 -0.18286
v -0.34911 0.12337 -0.19429
v -0.33966 0.11036 -0.20571
v -0.47573 0.33336 -0.01143
v -0.46629 0.32036 -0.02286
v -0.45684 0.30736 -0.03429
v -0.44739 0.29436 -0.04571
v -0.43795 0.28136 -0.05714
v -0.42850 0.26835 -0.06857
v -0.41906 0.25535 -0.08000
v -0.40961 0.24235 -0.09143
v -0.40016 0.22935 -0.10286
v -0.39072 0.21635 -0.11429
v -0.38127 0.20334 -0.12571
v -0.37182 0.19034 -0.13714
v -0.36238 0.17734 -0.14857
v -0.35293 0.16434 -0.16000
v -0.34348 0.15134 -0.17143
v -0.33404 0.13833 -0.18286
v -0.32459 0.12533 -0.19429
v -0.31514 0.11233 -0.20571
v -0.30570 0.09933 -0.21714
v -0.45121 0.33533 -0.01143
v -0.44177 0.32233 -0.02286
v -0.43232 0.30933 -0.03429
v -0.42288 0.29632 -0.04571
v -0.41343 0.28332 -0.05714
v -0.40398 0.27032 -0.06857
v -0.39454 0.25732 -0.08000
v -0.38509 0.24432 -0.09143
v -0.37564 0.23131 -0.10286
v -0.36620 0.21831 -0.11429
v -0.35675 0.20531 -0.12571
v -0.34730 0.19231 -0.13714
v -0.33786 0.17930 -0.14857
v -0.32841 0.16630 -0.16000
v -0.31896 0.15330 -0.17143
v -0.30952 0.14030 -0.18286
v -0.30007 0.12730 -0.19429
v -0.29062 0.11429 -0.20571
v -0.28118 0.10129 -0.21714
v -0.27173 0.08829 -0.22857
v -0.42670 0.33730 -0.01143
v -0.41725 0.32429 -0.02286
v -0.40780 0.31129 -0.03429
v -0.39836 0.29829 -0.04571
v -0.38891 0.28529 -0.05714
v -0.37946 0.27229 -0.06857
v -0.37002 0.25928 -0.08000
v -0.36057 0.24628 -0.09143
v -0.35112 0.23328 -0.10286
v -0.34168 0.22028 -0.11429
v -0.33223 0.20727 -0.12571
v -0.32278 0.19427 -0.13714
v -0.31334 0.18127 -0.14857
v -0.30389 0.16827 -0.16000
v -0.29444 0.15527 -0.17143
v -0.28500 0.14226 -0.18286
v -0.27555 0.12926 -0.19429
v -0.26610 0.11626 -0.20571
v -0.25666 0.10326 -0.21714
v -0.24721 0.09026 -0.22857
v -0.23776 0.07725 -0.24000
v -0.40218 0.33926 -0.01143
v -0.39273 0.32626 -0.02286
v -0.38328 0.31326 -0.03429
v -0.37384 0.30025 -0.04571
v -0.36439 0.28725 -0.05714
v -0.35494 0.27425 -0.06857
v -0.34550 0.26125 -0.08000
v -0.33605 0.24825 -0.09143
v -0.32660 0.23524 -0.10286
v -0.31716 0.22224 -0.11429
v -0.30771 0.20924 -0.12571
v -0.29826 0.19624 -0.13714
v -0.28882 0.18324 -0.14857
v -0.27937 0.17023 -0.16000
v -0.26992 0.15723 -0.17143
v -0.26048 0.14423 -0.18286
v -0.25103 0.13123 -0.19429
v -0.24158 0.11823 -0.20571
v -0.23214 0.10522 -0.21714
v -0.22269 0.09222 -0.22857
v -0.21324 0.07922 -0.24000
v -0.20380 0.06622 -0.25143
v -0.37766 0.34123 -0.01143
v -0.36821 0.32822 -0.02286
v -0.35876 0.31522 -0.03429
v -0.34932 0.30222 -0.04571
v -0.33987 0.28922 -0.05714
v -0.33042 0.27622 -0.06857
v -0.32098 0.26321 -0.08000
v -0.31153 0.25021 -0.09143
v -0.30208 0.23721 -0.10286
v -0.29264 0.22421 -0.11429
v -0.28319 0.21121 -0.12571
v -0.27374 0.19820 -0.13714
v -0.26430 0.18520 -0.14857
v -0.25485 0.17220 -0.16000
v -0.24540 0.15920 -0.17143
v -0.23596 0.14620 -0.18286
v -0.22651 0.13319 -0.19429
v -0.21706 0.12019 -0.20571
v -0.20762 0.10719 -0.21714
v -0.19817 0.09419 -0.22857
v -0.18872 0.08119 -0.24000
v -0.17928 0.06818 -0.25143
v -0.16983 0.05518 -0.26286
v -0.35314 0.34319 -0.01143
v -0.34369 0.33019 -0.02286
v -0.33424 0.31719 -0.03429
v -0.32480 0.30419 -0.04571
v -0.31535 0.29118 -0.05714
v -0.30590 0.27818 -0.06857
v -0.29646 0.26518 -0.08000
v -0.28701 0.25218 -0.09143
v -0.27756 0.23918 -0.10286
v -0.26812 0.22617 -0.11429
v -0.25867 0.21317 -0.12571
v -0.24922 0.20017 -0.13714
v -0.23978 0.18717 -0.14857
v -0.23033 0.17417 -0.16000
v -0.22088 0.16116 -0.17143
v -0.21144 0.14816 -0.18286
v -0.20199 0.13516 -0.19429
v -0.19254 0.12216 -0.20571
v -0.18310 0.10916 -0.21714
v -0.17365 0.09615 -0.22857
v -0.16420 0.08315 -0.24000
v -0.15476 0.07015 -0.25143
v -0.14531 0.05715 -0.26286
v -0.13587 0.04415 -0.27429
v -0.32862 0.34516 -0.01143
v -0.31917 0.33216 -0.02286
v -0.30972 0.31915 -0.03429
v -0.30028 0.30615 -0.04571
v -0.29083 0.29315 -0.05714
v -0.28138 0.28015 -0.06857
v -0.27194 0.26715 -0.08000
v -0.26249 0.25414 -0.09143
v -0.25304 0.24114 -0.10286
v -0.24360 0.22814 -0.11429
v -0.23415 0.21514 -0.12571
v -0.22470 0.20214 -0.13714
v -0.21526 0.18913 -0.14857
v -0.20581 0.17613 -0.16000
v -0.19636 0.16313 -0.17143
v -0.18692 0.15013 -0.18286
v -0.17747 0.13713 -0.19429
v -0.16802 0.12412 -0.20571
v -0.15858 0.11112 -0.21714
v -0.14913 0.09812 -0.22857
v -0.13969 0.08512 -0.24000
v -0.13024 0.07212 -0.25143
v -0.12079 0.05911 -0.26286
v -0.11135 0.04611 -0.27429
v -0.10190 0.03311 -0.28571
v -0.30410 0.34712 -0.01143
v -0.29465 0.33412 -0.02286
v -0.28520 0.32112 -0.03429
v -0.27576 0.30812 -0.04571
v -0.26631 0.29512 -0.05714
v -0.25686 0.28211 -0.06857
v -0.24742 0.26911 -0.08000
v -0.23797 0.25611 -0.09143
v -0.22852 0.24311 -0.10286
v -0.21908 0.23011 -0.11429
v -0.20963 0.21710 -0.12571
v -0.20018 0.20410 -0.13714
v -0.19074 0.19110 -0.14857
v -0.18129 0.17810 -0.16000
v -0.17184 0.16510 -0.17143
v -0.16240 0.15209 -0.18286
v -0.15295 0.13909 -0.19429
v -0.14350 0.12609 -0.20571
v -0.13406 0.11309 -0.21714
v -0.12461 0.10008 -0.22857
v -0.11517 0.08708 -0.24000
v -0.10572 0.07408 -0.25143
v -0.09627 0.06108 -0.26286
v -0.08683 0.04808 -0.27429
v -0.07738 0.03507 -0.28571
v -0.06793 0.02207 -0.29714
v -0.27958 0.34909 -0.01143
v -0.27013 0.33609 -0.02286
v -0.26068 0.32309 -0.03429
v -0.25124 0.31008 -0.04571
v -0.24179 0.29708 -0.05714
v -0.23234 0.28408 -0.06857
v -0.22290 0.27108 -0.08000
v -0.21345 0.25808 -0.09143
v -0.20400 0.24507 -0.10286
v -0.19456 0.23207 -0.11429
v -0.18511 0.21907 -0.12571
v -0.17566 0.20607 -0.13714
v -0.16622 0.19307 -0.14857
v -0.15677 0.18006 -0.16000
v -0.14732 0.16706 -0.17143
v -0.13788 0.15406 -0.18286
v -0.12843 0.14106 -0.19429
v -0.11899 0.12805 -0.20571
v -0.10954 0.11505 -0.21714
v -0.10009 0.10205 -0.22857
v -0.09065 0.08905 -0.24000
v -0.08120 0.07605 -0.25143
v -0.07175 0.06304 -0.26286
v -0.06231 0.05004 -0.27429
v -0.05286 0.03704 -0.28571
v -0.04341 0.02404 -0.29714
v -0.03397 0.01104 -0.30857
v -0.93238 0.29301 0.00000
v -0.91369 0.27701 0.00000
v -0.89841 0.28198 0.01143
v -0.89501 0.26101 0.00000
v -0.87973 0.26598 0.01143
v -0.86444 0.27094 0.02286
v -0.87633 0.24501 0.00000
v -0.86105 0.24997 0.01143
v -0.84576 0.25494 0.02286
v -0.83048 0.25991 0.03429
v -0.85765 0.22900 0.00000
v -0.84236 0.23397 0.01143
v -0.82708 0.23894 0.02286
v -0.81179 0.24390 0.03429
v -0.79651 0.24887 0.04571
v -0.83897 0.21300 0.00000
v -0.82368 0.21797 0.01143
v -0.80840 0.22293 0.02286
v -0.79311 0.22790 0.03429
v -0.77783 0.23287 0.04571
v -0.76254 0.23783 0.05714
v -0.82029 0.19700 0.00000
v -0.80500 0.20196 0.01143
v -0.78972 0.20693 0.02286
v -0.77443 0.21190 0.03429
v -0.75915 0.21686 0.04571
v -0.74386 0.22183 0.05714
v -0.72858 0.22680 0.06857
v -0.80160 0.18100 0.00000
v -0.78632 0.18596 0.01143
v -0.77104 0.19093 0.02286
v -0.75575 0.19589 0.03429
v -0.74047 0.20086 0.04571
v -0.72518 0.20583 0.05714
v -0.70990 0.21079 0.06857
v -0.69461 0.21576 0.08000
v -0.78292 0.16499 0.00000
v -0.76764 0.16996 0.01143
v -0.75235 0.17493 0.02286
v -0.73707 0.17989 0.03429
v -0.72178 0.18486 0.04571
v -0.70650 0.18982 0.05714
v -0.69121 0.19479 0.06857
v -0.67593 0.19976 0.08000
v -0.66064 0.20472 0.09143
v -0.76424 0.14899 0.00000
v -0.74896 0.15396 0.01143
v -0.73367 0.15892 0.02286
v -0.71839 0.16389 0.03429
v -0.70310 0.16886 0.04571
v -0.68782 0.17382 0.05714
v -0.67253 0.17879 0.06857
v -0.65725 0.18375 0.08000
v -0.64196 0.18872 0.09143
v -0.62668 0.19369 0.10286
v -0.74556 0.13299 0.00000
v -0.73028 0.13795 0.01143
v -0.71499 0.14292 0.02286
v -0.69971 0.14789 0.03429
v -0.68442 0.15285 0.04571
v -0.66914 0.15782 0.05714
v -0.65385 0.16279 0.06857
v -0.63857 0.16775 0.08000
v -0.62328 0.17272 0.09143
v -0.60800 0.17768 0.10286
v -0.59271 0.18265 0.11429
v -0.72688 0.11699 0.00000
v -0.71159 0.12195 0.01143
v -0.69631 0.12692 0.02286
v -0.68102 0.13188 0.03429
v -0.66574 0.13685 0.04571
v -0.65045 0.14182 0.05714
v -0.63517 0.14678 0.06857
v -0.61989 0.15175 0.08000
v -0.60460 0.15672 0.09143
v -0.58932 0.16168 0.10286
v -0.57403 0.16665 0.11429
v -0.55875 0.17161 0.12571
v -0.70820 0.10098 0.00000
v -0.69291 0.10595 0.01143
v -0.67763 0.11092 0.02286
v -0.66234 0.11588 0.03429
v -0.64706 0.12085 0.04571
v -0.63177 0.12581 0.05714
v -0.61649 0.13078 0.06857
v -0.60120 0.13575 0.08000
v -0.58592 0.14071 0.09143
v -0.57063 0.14568 0.10286
v -0.55535 0.15065 0.11429
v -0.54006 0.15561 0.12571
v -0.52478 0.16058 0.13714
v -0.68952 0.08498 0.00000
v -0.67423 0.08995 0.01143
v -0.65895 0.09491 0.02286
v -0.64366 0.09988 0.03429
v -0.62838 0.10485 0.04571
v -0.61309 0.10981 0.05714
v -0.59781 0.11478 0.06857
v -0.58252 0.11974 0.08000
v -0.56724 0.12471 0.09143
v -0.55195 0.12968 0.10286
v -0.53667 0.13464 0.11429
v -0.52138 0.13961 0.12571
v -0.50610 0.14458 0.13714
v -0.49081 0.14954 0.14857
v -0.67083 0.06898 0.00000
v -0.65555 0.07394 0.01143
v -0.64026 0.07891 0.02286
v -0.62498 0.08388 0.03429
v -0.60970 0.08884 0.04571
v -0.59441 0.09381 0.05714
v -0.57913 0.09878 0.06857
v -0.56384 0.10374 0.08000
v -0.54856 0.10871 0.09143
v -0.53327 0.11367 0.10286
v -0.51799 0.11864 0.11429
v -0.50270 0.12361 0.12571
v -0.48742 0.12857 0.13714
v -0.47213 0.13354 0.14857
v -0.45685 0.13851 0.16000
v -0.65215 0.05297 0.00000
v -0.63687 0.05794 0.01143
v -0.62158 0.06291 0.02286
v -0.60630 0.06787 0.03429
v -0.59101 0.07284 0.04571
v -0.57573 0.07781 0.05714
v -0.56044 0.08277 0.06857
v -0.54516 0.08774 0.08000
v -0.52987 0.09271 0.09143
v -0.51459 0.09767 0.10286
v -0.49930 0.10264 0.11429
v -0.48402 0.10760 0.12571
v -0.46873 0.11257 0.13714
v -0.45345 0.11754 0.14857
v -0.43817 0.12250 0.16000
v -0.42288 0.12747 0.17143
v -0.63347 0.03697 0.00000
v -0.61819 0.04194 0.01143
v -0.60290 0.04690 0.02286
v -0.58762 0.05187 0.03429
v -0.57233 0.05684 0.04571
v -0.55705 0.06180 0.05714
v -0.54176 0.06677 0.06857
v -0.52648 0.07174 0.08000
v -0.51119 0.07670 0.09143
v -0.49591 0.08167 0.10286
v -0.48062 0.08664 0.11429
v -0.46534 0.09160 0.12571
v -0.45005 0.09657 0.13714
v -0.43477 0.10153 0.14857
v -0.41948 0.10650 0.16000
v -0.40420 0.11147 0.17143
v -0.38891 0.11643 0.18286
v -0.61479 0.02097 0.00000
v -0.59951 0.02594 0.01143
v -0.58422 0.03090 0.02286
v -0.56894 0.03587 0.03429
v -0.55365 0.04083 0.04571
v -0.53837 0.04580 0.05714
v -0.52308 0.05077 0.06857
v -0.50780 0.05573 0.08000
v -0.49251 0.06070 0.09143
v -0.47723 0.06567 0.10286
v -0.46194 0.07063 0.11429
v -0.44666 0.07560 0.12571
v -0.43137 0.08057 0.13714
v -0.41609 0.08553 0.14857
v -0.40080 0.09050 0.16000
v -0.38552 0.09546 0.17143
v -0.37023 0.10043 0.18286
v -0.35495 0.10540 0.19429
v -0.59611 0.00497 0.00000
v -0.58082 0.00993 0.01143
v -0.56554 0.01490 0.02286
v -0.55025 0.01987 0.03429
v -0.53497 0.02483 0.04571
v -0.51968 0.02980 0.05714
v -0.50440 0.03476 0.06857
v -0.48911 0.03973 0.08000
v -0.47383 0.04470 0.09143
v -0.45855 0.04966 0.10286
v -0.44326 0.05463 0.11429
v -0.42798 0.05960 0.12571
v -0.41269 0.06456 0.13714
v -0.39741 0.06953 0.14857
v -0.38212 0.07450 0.16000
v -0.36684 0.07946 0.17143
v -0.35155 0.08443 0.18286
v -0.33627 0.08939 0.19429
v -0.32098 0.09436 0.20571
v -0.57743 -0.01104 0.00000
v -0.56214 -0.00607 0.01143
v -0.54686 -0.00110 0.02286
v -0.53157 0.00386 0.03429
v -0.51629 0.00883 0.04571
v -0.50100 0.01380 0.05714
v -0.48572 0.01876 0.06857
v -0.47043 0.02373 0.08000
v -0.45515 0.02869 0.09143
v -0.43986 0.03366 0.10286
v -0.42458 0.03863 0.11429
v -0.40929 0.04359 0.12571
v -0.39401 0.04856 0.13714
v -0.37872 0.05353 0.14857
v -0.36344 0.05849 0.16000
v -0.34815 0.06346 0.17143
v -0.33287 0.06843 0.18286
v -0.31758 0.07339 0.19429
v -0.30230 0.07836 0.20571
v -0.28702 0.08332 0.21714
v -0.55875 -0.02704 0.00000
v -0.54346 -0.02207 0.01143
v -0.52818 -0.01711 0.02286
v -0.51289 -0.01214 0.03429
v -0.49761 -0.00717 0.04571
v -0.48232 -0.00221 0.05714
v -0.46704 0.00276 0.06857
v -0.45175 0.00773 0.08000
v -0.43647 0.01269 0.09143
v -0.42118 0.01766 0.10286
v -0.40590 0.02262 0.11429
v -0.39061 0.02759 0.12571
v -0.37533 0.03256 0.13714
v -0.36004 0.03752 0.14857
v -0.34476 0.04249 0.16000
v -0.32947 0.04746 0.17143
v -0.31419 0.05242 0.18286
v -0.29890 0.05739 0.19429
v -0.28362 0.06236 0.20571
v -0.26833 0.06732 0.21714
v -0.25305 0.07229 0.22857
v -0.54006 -0.04304 0.00000
v -0.52478 -0.03808 0.01143
v -0.50949 -0.03311 0.02286
v -0.49421 -0.02814 0.03429
v -0.47892 -0.02318 0.04571
v -0.46364 -0.01821 0.05714
v -0.44836 -0.01324 0.06857
v -0.43307 -0.00828 0.08000
v -0.41779 -0.00331 0.09143
v -0.40250 0.00166 0.10286
v -0.38722 0.00662 0.11429
v -0.37193 0.01159 0.12571
v -0.35665 0.01655 0.13714
v -0.34136 0.02152 0.14857
v -0.32608 0.02649 0.16000
v -0.31079 0.03145 0.17143
v -0.29551 0.03642 0.18286
v -0.28022 0.04139 0.19429
v -0.26494 0.04635 0.20571
v -0.24965 0.05132 0.21714
v -0.23437 0.05629 0.22857
v -0.21908 0.06125 0.24000
v -0.52138 -0.05904 0.00000
v -0.50610 -0.05408 0.01143
v -0.49081 -0.04911 0.02286
v -0.47553 -0.04415 0.03429
v -0.46024 -0.03918 0.04571
v -0.44496 -0.03421 0.05714
v -0.42967 -0.02925 0.06857
v -0.41439 -0.02428 0.08000
v -0.39910 -0.01931 0.09143
v -0.38382 -0.01435 0.10286
v -0.36853 -0.00938 0.11429
v -0.35325 -0.00441 0.12571
v -0.33796 0.00055 0.13714
v -0.32268 0.00552 0.14857
v -0.30740 0.01048 0.16000
v -0.29211 0.01545 0.17143
v -0.27683 0.02042 0.18286
v -0.26154 0.02538 0.19429
v -0.24626 0.03035 0.20571
v -0.23097 0.03532 0.21714
v -0.21569 0.04028 0.22857
v -0.20040 0.04525 0.24000
v -0.18512 0.05022 0.25143
v -0.50270 -0.07505 0.00000
v -0.48742 -0.07008 0.01143
v -0.47213 -0.06511 0.02286
v -0.45685 -0.06015 0.03429
v -0.44156 -0.05518 0.04571
v -0.42628 -0.05022 0.05714
v -0.41099 -0.04525 0.06857
v -0.39571 -0.04028 0.08000
v -0.38042 -0.03532 0.09143
v -0.36514 -0.03035 0.10286
v -0.34985 -0.02538 0.11429
v -0.33457 -0.02042 0.12571
v -0.31928 -0.01545 0.13714
v -0.30400 -0.01048 0.14857
v -0.28871 -0.00552 0.16000
v -0.27343 -0.00055 0.17143
v -0.25814 0.00441 0.18286
v -0.24286 0.00938 0.19429
v -0.22757 0.01435 0.20571
v -0.21229 0.01931 0.21714
v -0.19700 0.02428 0.22857
v -0.18172 0.02925 0.24000
v -0.16643 0.03421 0.25143
v -0.15115 0.03918 0.26286
v -0.48402 -0.09105 0.00000
v -0.46873 -0.08608 0.01143
v -0.45345 -0.08112 0.02286
v -0.43817 -0.07615 0.03429
v -0.42288 -0.07118 0.04571
v -0.40760 -0.06622 0.05714
v -0.39231 -0.06125 0.06857
v -0.37703 -0.05629 0.08000
v -0.36174 -0.05132 0.09143
v -0.34646 -0.04635 0.10286
v -0.33117 -0.04139 0.11429
v -0.31589 -0.03642 0.12571
v -0.30060 -0.03145 0.13714
v -0.28532 -0.02649 0.14857
v -0.27003 -0.02152 0.16000
v -0.25475 -0.01655 0.17143
v -0.23946 -0.01159 0.18286
v -0.22418 -0.00662 0.19429
v -0.20889 -0.00166 0.20571
v -0.19361 0.00331 0.21714
v -0.17832 0.00828 0.22857
v -0.16304 0.01324 0.24000
v -0.14775 0.01821 0.25143
v -0.13247 0.02318 0.26286
v -0.11718 0.02814 0.27429
v -0.46534 -0.10705 0.00000
v -0.45005 -0.10209 0.01143
v -0.43477 -0.09712 0.02286
v -0.41948 -0.09215 0.03429
v -0.40420 -0.08719 0.04571
v -0.38891 -0.08222 0.05714
v -0.37363 -0.07725 0.06857
v -0.35834 -0.07229 0.08000
v -0.34306 -0.06732 0.09143
v -0.32777 -0.06236 0.10286
v -0.31249 -0.05739 0.11429
v -0.29721 -0.05242 0.12571
v -0.28192 -0.04746 0.13714
v -0.26664 -0.04249 0.14857
v -0.25135 -0.03752 0.16000
v -0.23607 -0.03256 0.17143
v -0.22078 -0.02759 0.18286
v -0.20550 -0.02262 0.19429
v -0.19021 -0.01766 0.20571
v -0.17493 -0.01269 0.21714
v -0.15964 -0.00773 0.22857
v -0.14436 -0.00276 0.24000
v -0.12907 0.00221 0.25143
v -0.11379 0.00717 0.26286
v -0.09850 0.01214 0.27429
v -0.08322 0.01711 0.28571
v -0.44666 -0.12305 0.00000
v -0.43137 -0.11809 0.01143
v -0.41609 -0.11312 0.02286
v -0.40080 -0.10816 0.03429
v -0.38552 -0.10319 0.04571
v -0.37023 -0.09822 0.05714
v -0.35495 -0.09326 0.06857
v -0.33966 -0.08829 0.08000
v -0.32438 -0.08332 0.09143
v -0.30909 -0.07836 0.10286
v -0.29381 -0.07339 0.11429
v -0.27852 -0.06843 0.12571
v -0.26324 -0.06346 0.13714
v -0.24795 -0.05849 0.14857
v -0.23267 -0.05353 0.16000
v -0.21738 -0.04856 0.17143
v -0.20210 -0.04359 0.18286
v -0.18681 -0.03863 0.19429
v -0.17153 -0.03366 0.20571
v -0.15624 -0.02869 0.21714
v -0.14096 -0.02373 0.22857
v -0.12568 -0.01876 0.24000
v -0.11039 -0.01380 0.25143
v -0.09511 -0.00883 0.26286
v -0.07982 -0.00386 0.27429
v -0.06454 0.00110 0.28571
v -0.04925 0.00607 0.29714
v -0.42798 -0.13906 0.00000
v -0.41269 -0.13409 0.01143
v -0.39741 -0.12912 0.02286
v -0.38212 -0.12416 0.03429
v -0.36684 -0.11919 0.04571
v -0.35155 -0.11423 0.05714
v -0.33627 -0.10926 0.06857
v -0.32098 -0.10429 0.08000
v -0.30570 -0.09933 0.09143
v -0.29041 -0.09436 0.10286
v -0.27513 -0.08939 0.11429
v -0.25984 -0.08443 0.12571
v -0.24456 -0.07946 0.13714
v -0.22927 -0.07450 0.14857
v -0.21399 -0.06953 0.16000
v -0.19870 -0.06456 0.17143
v -0.18342 -0.05960 0.18286
v -0.16813 -0.05463 0.19429
v -0.15285 -0.04966 0.20571
v -0.13756 -0.04470 0.21714
v -0.12228 -0.03973 0.22857
v -0.10699 -0.03476 0.24000
v -0.09171 -0.02980 0.25143
v -0.07642 -0.02483 0.26286
v -0.06114 -0.01987 0.27429
v -0.04585 -0.01490 0.28571
v -0.03057 -0.00993 0.29714
v -0.01528 -0.00497 0.30857
v -0.41269 -0.13409 -0.01143
v -0.43137 -0.11809 -0.01143
v -0.39741 -0.12912 -0.02286
v -0.45005 -0.10209 -0.01143
v -0.41609 -0.11312 -0.02286
v -0.38212 -0.12416 -0.03429
v -0.46873 -0.08608 -0.01143
v -0.43477 -0.09712 -0.02286
v -0.40080 -0.10816 -0.03429
v -0.36684 -0.11919 -0.04571
v -0.48742 -0.07008 -0.01143
v -0.45345 -0.08112 -0.02286
v -0.41948 -0.09215 -0.03429
v -0.38552 -0.10319 -0.04571
v -0.35155 -0.11423 -0.05714
v -0.50610 -0.05408 -0.01143
v -0.47213 -0.06511 -0.02286
v -0.43817 -0.07615 -0.03429
v -0.40420 -0.08719 -0.04571
v -0.37023 -0.09822 -0.05714
v -0.33627 -0.10926 -0.06857
v -0.52478 -0.03808 -0.01143
v -0.49081 -0.04911 -0.02286
v -0.45685 -0.06015 -0.03429
v -0.42288 -0.07118 -0.04571
v -0.38891 -0.08222 -0.05714
v -0.35495 -0.09326 -0.06857
v -0.32098 -0.10429 -0.08000
v -0.54346 -0.02207 -0.01143
v -0.50949 -0.03311 -0.02286
v -0.47553 -0.04415 -0.03429
v -0.44156 -0.05518 -0.04571
v -0.40760 -0.06622 -0.05714
v -0.37363 -0.07725 -0.06857
v -0.33966 -0.08829 -0.08000
v -0.30570 -0.09933 -0.09143
v -0.56214 -0.00607 -0.01143
v -0.52818 -0.01711 -0.02286
v -0.49421 -0.02814 -0.03429
v -0.46024 -0.03918 -0.04571
v -0.42628 -0.05022 -0.05714
v -0.39231 -0.06125 -0.06857
v -0.35834 -0.07229 -0.08000
v -0.32438 -0.08332 -0.09143
v -0.29041 -0.09436 -0.10286
v -0.58082 0.00993 -0.01143
v -0.54686 -0.00110 -0.02286
v -0.51289 -0.01214 -0.03429
v -0.47892 -0.02318 -0.04571
v -0.44496 -0.03421 -0.05714
v -0.41099 -0.04525 -0.06857
v -0.37703 -0.05629 -0.08000
v -0.34306 -0.06732 -0.09143
v -0.30909 -0.07836 -0.10286
v -0.27513 -0.08939 -0.11429
v -0.59951 0.02594 -0.01143
v -0.56554 0.01490 -0.02286
v -0.53157 0.00386 -0.03429
v -0.49761 -0.00717 -0.04571
v -0.46364 -0.01821 -0.05714
v -0.42967 -0.02925 -0.06857
v -0.39571 -0.04028 -0.08000
v -0.36174 -0.05132 -0.09143
v -0.32777 -0.06236 -0.10286
v -0.29381 -0.07339 -0.11429
v -0.25984 -0.08443 -0.12571
v -0.61819 0.04194 -0.01143
v -0.58422 0.03090 -0.02286
v -0.55025 0.01987 -0.03429
v -0.51629 0.00883 -0.04571
v -0.48232 -0.00221 -0.05714
v -0.44836 -0.01324 -0.06857
v -0.41439 -0.02428 -0.08000
v -0.38042 -0.03532 -0.09143
v -0.34646 -0.04635 -0.10286
v -0.31249 -0.05739 -0.11429
v -0.27852 -0.06843 -0.12571
v -0.24456 -0.07946 -0.13714
v -0.63687 0.05794 -0.01143
v -0.60290 0.04690 -0.02286
v -0.56894 0.03587 -0.03429
v -0.53497 0.02483 -0.04571
v -0.50100 0.01380 -0.05714
v -0.46704 0.00276 -0.06857
v -0.43307 -0.00828 -0.08000
v -0.39910 -0.01931 -0.09143
v -0.36514 -0.03035 -0.10286
v -0.33117 -0.04139 -0.11429
v -0.29721 -0.05242 -0.12571
v -0.26324 -0.06346 -0.13714
v -0.22927 -0.07450 -0.14857
v -0.65555 0.07394 -0.01143
v -0.62158 0.06291 -0.02286
v -0.58762 0.05187 -0.03429
v -0.55365 0.04083 -0.04571
v -0.51968 0.02980 -0.05714
v -0.48572 0.01876 -0.06857
v -0.45175 0.00773 -0.08000
v -0.41779 -0.00331 -0.09143
v -0.38382 -0.01435 -0.10286
v -0.34985 -0.02538 -0.11429
v -0.31589 -0.03642 -0.12571
v -0.28192 -0.04746 -0.13714
v -0.24795 -0.05849 -0.14857
v -0.21399 -0.06953 -0.16000
v -0.67423 0.08995 -0.01143
v -0.64026 0.07891 -0.02286
v -0.60630 0.06787 -0.03429
v -0.57233 0.05684 -0.04571
v -0.53837 0.04580 -0.05714
v -0.50440 0.03476 -0.06857
v -0.47043 0.02373 -0.08000
v -0.43647 0.01269 -0.09143
v -0.40250 0.00166 -0.10286
v -0.36853 -0.00938 -0.11429
v -0.33457 -0.02042 -0.12571
v -0.30060 -0.03145 -0.13714
v -0.26664 -0.04249 -0.14857
v -0.23267 -0.05353 -0.16000
v -0.19870 -0.06456 -0.17143
v -0.69291 0.10595 -0.01143
v -0.65895 0.09491 -0.02286
v -0.62498 0.08388 -0.03429
v -0.59101 0.07284 -0.04571
v -0.55705 0.06180 -0.05714
v -0.52308 0.05077 -0.06857
v -0.48911 0.03973 -0.08000
v -0.45515 0.02869 -0.09143
v -0.42118 0.01766 -0.10286
v -0.38722 0.00662 -0.11429
v -0.35325 -0.00441 -0.12571
v -0.31928 -0.01545 -0.13714
v -0.28532 -0.02649 -0.14857
v -0.25135 -0.03752 -0.16000
v -0.21738 -0.04856 -0.17143
v -0.18342 -0.05960 -0.18286
v -0.71159 0.12195 -0.01143
v -0.67763 0.11092 -0.02286
v -0.64366 0.09988 -0.03429
v -0.60970 0.08884 -0.04571
v -0.57573 0.07781 -0.05714
v -0.54176 0.06677 -0.06857
v -0.50780 0.05573 -0.08000
v -0.47383 0.04470 -0.09143
v -0.43986 0.03366 -0.10286
v -0.40590 0.02262 -0.11429
v -0.37193 0.01159 -0.12571
v -0.33796 0.00055 -0.13714
v -0.30400 -0.01048 -0.14857
v -0.27003 -0.02152 -0.16000
v -0.23607 -0.03256 -0.17143
v -0.20210 -0.04359 -0.18286
v -0.16813 -0.05463 -0.19429
v -0.73028 0.13795 -0.01143
v -0.69631 0.12692 -0.02286
v -0.66234 0.11588 -0.03429
v -0.62838 0.10485 -0.04571
v -0.59441 0.09381 -0.05714
v -0.56044 0.08277 -0.06857
v -0.52648 0.07174 -0.08000
v -0.49251 0.06070 -0.09143
v -0.45855 0.04966 -0.10286
v -0.42458 0.03863 -0.11429
v -0.39061 0.02759 -0.12571
v -0.35665 0.01655 -0.13714
v -0.32268 0.00552 -0.14857
v -0.28871 -0.00552 -0.16000
v -0.25475 -0.01655 -0.17143
v -0.22078 -0.02759 -0.18286
v -0.18681 -0.03863 -0.19429
v -0.15285 -0.04966 -0.20571
v -0.74896 0.15396 -0.01143
v -0.71499 0.14292 -0.02286
v -0.68102 0.13188 -0.03429
v -0.64706 0.12085 -0.04571
v -0.61309 0.10981 -0.05714
v -0.57913 0.09878 -0.06857
v -0.54516 0.08774 -0.08000
v -0.51119 0.07670 -0.09143
v -0.47723 0.06567 -0.10286
v -0.44326 0.05463 -0.11429
v -0.40929 0.04359 -0.12571
v -0.37533 0.03256 -0.13714
v -0.34136 0.02152 -0.14857
v -0.30740 0.01048 -0.16000
v -0.27343 -0.00055 -0.17143
v -0.23946 -0.01159 -0.18286
v -0.20550 -0.02262 -0.19429
v -0.17153 -0.03366 -0.20571
v -0.13756 -0.04470 -0.21714
v -0.76764 0.16996 -0.01143
v -0.73367 0.15892 -0.02286
v -0.69971 0.14789 -0.03429
v -0.66574 0.13685 -0.04571
v -0.63177 0.12581 -0.05714
v -0.59781 0.11478 -0.06857
v -0.56384 0.10374 -0.08000
v -0.52987 0.09271 -0.09143
v -0.49591 0.08167 -0.10286
v -0.46194 0.07063 -0.11429
v -0.42798 0.05960 -0.12571
v -0.39401 0.04856 -0.13714
v -0.36004 0.03752 -0.14857
v -0.32608 0.02649 -0.16000
v -0.29211 0.01545 -0.17143
v -0.25814 0.00441 -0.18286
v -0.22418 -0.00662 -0.19429
v -0.19021 -0.01766 -0.20571
v -0.15624 -0.02869 -0.21714
v -0.12228 -0.03973 -0.22857
v -0.78632 0.18596 -0.01143
v -0.75235 0.17493 -0.02286
v -0.71839 0.16389 -0.03429
v -0.68442 0.15285 -0.04571
v -0.65045 0.14182 -0.05714
v -0.61649 0.13078 -0.06857
v -0.58252 0.11974 -0.08000
v -0.54856 0.10871 -0.09143
v -0.51459 0.09767 -0.10286
v -0.48062 0.08664 -0.11429
v -0.44666 0.07560 -0.12571
v -0.41269 0.06456 -0.13714
v -0.37872 0.05353 -0.14857
v -0.34476 0.04249 -0.16000
v -0.31079 0.03145 -0.17143
v -0.27683 0.02042 -0.18286
v -0.24286 0.00938 -0.19429
v -0.20889 -0.00166 -0.20571
v -0.17493 -0.01269 -0.21714
v -0.14096 -0.02373 -0.22857
v -0.10699 -0.03476 -0.24000
v -0.80500 0.20196 -0.01143
v -0.77104 0.19093 -0.02286
v -0.73707 0.17989 -0.03429
v -0.70310 0.16886 -0.04571
v -0.66914 0.15782 -0.05714
v -0.63517 0.14678 -0.06857
v -0.60120 0.13575 -0.08000
v -0.56724 0.12471 -0.09143
v -0.53327 0.11367 -0.10286
v -0.49930 0.10264 -0.11429
v -0.46534 0.09160 -0.12571
v -0.43137 0.08057 -0.13714
v -0.39741 0.06953 -0.14857
v -0.36344 0.05849 -0.16000
v -0.32947 0.04746 -0.17143
v -0.29551 0.03642 -0.18286
v -0.26154 0.02538 -0.19429
v -0.22757 0.01435 -0.20571
v -0.19361 0.00331 -0.21714
v -0.15964 -0.00773 -0.22857
v -0.12568 -0.01876 -0.24000
v -0.09171 -0.02980 -0.25143
v -0.82368 0.21797 -0.01143
v -0.78972 0.20693 -0.02286
v -0.75575 0.19589 -0.03429
v -0.72178 0.18486 -0.04571
v -0.68782 0.17382 -0.05714
v -0.65385 0.16279 -0.06857
v -0.61989 0.15175 -0.08000
v -0.58592 0.14071 -0.09143
v -0.55195 0.12968 -0.10286
v -0.51799 0.11864 -0.11429
v -0.48402 0.10760 -0.12571
v -0.45005 0.09657 -0.13714
v -0.41609 0.08553 -0.14857
v -0.38212 0.07450 -0.16000
v -0.34815 0.06346 -0.17143
v -0.31419 0.05242 -0.18286
v -0.28022 0.04139 -0.19429
v -0.24626 0.03035 -0.20571
v -0.21229 0.01931 -0.21714
v -0.17832 0.00828 -0.22857
v -0.14436 -0.00276 -0.24000
v -0.11039 -0.01380 -0.25143
v -0.07642 -0.02483 -0.26286
v -0.84236 0.23397 -0.01143
v -0.80840 0.22293 -0.02286
v -0.77443 0.21190 -0.03429
v -0.74047 0.20086 -0.04571
v -0.70650 0.18982 -0.05714
v -0.67253 0.17879 -0.06857
v -0.63857 0.16775 -0.08000
v -0.60460 0.15672 -0.09143
v -0.57063 0.14568 -0.10286
v -0.53667 0.13464 -0.11429
v -0.50270 0.12361 -0.12571
v -0.46873 0.11257 -0.13714
v -0.43477 0.10153 -0.14857
v -0.40080 0.09050 -0.16000
v -0.36684 0.07946 -0.17143
v -0.33287 0.06843 -0.18286
v -0.29890 0.05739 -0.19429
v -0.26494 0.04635 -0.20571
v -0.23097 0.03532 -0.21714
v -0.19700 0.02428 -0.22857
v -0.16304 0.01324 -0.24000
v -0.12907 0.00221 -0.25143
v -0.09511 -0.00883 -0.26286
v -0.06114 -0.01987 -0.27429
v -0.86105 0.24997 -0.01143
v -0.82708 0.23894 -0.02286
v -0.79311 0.22790 -0.03429
v -0.75915 0.21686 -0.04571
v -0.72518 0.20583 -0.05714
v -0.69121 0.19479 -0.06857
v -0.65725 0.18375 -0.08000
v -0.62328 0.17272 -0.09143
v -0.58932 0.16168 -0.10286
v -0.55535 0.15065 -0.11429
v -0.52138 0.13961 -0.12571
v -0.48742 0.12857 -0.13714
v -0.45345 0.11754 -0.14857
v -0.41948 0.10650 -0.16000
v -0.38552 0.09546 -0.17143
v -0.35155 0.08443 -0.18286
v -0.31758 0.07339 -0.19429
v -0.28362 0.06236 -0.20571
v -0.24965 0.05132 -0.21714
v -0.21569 0.04028 -0.22857
v -0.18172 0.02925 -0.24000
v -0.14775 0.01821 -0.25143
v -0.11379 0.00717 -0.26286
v -0.07982 -0.00386 -0.27429
v -0.04585 -0.01490 -0.28571
v -0.87973 0.26598 -0.01143
v -0.84576 0.25494 -0.02286
v -0.81179 0.24390 -0.03429
v -0.77783 0.23287 -0.04571
v -0.74386 0.22183 -0.05714
v -0.70990 0.21079 -0.06857
v -0.67593 0.19976 -0.08000
v -0.64196 0.18872 -0.09143
v -0.60800 0.17768 -0.10286
v -0.57403 0.16665 -0.11429
v -0.54006 0.15561 -0.12571
v -0.50610 0.14458 -0.13714
v -0.47213 0.13354 -0.14857
v -0.43817 0.12250 -0.16000
v -0.40420 0.11147 -0.17143
v -0.37023 0.10043 -0.18286
v -0.33627 0.08939 -0.19429
v -0.30230 0.07836 -0.20571
v -0.26833 0.06732 -0.21714
v -0.23437 0.05629 -0.22857
v -0.20040 0.04525 -0.24000
v -0.16643 0.03421 -0.25143
v -0.13247 0.02318 -0.26286
v -0.09850 0.01214 -0.27429
v -0.06454 0.00110 -0.28571
v -0.03057 -0.00993 -0.29714
v -0.89841 0.28198 -0.01143
v -0.86444 0.27094 -0.02286
v -0.83048 0.25991 -0.03429
v -0.79651 0.24887 -0.04571
v -0.76254 0.23783 -0.05714
v -0.72858 0.22680 -0.06857
v -0.69461 0.21576 -0.08000
v -0.66064 0.20472 -0.09143
v -0.62668 0.19369 -0.10286
v -0.59271 0.18265 -0.11429
v -0.55875 0.17161 -0.12571
v -0.52478 0.16058 -0.13714
v -0.49081 0.14954 -0.14857
v -0.45685 0.13851 -0.16000
v -0.42288 0.12747 -0.17143
v -0.38891 0.11643 -0.18286
v -0.35495 0.10540 -0.19429
v -0.32098 0.09436 -0.20571
v -0.28702 0.08332 -0.21714
v -0.25305 0.07229 -0.22857
v -0.21908 0.06125 -0.24000
v -0.18512 0.05022 -0.25143
v -0.15115 0.03918 -0.26286
v -0.11718 0.02814 -0.27429
v -0.08322 0.01711 -0.28571
v -0.04925 0.00607 -0.29714
v -0.01528 -0.00497 -0.30857
v -0.43368 -0.16298 0.00000
v -0.43939 -0.18691 0.00000
v -0.41840 -0.15802 0.01143
v -0.44510 -0.21084 0.00000
v -0.42411 -0.18195 0.01143
v -0.40311 -0.15305 0.02286
v -0.45081 -0.23477 0.00000
v -0.42981 -0.20587 0.01143
v -0.40882 -0.17698 0.02286
v -0.38783 -0.14809 0.03429
v -0.45651 -0.25869 0.00000
v -0.43552 -0.22980 0.01143
v -0.41453 -0.20091 0.02286
v -0.39354 -0.17201 0.03429
v -0.37254 -0.14312 0.04571
v -0.46222 -0.28262 0.00000
v -0.44123 -0.25373 0.01143
v -0.42024 -0.22483 0.02286
v -0.39924 -0.19594 0.03429
v -0.37825 -0.16705 0.04571
v -0.35726 -0.13815 0.05714
v -0.46793 -0.30655 0.00000
v -0.44694 -0.27765 0.01143
v -0.42594 -0.24876 0.02286
v -0.40495 -0.21987 0.03429
v -0.38396 -0.19097 0.04571
v -0.36297 -0.16208 0.05714
v -0.34197 -0.13319 0.06857
v -0.47364 -0.33047 0.00000
v -0.45264 -0.30158 0.01143
v -0.43165 -0.27269 0.02286
v -0.41066 -0.24379 0.03429
v -0.38967 -0.21490 0.04571
v -0.36867 -0.18601 0.05714
v -0.34768 -0.15711 0.06857
v -0.32669 -0.12822 0.08000
v -0.47934 -0.35440 0.00000
v -0.45835 -0.32551 0.01143
v -0.43736 -0.29661 0.02286
v -0.41637 -0.26772 0.03429
v -0.39537 -0.23883 0.04571
v -0.37438 -0.20993 0.05714
v -0.35339 -0.18104 0.06857
v -0.33240 -0.15215 0.08000
v -0.31140 -0.12325 0.09143
v -0.48505 -0.37833 0.00000
v -0.46406 -0.34944 0.01143
v -0.44307 -0.32054 0.02286
v -0.42207 -0.29165 0.03429
v -0.40108 -0.26275 0.04571
v -0.38009 -0.23386 0.05714
v -0.35910 -0.20497 0.06857
v -0.33810 -0.17607 0.08000
v -0.31711 -0.14718 0.09143
v -0.29612 -0.11829 0.10286
v -0.49076 -0.40226 0.00000
v -0.46977 -0.37336 0.01143
v -0.44877 -0.34447 0.02286
v -0.42778 -0.31558 0.03429
v -0.40679 -0.28668 0.04571
v -0.38580 -0.25779 0.05714
v -0.36480 -0.22890 0.06857
v -0.34381 -0.20000 0.08000
v -0.32282 -0.17111 0.09143
v -0.30183 -0.14221 0.10286
v -0.28083 -0.11332 0.11429
v -0.49647 -0.42618 0.00000
v -0.47547 -0.39729 0.01143
v -0.45448 -0.36840 0.02286
v -0.43349 -0.33950 0.03429
v -0.41250 -0.31061 0.04571
v -0.39150 -0.28172 0.05714
v -0.37051 -0.25282 0.06857
v -0.34952 -0.22393 0.08000
v -0.32853 -0.19504 0.09143
v -0.30753 -0.16614 0.10286
v -0.28654 -0.13725 0.11429
v -0.26555 -0.10835 0.12571
v -0.50217 -0.45011 0.00000
v -0.48118 -0.42122 0.01143
v -0.46019 -0.39232 0.02286
v -0.43920 -0.36343 0.03429
v -0.41820 -0.33454 0.04571
v -0.39721 -0.30564 0.05714
v -0.37622 -0.27675 0.06857
v -0.35523 -0.24786 0.08000
v -0.33423 -0.21896 0.09143
v -0.31324 -0.19007 0.10286
v -0.29225 -0.16118 0.11429
v -0.27126 -0.13228 0.12571
v -0.25026 -0.10339 0.13714
v -0.50788 -0.47404 0.00000
v -0.48689 -0.44514 0.01143
v -0.46590 -0.41625 0.02286
v -0.44490 -0.38736 0.03429
v -0.42391 -0.35846 0.04571
v -0.40292 -0.32957 0.05714
v -0.38193 -0.30068 0.06857
v -0.36093 -0.27178 0.08000
v -0.33994 -0.24289 0.09143
v -0.31895 -0.21400 0.10286
v -0.29796 -0.18510 0.11429
v -0.27696 -0.15621 0.12571
v -0.25597 -0.12732 0.13714
v -0.23498 -0.09842 0.14857
v -0.51359 -0.49796 0.00000
v -0.49260 -0.46907 0.01143
v -0.47160 -0.44018 0.02286
v -0.45061 -0.41128 0.03429
v -0.42962 -0.38239 0.04571
v -0.40863 -0.35350 0.05714
v -0.38763 -0.32460 0.06857
v -0.36664 -0.29571 0.08000
v -0.34565 -0.26682 0.09143
v -0.32466 -0.23792 0.10286
v -0.30366 -0.20903 0.11429
v -0.28267 -0.18014 0.12571
v -0.26168 -0.15124 0.13714
v -0.24069 -0.12235 0.14857
v -0.21970 -0.09346 0.16000
v -0.51930 -0.52189 0.00000
v -0.49830 -0.49300 0.01143
v -0.47731 -0.46410 0.02286
v -0.45632 -0.43521 0.03429
v -0.43533 -0.40632 0.04571
v -0.41433 -0.37742 0.05714
v -0.39334 -0.34853 0.06857
v -0.37235 -0.31964 0.08000
v -0.35136 -0.29074 0.09143
v -0.33036 -0.26185 0.10286
v -0.30937 -0.23296 0.11429
v -0.28838 -0.20406 0.12571
v -0.26739 -0.17517 0.13714
v -0.24640 -0.14628 0.14857
v -0.22540 -0.11738 0.16000
v -0.20441 -0.08849 0.17143
v -0.52500 -0.54582 0.00000
v -0.50401 -0.51693 0.01143
v -0.48302 -0.48803 0.02286
v -0.46203 -0.45914 0.03429
v -0.44103 -0.43024 0.04571
v -0.42004 -0.40135 0.05714
v -0.39905 -0.37246 0.06857
v -0.37806 -0.34356 0.08000
v -0.35706 -0.31467 0.09143
v -0.33607 -0.28578 0.10286
v -0.31508 -0.25688 0.11429
v -0.29409 -0.22799 0.12571
v -0.27309 -0.19910 0.13714
v -0.25210 -0.17020 0.14857
v -0.23111 -0.14131 0.16000
v -0.21012 -0.11242 0.17143
v -0.18913 -0.08352 0.18286
v -0.53071 -0.56975 0.00000
v -0.50972 -0.54085 0.01143
v -0.48873 -0.51196 0.02286
v -0.46773 -0.48307 0.03429
v -0.44674 -0.45417 0.04571
v -0.42575 -0.42528 0.05714
v -0.40476 -0.39639 0.06857
v -0.38376 -0.36749 0.08000
v -0.36277 -0.33860 0.09143
v -0.34178 -0.30970 0.10286
v -0.32079 -0.28081 0.11429
v -0.29979 -0.25192 0.12571
v -0.27880 -0.22302 0.13714
v -0.25781 -0.19413 0.14857
v -0.23682 -0.16524 0.16000
v -0.21583 -0.13634 0.17143
v -0.19483 -0.10745 0.18286
v -0.17384 -0.07856 0.19429
v -0.53642 -0.59367 0.00000
v -0.51543 -0.56478 0.01143
v -0.49443 -0.53589 0.02286
v -0.47344 -0.50699 0.03429
v -0.45245 -0.47810 0.04571
v -0.43146 -0.44921 0.05714
v -0.41046 -0.42031 0.06857
v -0.38947 -0.39142 0.08000
v -0.36848 -0.36253 0.09143
v -0.34749 -0.33363 0.10286
v -0.32649 -0.30474 0.11429
v -0.30550 -0.27584 0.12571
v -0.28451 -0.24695 0.13714
v -0.26352 -0.21806 0.14857
v -0.24253 -0.18916 0.16000
v -0.22153 -0.16027 0.17143
v -0.20054 -0.13138 0.18286
v -0.17955 -0.10248 0.19429
v -0.15856 -0.07359 0.20571
v -0.54213 -0.61760 0.00000
v -0.52113 -0.58871 0.01143
v -0.50014 -0.55981 0.02286
v -0.47915 -0.53092 0.03429
v -0.45816 -0.50203 0.04571
v -0.43716 -0.47313 0.05714
v -0.41617 -0.44424 0.06857
v -0.39518 -0.41535 0.08000
v -0.37419 -0.38645 0.09143
v -0.35319 -0.35756 0.10286
v -0.33220 -0.32867 0.11429
v -0.31121 -0.29977 0.12571
v -0.29022 -0.27088 0.13714
v -0.26923 -0.24199 0.14857
v -0.24823 -0.21309 0.16000
v -0.22724 -0.18420 0.17143
v -0.20625 -0.15530 0.18286
v -0.18526 -0.12641 0.19429
v -0.16426 -0.09752 0.20571
v -0.14327 -0.06862 0.21714
v -0.54783 -0.64153 0.00000
v -0.52684 -0.61263 0.01143
v -0.50585 -0.58374 0.02286
v -0.48486 -0.55485 0.03429
v -0.46386 -0.52595 0.04571
v -0.44287 -0.49706 0.05714
v -0.42188 -0.46817 0.06857
v -0.40089 -0.43927 0.08000
v -0.37989 -0.41038 0.09143
v -0.35890 -0.38149 0.10286
v -0.33791 -0.35259 0.11429
v -0.31692 -0.32370 0.12571
v -0.29592 -0.29481 0.13714
v -0.27493 -0.26591 0.14857
v -0.25394 -0.23702 0.16000
v -0.23295 -0.20813 0.17143
v -0.21196 -0.17923 0.18286
v -0.19096 -0.15034 0.19429
v -0.16997 -0.12144 0.20571
v -0.14898 -0.09255 0.21714
v -0.12799 -0.06366 0.22857
v -0.55354 -0.66545 0.00000
v -0.53255 -0.63656 0.01143
v -0.51156 -0.60767 0.02286
v -0.49056 -0.57877 0.03429
v -0.46957 -0.54988 0.04571
v -0.44858 -0.52099 0.05714
v -0.42759 -0.49209 0.06857
v -0.40659 -0.46320 0.08000
v -0.38560 -0.43431 0.09143
v -0.36461 -0.40541 0.10286
v -0.34362 -0.37652 0.11429
v -0.32262 -0.34763 0.12571
v -0.30163 -0.31873 0.13714
v -0.28064 -0.28984 0.14857
v -0.25965 -0.26095 0.16000
v -0.23866 -0.23205 0.17143
v -0.21766 -0.20316 0.18286
v -0.19667 -0.17427 0.19429
v -0.17568 -0.14537 0.20571
v -0.15469 -0.11648 0.21714
v -0.13369 -0.08758 0.22857
v -0.11270 -0.05869 0.24000
v -0.55925 -0.68938 0.00000
v -0.53826 -0.66049 0.01143
v -0.51726 -0.63159 0.02286
v -0.49627 -0.60270 0.03429
v -0.47528 -0.57381 0.04571
v -0.45429 -0.54491 0.05714
v -0.43329 -0.51602 0.06857
v -0.41230 -0.48713 0.08000
v -0.39131 -0.45823 0.09143
v -0.37032 -0.42934 0.10286
v -0.34932 -0.40045 0.11429
v -0.32833 -0.37155 0.12571
v -0.30734 -0.34266 0.13714
v -0.28635 -0.31377 0.14857
v -0.26536 -0.28487 0.16000
v -0.24436 -0.25598 0.17143
v -0.22337 -0.22709 0.18286
v -0.20238 -0.19819 0.19429
v -0.18139 -0.16930 0.20571
v -0.16039 -0.14041 0.21714
v -0.13940 -0.11151 0.22857
v -0.11841 -0.08262 0.24000
v -0.09742 -0.05373 0.25143
v -0.56496 -0.71331 0.00000
v -0.54396 -0.68442 0.01143
v -0.52297 -0.65552 0.02286
v -0.50198 -0.62663 0.03429
v -0.48099 -0.59773 0.04571
v -0.45999 -0.56884 0.05714
v -0.43900 -0.53995 0.06857
v -0.41801 -0.51105 0.08000
v -0.39702 -0.48216 0.09143
v -0.37602 -0.45327 0.10286
v -0.35503 -0.42437 0.11429
v -0.33404 -0.39548 0.12571
v -0.31305 -0.36659 0.13714
v -0.29205 -0.33769 0.14857
v -0.27106 -0.30880 0.16000
v -0.25007 -0.27991 0.17143
v -0.22908 -0.25101 0.18286
v -0.20809 -0.22212 0.19429
v -0.18709 -0.19323 0.20571
v -0.16610 -0.16433 0.21714
v -0.14511 -0.13544 0.22857
v -0.12412 -0.10655 0.24000
v -0.10312 -0.07765 0.25143
v -0.08213 -0.04876 0.26286
v -0.57066 -0.73724 0.00000
v -0.54967 -0.70834 0.01143
v -0.52868 -0.67945 0.02286
v -0.50769 -0.65056 0.03429
v -0.48669 -0.62166 0.04571
v -0.46570 -0.59277 0.05714
v -0.44471 -0.56387 0.06857
v -0.42372 -0.53498 0.08000
v -0.40272 -0.50609 0.09143
v -0.38173 -0.47719 0.10286
v -0.36074 -0.44830 0.11429
v -0.33975 -0.41941 0.12571
v -0.31875 -0.39051 0.13714
v -0.29776 -0.36162 0.14857
v -0.27677 -0.33273 0.16000
v -0.25578 -0.30383 0.17143
v -0.23479 -0.27494 0.18286
v -0.21379 -0.24605 0.19429
v -0.19280 -0.21715 0.20571
v -0.17181 -0.18826 0.21714
v -0.15082 -0.15937 0.22857
v -0.12982 -0.13047 0.24000
v -0.10883 -0.10158 0.25143
v -0.08784 -0.07269 0.26286
v -0.06685 -0.04379 0.27429
v -0.57637 -0.76116 0.00000
v -0.55538 -0.73227 0.01143
v -0.53439 -0.70338 0.02286
v -0.51339 -0.67448 0.03429
v -0.49240 -0.64559 0.04571
v -0.47141 -0.61670 0.05714
v -0.45042 -0.58780 0.06857
v -0.42942 -0.55891 0.08000
v -0.40843 -0.53002 0.09143
v -0.38744 -0.50112 0.10286
v -0.36645 -0.47223 0.11429
v -0.34545 -0.44333 0.12571
v -0.32446 -0.41444 0.13714
v -0.30347 -0.38555 0.14857
v -0.28248 -0.35665 0.16000
v -0.26149 -0.32776 0.17143
v -0.24049 -0.29887 0.18286
v -0.21950 -0.26997 0.19429
v -0.19851 -0.24108 0.20571
v -0.17752 -0.21219 0.21714
v -0.15652 -0.18329 0.22857
v -0.13553 -0.15440 0.24000
v -0.11454 -0.12551 0.25143
v -0.09355 -0.09661 0.26286
v -0.07255 -0.06772 0.27429
v -0.05156 -0.03883 0.28571
v -0.58208 -0.78509 0.00000
v -0.56109 -0.75620 0.01143
v -0.54009 -0.72730 0.02286
v -0.51910 -0.69841 0.03429
v -0.49811 -0.66952 0.04571
v -0.47712 -0.64062 0.05714
v -0.45612 -0.61173 0.06857
v -0.43513 -0.58284 0.08000
v -0.41414 -0.55394 0.09143
v -0.39315 -0.52505 0.10286
v -0.37215 -0.49616 0.11429
v -0.35116 -0.46726 0.12571
v -0.33017 -0.43837 0.13714
v -0.30918 -0.40947 0.14857
v -0.28819 -0.38058 0.16000
v -0.26719 -0.35169 0.17143
v -0.24620 -0.32279 0.18286
v -0.22521 -0.29390 0.19429
v -0.20422 -0.26501 0.20571
v -0.18322 -0.23611 0.21714
v -0.16223 -0.20722 0.22857
v -0.14124 -0.17833 0.24000
v -0.12025 -0.14943 0.25143
v -0.09925 -0.12054 0.26286
v -0.07826 -0.09165 0.27429
v -0.05727 -0.06275 0.28571
v -0.03628 -0.03386 0.29714
v -0.58779 -0.80902 0.00000
v -0.56679 -0.78012 0.01143
v -0.54580 -0.75123 0.02286
v -0.52481 -0.72234 0.03429
v -0.50382 -0.69344 0.04571
v -0.48282 -0.66455 0.05714
v -0.46183 -0.63566 0.06857
v -0.44084 -0.60676 0.08000
v -0.41985 -0.57787 0.09143
v -0.39885 -0.54898 0.10286
v -0.37786 -0.52008 0.11429
v -0.35687 -0.49119 0.12571
v -0.33588 -0.46230 0.13714
v -0.31488 -0.43340 0.14857
v -0.29389 -0.40451 0.16000
v -0.27290 -0.37562 0.17143
v -0.25191 -0.34672 0.18286
v -0.23092 -0.31783 0.19429
v -0.20992 -0.28893 0.20571
v -0.18893 -0.26004 0.21714
v -0.16794 -0.23115 0.22857
v -0.14695 -0.20225 0.24000
v -0.12595 -0.17336 0.25143
v -0.10496 -0.14447 0.26286
v -0.08397 -0.11557 0.27429
v -0.06298 -0.08668 0.28571
v -0.04198 -0.05779 0.29714
v -0.02099 -0.02889 0.30857
v -0.56679 -0.78012 -0.01143
v -0.56109 -0.75620 -0.01143
v -0.54580 -0.75123 -0.02286
v -0.55538 -0.73227 -0.01143
v -0.54009 -0.72730 -0.02286
v -0.52481 -0.72234 -0.03429
v -0.54967 -0.70834 -0.01143
v -0.53439 -0.70338 -0.02286
v -0.51910 -0.69841 -0.03429
v -0.50382 -0.69344 -0.04571
v -0.54396 -0.68442 -0.01143
v -0.52868 -0.67945 -0.02286
v -0.51339 -0.67448 -0.03429
v -0.49811 -0.66952 -0.04571
v -0.48282 -0.66455 -0.05714
v -0.53826 -0.66049 -0.01143
v -0.52297 -0.65552 -0.02286
v -0.50769 -0.65056 -0.03429
v -0.49240 -0.64559 -0.04571
v -0.47712 -0.64062 -0.05714
v -0.46183 -0.63566 -0.06857
v -0.53255 -0.63656 -0.01143
v -0.51726 -0.63159 -0.02286
v -0.50198 -0.62663 -0.03429
v -0.48669 -0.62166 -0.04571
v -0.47141 -0.61670 -0.05714
v -0.45612 -0.61173 -0.06857
v -0.44084 -0.60676 -0.08000
v -0.52684 -0.61263 -0.01143
v -0.51156 -0.60767 -0.02286
v -0.49627 -0.60270 -0.03429
v -0.48099 -0.59773 -0.04571
v -0.46570 -0.59277 -0.05714
v -0.45042 -0.58780 -0.06857
v -0.43513 -0.58284 -0.08000
v -0.41985 -0.57787 -0.09143
v -0.52113 -0.58871 -0.01143
v -0.50585 -0.58374 -0.02286
v -0.49056 -0.57877 -0.03429
v -0.47528 -0.57381 -0.04571
v -0.45999 -0.56884 -0.05714
v -0.44471 -0.56387 -0.06857
v -0.42942 -0.55891 -0.08000
v -0.41414 -0.55394 -0.09143
v -0.39885 -0.54898 -0.10286
v -0.51543 -0.56478 -0.01143
v -0.50014 -0.55981 -0.02286
v -0.48486 -0.55485 -0.03429
v -0.46957 -0.54988 -0.04571
v -0.45429 -0.54491 -0.05714
v -0.43900 -0.53995 -0.06857
v -0.42372 -0.53498 -0.08000
v -0.40843 -0.53002 -0.09143
v -0.39315 -0.52505 -0.10286
v -0.37786 -0.52008 -0.11429
v -0.50972 -0.54085 -0.01143
v -0.49443 -0.53589 -0.02286
v -0.47915 -0.53092 -0.03429
v -0.46386 -0.52595 -0.04571
v -0.44858 -0.52099 -0.05714
v -0.43329 -0.51602 -0.06857
v -0.41801 -0.51105 -0.08000
v -0.40272 -0.50609 -0.09143
v -0.38744 -0.50112 -0.10286
v -0.37215 -0.49616 -0.11429
v -0.35687 -0.49119 -0.12571
v -0.50401 -0.51693 -0.01143
v -0.48873 -0.51196 -0.02286
v -0.47344 -0.50699 -0.03429
v -0.45816 -0.50203 -0.04571
v -0.44287 -0.49706 -0.05714
v -0.42759 -0.49209 -0.06857
v -0.41230 -0.48713 -0.08000
v -0.39702 -0.48216 -0.09143
v -0.38173 -0.47719 -0.10286
v -0.36645 -0.47223 -0.11429
v -0.35116 -0.46726 -0.12571
v -0.33588 -0.46230 -0.13714
v -0.49830 -0.49300 -0.01143
v -0.48302 -0.48803 -0.02286
v -0.46773 -0.48307 -0.03429
v -0.45245 -0.47810 -0.04571
v -0.43716 -0.47313 -0.05714
v -0.42188 -0.46817 -0.06857
v -0.40659 -0.46320 -0.08000
v -0.39131 -0.45823 -0.09143
v -0.37602 -0.45327 -0.10286
v -0.36074 -0.44830 -0.11429
v -0.34545 -0.44333 -0.12571
v -0.33017 -0.43837 -0.13714
v -0.31488 -0.43340 -0.14857
v -0.49260 -0.46907 -0.01143
v -0.47731 -0.46410 -0.02286
v -0.46203 -0.45914 -0.03429
v -0.44674 -0.45417 -0.04571
v -0.43146 -0.44921 -0.05714
v -0.41617 -0.44424 -0.06857
v -0.40089 -0.43927 -0.08000
v -0.38560 -0.43431 -0.09143
v -0.37032 -0.42934 -0.10286
v -0.35503 -0.42437 -0.11429
v -0.33975 -0.41941 -0.12571
v -0.32446 -0.41444 -0.13714
v -0.30918 -0.40947 -0.14857
v -0.29389 -0.40451 -0.16000
v -0.48689 -0.44514 -0.01143
v -0.47160 -0.44018 -0.02286
v -0.45632 -0.43521 -0.03429
v -0.44103 -0.43024 -0.04571
v -0.42575 -0.42528 -0.05714
v -0.41046 -0.42031 -0.06857
v -0.39518 -0.41535 -0.08000
v -0.37989 -0.41038 -0.09143
v -0.36461 -0.40541 -0.10286
v -0.34932 -0.40045 -0.11429
v -0.33404 -0.39548 -0.12571
v -0.31875 -0.39051 -0.13714
v -0.30347 -0.38555 -0.14857
v -0.28819 -0.38058 -0.16000
v -0.27290 -0.37562 -0.17143
v -0.48118 -0.42122 -0.01143
v -0.46590 -0.41625 -0.02286
v -0.45061 -0.41128 -0.03429
v -0.43533 -0.40632 -0.04571
v -0.42004 -0.40135 -0.05714
v -0.40476 -0.39639 -0.06857
v -0.38947 -0.39142 -0.08000
v -0.37419 -0.38645 -0.09143
v -0.35890 -0.38149 -0.10286
v -0.34362 -0.37652 -0.11429
v -0.32833 -0.37155 -0.12571
v -0.31305 -0.36659 -0.13714
v -0.29776 -0.36162 -0.14857
v -0.28248 -0.35665 -0.16000
v -0.26719 -0.35169 -0.17143
v -0.25191 -0.34672 -0.18286
v -0.47547 -0.39729 -0.01143
v -0.46019 -0.39232 -0.02286
v -0.44490 -0.38736 -0.03429
v -0.42962 -0.38239 -0.04571
v -0.41433 -0.37742 -0.05714
v -0.39905 -0.37246 -0.06857
v -0.38376 -0.36749 -0.08000
v -0.36848 -0.36253 -0.09143
v -0.35319 -0.35756 -0.10286
v -0.33791 -0.35259 -0.11429
v -0.32262 -0.34763 -0.12571
v -0.30734 -0.34266 -0.13714
v -0.29205 -0.33769 -0.14857
v -0.27677 -0.33273 -0.16000
v -0.26149 -0.32776 -0.17143
v -0.24620 -0.32279 -0.18286
v -0.23092 -0.31783 -0.19429
v -0.46977 -0.37336 -0.01143
v -0.45448 -0.36840 -0.02286
v -0.43920 -0.36343 -0.03429
v -0.42391 -0.35846 -0.04571
v -0.40863 -0.35350 -0.05714
v -0.39334 -0.34853 -0.06857
v -0.37806 -0.34356 -0.08000
v -0.36277 -0.33860 -0.09143
v -0.34749 -0.33363 -0.10286
v -0.33220 -0.32867 -0.11429
v -0.31692 -0.32370 -0.12571
v -0.30163 -0.31873 -0.13714
v -0.28635 -0.31377 -0.14857
v -0.27106 -0.30880 -0.16000
v -0.25578 -0.30383 -0.17143
v -0.24049 -0.29887 -0.18286
v -0.22521 -0.29390 -0.19429
v -0.20992 -0.28893 -0.20571
v -0.46406 -0.34944 -0.01143
v -0.44877 -0.34447 -0.02286
v -0.43349 -0.33950 -0.03429
v -0.41820 -0.33454 -0.04571
v -0.40292 -0.32957 -0.05714
v -0.38763 -0.32460 -0.06857
v -0.37235 -0.31964 -0.08000
v -0.35706 -0.31467 -0.09143
v -0.34178 -0.30970 -0.10286
v -0.32649 -0.30474 -0.11429
v -0.31121 -0.29977 -0.12571
v -0.29592 -0.29481 -0.13714
v -0.28064 -0.28984 -0.14857
v -0.26536 -0.28487 -0.16000
v -0.25007 -0.27991 -0.17143
v -0.23479 -0.27494 -0.18286
v -0.21950 -0.26997 -0.19429
v -0.20422 -0.26501 -0.20571
v -0.18893 -0.26004 -0.21714
v -0.45835 -0.32551 -0.01143
v -0.44307 -0.32054 -0.02286
v -0.42778 -0.31558 -0.03429
v -0.41250 -0.31061 -0.04571
v -0.39721 -0.30564 -0.05714
v -0.38193 -0.30068 -0.06857
v -0.36664 -0.29571 -0.08000
v -0.35136 -0.29074 -0.09143
v -0.33607 -0.28578 -0.10286
v -0.32079 -0.28081 -0.11429
v -0.30550 -0.27584 -0.12571
v -0.29022 -0.27088 -0.13714
v -0.27493 -0.26591 -0.14857
v -0.25965 -0.26095 -0.16000
v -0.24436 -0.25598 -0.17143
v -0.22908 -0.25101 -0.18286
v -0.21379 -0.24605 -0.19429
v -0.19851 -0.24108 -0.20571
v -0.18322 -0.23611 -0.21714
v -0.16794 -0.23115 -0.22857
v -0.45264 -0.30158 -0.01143
v -0.43736 -0.29661 -0.02286
v -0.42207 -0.29165 -0.03429
v -0.40679 -0.28668 -0.04571
v -0.39150 -0.28172 -0.05714
v -0.37622 -0.27675 -0.06857
v -0.36093 -0.27178 -0.08000
v -0.34565 -0.26682 -0.09143
v -0.33036 -0.26185 -0.10286
v -0.31508 -0.25688 -0.11429
v -0.29979 -0.25192 -0.12571
v -0.28451 -0.24695 -0.13714
v -0.26923 -0.24199 -0.14857
v -0.25394 -0.23702 -0.16000
v -0.23866 -0.23205 -0.17143
v -0.22337 -0.22709 -0.18286
v -0.20809 -0.22212 -0.19429
v -0.19280 -0.21715 -0.20571
v -0.17752 -0.21219 -0.21714
v -0.16223 -0.20722 -0.22857
v -0.14695 -0.20225 -0.24000
v -0.44694 -0.27765 -0.01143
v -0.43165 -0.27269 -0.02286
v -0.41637 -0.26772 -0.03429
v -0.40108 -0.26275 -0.04571
v -0.38580 -0.25779 -0.05714
v -0.37051 -0.25282 -0.06857
v -0.35523 -0.24786 -0.08000
v -0.33994 -0.24289 -0.09143
v -0.32466 -0.23792 -0.10286
v -0.30937 -0.23296 -0.11429
v -0.29409 -0.22799 -0.12571
v -0.27880 -0.22302 -0.13714
v -0.26352 -0.21806 -0.14857
v -0.24823 -0.21309 -0.16000
v -0.23295 -0.20813 -0.17143
v -0.21766 -0.20316 -0.18286
v -0.20238 -0.19819 -0.19429
v -0.18709 -0.19323 -0.20571
v -0.17181 -0.18826 -0.21714
v -0.15652 -0.18329 -0.22857
v -0.14124 -0.17833 -0.24000
v -0.12595 -0.17336 -0.25143
v -0.44123 -0.25373 -0.01143
v -0.42594 -0.24876 -0.02286
v -0.41066 -0.24379 -0.03429
v -0.39537 -0.23883 -0.04571
v -0.38009 -0.23386 -0.05714
v -0.36480 -0.22890 -0.06857
v -0.34952 -0.22393 -0.08000
v -0.33423 -0.21896 -0.09143
v -0.31895 -0.21400 -0.10286
v -0.30366 -0.20903 -0.11429
v -0.28838 -0.20406 -0.12571
v -0.27309 -0.19910 -0.13714
v -0.25781 -0.19413 -0.14857
v -0.24253 -0.18916 -0.16000
v -0.22724 -0.18420 -0.17143
v -0.21196 -0.17923 -0.18286
v -0.19667 -0.17427 -0.19429
v -0.18139 -0.16930 -0.20571
v -0.16610 -0.16433 -0.21714
v -0.15082 -0.15937 -0.22857
v -0.13553 -0.15440 -0.24000
v -0.12025 -0.14943 -0.25143
v -0.10496 -0.14447 -0.26286
v -0.43552 -0.22980 -0.01143
v -0.42024 -0.22483 -0.02286
v -0.40495 -0.21987 -0.03429
v -0.38967 -0.21490 -0.04571
v -0.37438 -0.20993 -0.05714
v -0.35910 -0.20497 -0.06857
v -0.34381 -0.20000 -0.08000
v -0.32853 -0.19504 -0.09143
v -0.31324 -0.19007 -0.10286
v -0.29796 -0.18510 -0.11429
v -0.28267 -0.18014 -0.12571
v -0.26739 -0.17517 -0.13714
v -0.25210 -0.17020 -0.14857
v -0.23682 -0.16524 -0.16000
v -0.22153 -0.16027 -0.17143
v -0.20625 -0.15530 -0.18286
v -0.19096 -0.15034 -0.19429
v -0.17568 -0.14537 -0.20571
v -0.16039 -0.14041 -0.21714
v -0.14511 -0.13544 -0.22857
v -0.12982 -0.13047 -0.24000
v -0.11454 -0.12551 -0.25143
v -0.09925 -0.12054 -0.26286
v -0.08397 -0.11557 -0.27429
v -0.42981 -0.20587 -0.01143
v -0.41453 -0.20091 -0.02286
v -0.39924 -0.19594 -0.03429
v -0.38396 -0.19097 -0.04571
v -0.36867 -0.18601 -0.05714
v -0.35339 -0.18104 -0.06857
v -0.33810 -0.17607 -0.08000
v -0.32282 -0.17111 -0.09143
v -0.30753 -0.16614 -0.10286
v -0.29225 -0.16118 -0.11429
v -0.27696 -0.15621 -0.12571
v -0.26168 -0.15124 -0.13714
v -0.24640 -0.14628 -0.14857
v -0.23111 -0.14131 -0.16000
v -0.21583 -0.13634 -0.17143
v -0.20054 -0.13138 -0.18286
v -0.18526 -0.12641 -0.19429
v -0.16997 -0.12144 -0.20571
v -0.15469 -0.11648 -0.21714
v -0.13940 -0.11151 -0.22857
v -0.12412 -0.10655 -0.24000
v -0.10883 -0.10158 -0.25143
v -0.09355 -0.09661 -0.26286
v -0.07826 -0.09165 -0.27429
v -0.06298 -0.08668 -0.28571
v -0.42411 -0.18195 -0.01143
v -0.40882 -0.17698 -0.02286
v -0.39354 -0.17201 -0.03429
v -0.37825 -0.16705 -0.04571
v -0.36297 -0.16208 -0.05714
v -0.34768 -0.15711 -0.06857
v -0.33240 -0.15215 -0.08000
v -0.31711 -0.14718 -0.09143
v -0.30183 -0.14221 -0.10286
v -0.28654 -0.13725 -0.11429
v -0.27126 -0.13228 -0.12571
v -0.25597 -0.12732 -0.13714
v -0.24069 -0.12235 -0.14857
v -0.22540 -0.11738 -0.16000
v -0.21012 -0.11242 -0.17143
v -0.19483 -0.10745 -0.18286
v -0.17955 -0.10248 -0.19429
v -0.16426 -0.09752 -0.20571
v -0.14898 -0.09255 -0.21714
v -0.13369 -0.08758 -0.22857
v -0.11841 -0.08262 -0.24000
v -0.10312 -0.07765 -0.25143
v -0.08784 -0.07269 -0.26286
v -0.07255 -0.06772 -0.27429
v -0.05727 -0.06275 -0.28571
v -0.04198 -0.05779 -0.29714
v -0.41840 -0.15802 -0.01143
v -0.40311 -0.15305 -0.02286
v -0.38783 -0.14809 -0.03429
v -0.37254 -0.14312 -0.04571
v -0.35726 -0.13815 -0.05714
v -0.34197 -0.13319 -0.06857
v -0.32669 -0.12822 -0.08000
v -0.31140 -0.12325 -0.09143
v -0.29612 -0.11829 -0.10286
v -0.28083 -0.11332 -0.11429
v -0.26555 -0.10835 -0.12571
v -0.25026 -0.10339 -0.13714
v -0.23498 -0.09842 -0.14857
v -0.21970 -0.09346 -0.16000
v -0.20441 -0.08849 -0.17143
v -0.18913 -0.08352 -0.18286
v -0.17384 -0.07856 -0.19429
v -0.15856 -0.07359 -0.20571
v -0.14327 -0.06862 -0.21714
v -0.12799 -0.06366 -0.22857
v -0.11270 -0.05869 -0.24000
v -0.09742 -0.05373 -0.25143
v -0.08213 -0.04876 -0.26286
v -0.06685 -0.04379 -0.27429
v -0.05156 -0.03883 -0.28571
v -0.03628 -0.03386 -0.29714
v -0.02099 -0.02889 -0.30857
v -0.56679 -0.79619 0.00000
v -0.54580 -0.78337 0.00000
v -0.54580 -0.76730 0.01143
v -0.52481 -0.77055 0.00000
v -0.52481 -0.75448 0.01143
v -0.52481 -0.73841 0.02286
v -0.50382 -0.75773 0.00000
v -0.50382 -0.74166 0.01143
v -0.50382 -0.72559 0.02286
v -0.50382 -0.70951 0.03429
v -0.48282 -0.74491 0.00000
v -0.48282 -0.72884 0.01143
v -0.48282 -0.71276 0.02286
v -0.48282 -0.69669 0.03429
v -0.48282 -0.68062 0.04571
v -0.46183 -0.73208 0.00000
v -0.46183 -0.71601 0.01143
v -0.46183 -0.69994 0.02286
v -0.46183 -0.68387 0.03429
v -0.46183 -0.66780 0.04571
v -0.46183 -0.65173 0.05714
v -0.44084 -0.71926 0.00000
v -0.44084 -0.70319 0.01143
v -0.44084 -0.68712 0.02286
v -0.44084 -0.67105 0.03429
v -0.44084 -0.65498 0.04571
v -0.44084 -0.63891 0.05714
v -0.44084 -0.62283 0.06857
v -0.41985 -0.70644 0.00000
v -0.41985 -0.69037 0.01143
v -0.41985 -0.67430 0.02286
v -0.41985 -0.65823 0.03429
v -0.41985 -0.64215 0.04571
v -0.41985 -0.62608 0.05714
v -0.41985 -0.61001 0.06857
v -0.41985 -0.59394 0.08000
v -0.39885 -0.69362 0.00000
v -0.39885 -0.67755 0.01143
v -0.39885 -0.66148 0.02286
v -0.39885 -0.64540 0.03429
v -0.39885 -0.62933 0.04571
v -0.39885 -0.61326 0.05714
v -0.39885 -0.59719 0.06857
v -0.39885 -0.58112 0.08000
v -0.39885 -0.56505 0.09143
v -0.37786 -0.68080 0.00000
v -0.37786 -0.66473 0.01143
v -0.37786 -0.64865 0.02286
v -0.37786 -0.63258 0.03429
v -0.37786 -0.61651 0.04571
v -0.37786 -0.60044 0.05714
v -0.37786 -0.58437 0.06857
v -0.37786 -0.56830 0.08000
v -0.37786 -0.55223 0.09143
v -0.37786 -0.53615 0.10286
v -0.35687 -0.66797 0.00000
v -0.35687 -0.65190 0.01143
v -0.35687 -0.63583 0.02286
v -0.35687 -0.61976 0.03429
v -0.35687 -0.60369 0.04571
v -0.35687 -0.58762 0.05714
v -0.35687 -0.57155 0.06857
v -0.35687 -0.55547 0.08000
v -0.35687 -0.53940 0.09143
v -0.35687 -0.52333 0.10286
v -0.35687 -0.50726 0.11429
v -0.33588 -0.65515 0.00000
v -0.33588 -0.63908 0.01143
v -0.33588 -0.62301 0.02286
v -0.33588 -0.60694 0.03429
v -0.33588 -0.59087 0.04571
v -0.33588 -0.57480 0.05714
v -0.33588 -0.55872 0.06857
v -0.33588 -0.54265 0.08000
v -0.33588 -0.52658 0.09143
v -0.33588 -0.51051 0.10286
v -0.33588 -0.49444 0.11429
v -0.33588 -0.47837 0.12571
v -0.31488 -0.64233 0.00000
v -0.31488 -0.62626 0.01143
v -0.31488 -0.61019 0.02286
v -0.31488 -0.59412 0.03429
v -0.31488 -0.57804 0.04571
v -0.31488 -0.56197 0.05714
v -0.31488 -0.54590 0.06857
v -0.31488 -0.52983 0.08000
v -0.31488 -0.51376 0.09143
v -0.31488 -0.49769 0.10286
v -0.31488 -0.48162 0.11429
v -0.31488 -0.46554 0.12571
v -0.31488 -0.44947 0.13714
v -0.29389 -0.62951 0.00000
v -0.29389 -0.61344 0.01143
v -0.29389 -0.59737 0.02286
v -0.29389 -0.58129 0.03429
v -0.29389 -0.56522 0.04571
v -0.29389 -0.54915 0.05714
v -0.29389 -0.53308 0.06857
v -0.29389 -0.51701 0.08000
v -0.29389 -0.50094 0.09143
v -0.29389 -0.48487 0.10286
v -0.29389 -0.46879 0.11429
v -0.29389 -0.45272 0.12571
v -0.29389 -0.43665 0.13714
v -0.29389 -0.42058 0.14857
v -0.27290 -0.61669 0.00000
v -0.27290 -0.60062 0.01143
v -0.27290 -0.58454 0.02286
v -0.27290 -0.56847 0.03429
v -0.27290 -0.55240 0.04571
v -0.27290 -0.53633 0.05714
v -0.27290 -0.52026 0.06857
v -0.27290 -0.50419 0.08000
v -0.27290 -0.48812 0.09143
v -0.27290 -0.47204 0.10286
v -0.27290 -0.45597 0.11429
v -0.27290 -0.43990 0.12571
v -0.27290 -0.42383 0.13714
v -0.27290 -0.40776 0.14857
v -0.27290 -0.39169 0.16000
v -0.25191 -0.60386 0.00000
v -0.25191 -0.58779 0.01143
v -0.25191 -0.57172 0.02286
v -0.25191 -0.55565 0.03429
v -0.25191 -0.53958 0.04571
v -0.25191 -0.52351 0.05714
v -0.25191 -0.50744 0.06857
v -0.25191 -0.49136 0.08000
v -0.25191 -0.47529 0.09143
v -0.25191 -0.45922 0.10286
v -0.25191 -0.44315 0.11429
v -0.25191 -0.42708 0.12571
v -0.25191 -0.41101 0.13714
v -0.25191 -0.39494 0.14857
v -0.25191 -0.37886 0.16000
v -0.25191 -0.36279 0.17143
v -0.23092 -0.59104 0.00000
v -0.23092 -0.57497 0.01143
v -0.23092 -0.55890 0.02286
v -0.23092 -0.54283 0.03429
v -0.23092 -0.52676 0.04571
v -0.23092 -0.51069 0.05714
v -0.23092 -0.49461 0.06857
v -0.23092 -0.47854 0.08000
v -0.23092 -0.46247 0.09143
v -0.23092 -0.44640 0.10286
v -0.23092 -0.43033 0.11429
v -0.23092 -0.41426 0.12571
v -0.23092 -0.39819 0.13714
v -0.23092 -0.38211 0.14857
v -0.23092 -0.36604 0.16000
v -0.23092 -0.34997 0.17143
v -0.23092 -0.33390 0.18286
v -0.20992 -0.57822 0.00000
v -0.20992 -0.56215 0.01143
v -0.20992 -0.54608 0.02286
v -0.20992 -0.53001 0.03429
v -0.20992 -0.51393 0.04571
v -0.20992 -0.49786 0.05714
v -0.20992 -0.48179 0.06857
v -0.20992 -0.46572 0.08000
v -0.20992 -0.44965 0.09143
v -0.20992 -0.43358 0.10286
v -0.20992 -0.41751 0.11429
v -0.20992 -0.40143 0.12571
v -0.20992 -0.38536 0.13714
v -0.20992 -0.36929 0.14857
v -0.20992 -0.35322 0.16000
v -0.20992 -0.33715 0.17143
v -0.20992 -0.32108 0.18286
v -0.20992 -0.30501 0.19429
v -0.18893 -0.56540 0.00000
v -0.18893 -0.54933 0.01143
v -0.18893 -0.53326 0.02286
v -0.18893 -0.51718 0.03429
v -0.18893 -0.50111 0.04571
v -0.18893 -0.48504 0.05714
v -0.18893 -0.46897 0.06857
v -0.18893 -0.45290 0.08000
v -0.18893 -0.43683 0.09143
v -0.18893 -0.42076 0.10286
v -0.18893 -0.40468 0.11429
v -0.18893 -0.38861 0.12571
v -0.18893 -0.37254 0.13714
v -0.18893 -0.35647 0.14857
v -0.18893 -0.34040 0.16000
v -0.18893 -0.32433 0.17143
v -0.18893 -0.30826 0.18286
v -0.18893 -0.29218 0.19429
v -0.18893 -0.27611 0.20571
v -0.16794 -0.55258 0.00000
v -0.16794 -0.53650 0.01143
v -0.16794 -0.52043 0.02286
v -0.16794 -0.50436 0.03429
v -0.16794 -0.48829 0.04571
v -0.16794 -0.47222 0.05714
v -0.16794 -0.45615 0.06857
v -0.16794 -0.44008 0.08000
v -0.16794 -0.42400 0.09143
v -0.16794 -0.40793 0.10286
v -0.16794 -0.39186 0.11429
v -0.16794 -0.37579 0.12571
v -0.16794 -0.35972 0.13714
v -0.16794 -0.34365 0.14857
v -0.16794 -0.32758 0.16000
v -0.16794 -0.31150 0.17143
v -0.16794 -0.29543 0.18286
v -0.16794 -0.27936 0.19429
v -0.16794 -0.26329 0.20571
v -0.16794 -0.24722 0.21714
v -0.14695 -0.53975 0.00000
v -0.14695 -0.52368 0.01143
v -0.14695 -0.50761 0.02286
v -0.14695 -0.49154 0.03429
v -0.14695 -0.47547 0.04571
v -0.14695 -0.45940 0.05714
v -0.14695 -0.44333 0.06857
v -0.14695 -0.42725 0.08000
v -0.14695 -0.41118 0.09143
v -0.14695 -0.39511 0.10286
v -0.14695 -0.37904 0.11429
v -0.14695 -0.36297 0.12571
v -0.14695 -0.34690 0.13714
v -0.14695 -0.33083 0.14857
v -0.14695 -0.31475 0.16000
v -0.14695 -0.29868 0.17143
v -0.14695 -0.28261 0.18286
v -0.14695 -0.26654 0.19429
v -0.14695 -0.25047 0.20571
v -0.14695 -0.23440 0.21714
v -0.14695 -0.21833 0.22857
v -0.12595 -0.52693 0.00000
v -0.12595 -0.51086 0.01143
v -0.12595 -0.49479 0.02286
v -0.12595 -0.47872 0.03429
v -0.12595 -0.46265 0.04571
v -0.12595 -0.44658 0.05714
v -0.12595 -0.43050 0.06857
v -0.12595 -0.41443 0.08000
v -0.12595 -0.39836 0.09143
v -0.12595 -0.38229 0.10286
v -0.12595 -0.36622 0.11429
v -0.12595 -0.35015 0.12571
v -0.12595 -0.33408 0.13714
v -0.12595 -0.31800 0.14857
v -0.12595 -0.30193 0.16000
v -0.12595 -0.28586 0.17143
v -0.12595 -0.26979 0.18286
v -0.12595 -0.25372 0.19429
v -0.12595 -0.23765 0.20571
v -0.12595 -0.22158 0.21714
v -0.12595 -0.20550 0.22857
v -0.12595 -0.18943 0.24000
v -0.10496 -0.51411 0.00000
v -0.10496 -0.49804 0.01143
v -0.10496 -0.48197 0.02286
v -0.10496 -0.46590 0.03429
v -0.10496 -0.44982 0.04571
v -0.10496 -0.43375 0.05714
v -0.10496 -0.41768 0.06857
v -0.10496 -0.40161 0.08000
v -0.10496 -0.38554 0.09143
v -0.10496 -0.36947 0.10286
v -0.10496 -0.35340 0.11429
v -0.10496 -0.33732 0.12571
v -0.10496 -0.32125 0.13714
v -0.10496 -0.30518 0.14857
v -0.10496 -0.28911 0.16000
v -0.10496 -0.27304 0.17143
v -0.10496 -0.25697 0.18286
v -0.10496 -0.24090 0.19429
v -0.10496 -0.22482 0.20571
v -0.10496 -0.20875 0.21714
v -0.10496 -0.19268 0.22857
v -0.10496 -0.17661 0.24000
v -0.10496 -0.16054 0.25143
v -0.08397 -0.50129 0.00000
v -0.08397 -0.48522 0.01143
v -0.08397 -0.46915 0.02286
v -0.08397 -0.45307 0.03429
v -0.08397 -0.43700 0.04571
v -0.08397 -0.42093 0.05714
v -0.08397 -0.40486 0.06857
v -0.08397 -0.38879 0.08000
v -0.08397 -0.37272 0.09143
v -0.08397 -0.35665 0.10286
v -0.08397 -0.34057 0.11429
v -0.08397 -0.32450 0.12571
v -0.08397 -0.30843 0.13714
v -0.08397 -0.29236 0.14857
v -0.08397 -0.27629 0.16000
v -0.08397 -0.26022 0.17143
v -0.08397 -0.24415 0.18286
v -0.08397 -0.22807 0.19429
v -0.08397 -0.21200 0.20571
v -0.08397 -0.19593 0.21714
v -0.08397 -0.17986 0.22857
v -0.08397 -0.16379 0.24000
v -0.08397 -0.14772 0.25143
v -0.08397 -0.13165 0.26286
v -0.06298 -0.48847 0.00000
v -0.06298 -0.47239 0.01143
v -0.06298 -0.45632 0.02286
v -0.06298 -0.44025 0.03429
v -0.06298 -0.42418 0.04571
v -0.06298 -0.40811 0.05714
v -0.06298 -0.39204 0.06857
v -0.06298 -0.37597 0.08000
v -0.06298 -0.35989 0.09143
v -0.06298 -0.34382 0.10286
v -0.06298 -0.32775 0.11429
v -0.06298 -0.31168 0.12571
v -0.06298 -0.29561 0.13714
v -0.06298 -0.27954 0.14857
v -0.06298 -0.26347 0.16000
v -0.06298 -0.24739 0.17143
v -0.06298 -0.23132 0.18286
v -0.06298 -0.21525 0.19429
v -0.06298 -0.19918 0.20571
v -0.06298 -0.18311 0.21714
v -0.06298 -0.16704 0.22857
v -0.06298 -0.15097 0.24000
v -0.06298 -0.13489 0.25143
v -0.06298 -0.11882 0.26286
v -0.06298 -0.10275 0.27429
v -0.04198 -0.47564 0.00000
v -0.04198 -0.45957 0.01143
v -0.04198 -0.44350 0.02286
v -0.04198 -0.42743 0.03429
v -0.04198 -0.41136 0.04571
v -0.04198 -0.39529 0.05714
v -0.04198 -0.37922 0.06857
v -0.04198 -0.36314 0.08000
v -0.04198 -0.34707 0.09143
v -0.04198 -0.33100 0.10286
v -0.04198 -0.31493 0.11429
v -0.04198 -0.29886 0.12571
v -0.04198 -0.28279 0.13714
v -0.04198 -0.26672 0.14857
v -0.04198 -0.25064 0.16000
v -0.04198 -0.23457 0.17143
v -0.04198 -0.21850 0.18286
v -0.04198 -0.20243 0.19429
v -0.04198 -0.18636 0.20571
v -0.04198 -0.17029 0.21714
v -0.04198 -0.15422 0.22857
v -0.04198 -0.13814 0.24000
v -0.04198 -0.12207 0.25143
v -0.04198 -0.10600 0.26286
v -0.04198 -0.08993 0.27429
v -0.04198 -0.07386 0.28571
v -0.02099 -0.46282 0.00000
v -0.02099 -0.44675 0.01143
v -0.02099 -0.43068 0.02286
v -0.02099 -0.41461 0.03429
v -0.02099 -0.39854 0.04571
v -0.02099 -0.38246 0.05714
v -0.02099 -0.36639 0.06857
v -0.02099 -0.35032 0.08000
v -0.02099 -0.33425 0.09143
v -0.02099 -0.31818 0.10286
v -0.02099 -0.30211 0.11429
v -0.02099 -0.28604 0.12571
v -0.02099 -0.26996 0.13714
v -0.02099 -0.25389 0.14857
v -0.02099 -0.23782 0.16000
v -0.02099 -0.22175 0.17143
v -0.02099 -0.20568 0.18286
v -0.02099 -0.18961 0.19429
v -0.02099 -0.17354 0.20571
v -0.02099 -0.15746 0.21714
v -0.02099 -0.14139 0.22857
v -0.02099 -0.12532 0.24000
v -0.02099 -0.10925 0.25143
v -0.02099 -0.09318 0.26286
v -0.02099 -0.07711 0.27429
v -0.02099 -0.06104 0.28571
v -0.02099 -0.04496 0.29714
v -0.00000 -0.45000 0.00000
v -0.00000 -0.43393 0.01143
v -0.00000 -0.41786 0.02286
v -0.00000 -0.40179 0.03429
v -0.00000 -0.38571 0.04571
v -0.00000 -0.36964 0.05714
v -0.00000 -0.35357 0.06857
v -0.00000 -0.33750 0.08000
v -0.00000 -0.32143 0.09143
v -0.00000 -0.30536 0.10286
v -0.00000 -0.28929 0.11429
v -0.00000 -0.27321 0.12571
v -0.00000 -0.25714 0.13714
v -0.00000 -0.24107 0.14857
v -0.00000 -0.22500 0.16000
v -0.00000 -0.20893 0.17143
v -0.00000 -0.19286 0.18286
v -0.00000 -0.17679 0.19429
v -0.00000 -0.16071 0.20571
v -0.00000 -0.14464 0.21714
v -0.00000 -0.12857 0.22857
v -0.00000 -0.11250 0.24000
v -0.00000 -0.09643 0.25143
v -0.00000 -0.08036 0.26286
v -0.00000 -0.06429 0.27429
v -0.00000 -0.04821 0.28571
v -0.00000 -0.03214 0.29714
v -0.00000 -0.01607 0.30857
v -0.00000 -0.43393 -0.01143
v -0.02099 -0.44675 -0.01143
v -0.00000 -0.41786 -0.02286
v -0.04198 -0.45957 -0.01143
v -0.02099 -0.43068 -0.02286
v -0.00000 -0.40179 -0.03429
v -0.06298 -0.47239 -0.01143
v -0.04198 -0.44350 -0.02286
v -0.02099 -0.41461 -0.03429
v -0.00000 -0.38571 -0.04571
v -0.08397 -0.48522 -0.01143
v -0.06298 -0.45632 -0.02286
v -0.04198 -0.42743 -0.03429
v -0.02099 -0.39854 -0.04571
v -0.00000 -0.36964 -0.05714
v -0.10496 -0.49804 -0.01143
v -0.08397 -0.46915 -0.02286
v -0.06298 -0.44025 -0.03429
v -0.04198 -0.41136 -0.04571
v -0.02099 -0.38246 -0.05714
v -0.00000 -0.35357 -0.06857
v -0.12595 -0.51086 -0.01143
v -0.10496 -0.48197 -0.02286
v -0.08397 -0.45307 -0.03429
v -0.06298 -0.42418 -0.04571
v -0.04198 -0.39529 -0.05714
v -0.02099 -0.36639 -0.06857
v -0.00000 -0.33750 -0.08000
v -0.14695 -0.52368 -0.01143
v -0.12595 -0.49479 -0.02286
v -0.10496 -0.46590 -0.03429
v -0.08397 -0.43700 -0.04571
v -0.06298 -0.40811 -0.05714
v -0.04198 -0.37922 -0.06857
v -0.02099 -0.35032 -0.08000
v -0.00000 -0.32143 -0.09143
v -0.16794 -0.53650 -0.01143
v -0.14695 -0.50761 -0.02286
v -0.12595 -0.47872 -0.03429
v -0.10496 -0.44982 -0.04571
v -0.08397 -0.42093 -0.05714
v -0.06298 -0.39204 -0.06857
v -0.04198 -0.36314 -0.08000
v -0.02099 -0.33425 -0.09143
v -0.00000 -0.30536 -0.10286
v -0.18893 -0.54933 -0.01143
v -0.16794 -0.52043 -0.02286
v -0.14695 -0.49154 -0.03429
v -0.12595 -0.46265 -0.04571
v -0.10496 -0.43375 -0.05714
v -0.08397 -0.40486 -0.06857
v -0.06298 -0.37597 -0.08000
v -0.04198 -0.34707 -0.09143
v -0.02099 -0.31818 -0.10286
v -0.00000 -0.28929 -0.11429
v -0.20992 -0.56215 -0.01143
v -0.18893 -0.53326 -0.02286
v -0.16794 -0.50436 -0.03429
v -0.14695 -0.47547 -0.04571
v -0.12595 -0.44658 -0.05714
v -0.10496 -0.41768 -0.06857
v -0.08397 -0.38879 -0.08000
v -0.06298 -0.35989 -0.09143
v -0.04198 -0.33100 -0.10286
v -0.02099 -0.30211 -0.11429
v -0.00000 -0.27321 -0.12571
v -0.23092 -0.57497 -0.01143
v -0.20992 -0.54608 -0.02286
v -0.18893 -0.51718 -0.03429
v -0.16794 -0.48829 -0.04571
v -0.14695 -0.45940 -0.05714
v -0.12595 -0.43050 -0.06857
v -0.10496 -0.40161 -0.08000
v -0.08397 -0.37272 -0.09143
v -0.06298 -0.34382 -0.10286
v -0.04198 -0.31493 -0.11429
v -0.02099 -0.28604 -0.12571
v -0.00000 -0.25714 -0.13714
v -0.25191 -0.58779 -0.01143
v -0.23092 -0.55890 -0.02286
v -0.20992 -0.53001 -0.03429
v -0.18893 -0.50111 -0.04571
v -0.16794 -0.47222 -0.05714
v -0.14695 -0.44333 -0.06857
v -0.12595 -0.41443 -0.08000
v -0.10496 -0.38554 -0.09143
v -0.08397 -0.35665 -0.10286
v -0.06298 -0.32775 -0.11429
v -0.04198 -0.29886 -0.12571
v -0.02099 -0.26996 -0.13714
v -0.00000 -0.24107 -0.14857
v -0.27290 -0.60062 -0.01143
v -0.25191 -0.57172 -0.02286
v -0.23092 -0.54283 -0.03429
v -0.20992 -0.51393 -0.04571
v -0.18893 -0.48504 -0.05714
v -0.16794 -0.45615 -0.06857
v -0.14695 -0.42725 -0.08000
v -0.12595 -0.39836 -0.09143
v -0.10496 -0.36947 -0.10286
v -0.08397 -0.34057 -0.11429
v -0.06298 -0.31168 -0.12571
v -0.04198 -0.28279 -0.13714
v -0.02099 -0.25389 -0.14857
v -0.00000 -0.22500 -0.16000
v -0.29389 -0.61344 -0.01143
v -0.27290 -0.58454 -0.02286
v -0.25191 -0.55565 -0.03429
v -0.23092 -0.52676 -0.04571
v -0.20992 -0.49786 -0.05714
v -0.18893 -0.46897 -0.06857
v -0.16794 -0.44008 -0.08000
v -0.14695 -0.41118 -0.09143
v -0.12595 -0.38229 -0.10286
v -0.10496 -0.35340 -0.11429
v -0.08397 -0.32450 -0.12571
v -0.06298 -0.29561 -0.13714
v -0.04198 -0.26672 -0.14857
v -0.02099 -0.23782 -0.16000
v -0.00000 -0.20893 -0.17143
v -0.31488 -0.62626 -0.01143
v -0.29389 -0.59737 -0.02286
v -0.27290 -0.56847 -0.03429
v -0.25191 -0.53958 -0.04571
v -0.23092 -0.51069 -0.05714
v -0.20992 -0.48179 -0.06857
v -0.18893 -0.45290 -0.08000
v -0.16794 -0.42400 -0.09143
v -0.14695 -0.39511 -0.10286
v -0.12595 -0.36622 -0.11429
v -0.10496 -0.33732 -0.12571
v -0.08397 -0.30843 -0.13714
v -0.06298 -0.27954 -0.14857
v -0.04198 -0.25064 -0.16000
v -0.02099 -0.22175 -0.17143
v -0.00000 -0.19286 -0.18286
v -0.33588 -0.63908 -0.01143
v -0.31488 -0.61019 -0.02286
v -0.29389 -0.58129 -0.03429
v -0.27290 -0.55240 -0.04571
v -0.25191 -0.52351 -0.05714
v -0.23092 -0.49461 -0.06857
v -0.20992 -0.46572 -0.08000
v -0.18893 -0.43683 -0.09143
v -0.16794 -0.40793 -0.10286
v -0.14695 -0.37904 -0.11429
v -0.12595 -0.35015 -0.12571
v -0.10496 -0.32125 -0.13714
v -0.08397 -0.29236 -0.14857
v -0.06298 -0.26347 -0.16000
v -0.04198 -0.23457 -0.17143
v -0.02099 -0.20568 -0.18286
v -0.00000 -0.17679 -0.19429
v -0.35687 -0.65190 -0.01143
v -0.33588 -0.62301 -0.02286
v -0.31488 -0.59412 -0.03429
v -0.29389 -0.56522 -0.04571
v -0.27290 -0.53633 -0.05714
v -0.25191 -0.50744 -0.06857
v -0.23092 -0.47854 -0.08000
v -0.20992 -0.44965 -0.09143
v -0.18893 -0.42076 -0.10286
v -0.16794 -0.39186 -0.11429
v -0.14695 -0.36297 -0.12571
v -0.12595 -0.33408 -0.13714
v -0.10496 -0.30518 -0.14857
v -0.08397 -0.27629 -0.16000
v -0.06298 -0.24739 -0.17143
v -0.04198 -0.21850 -0.18286
v -0.02099 -0.18961 -0.19429
v -0.00000 -0.16071 -0.20571
v -0.37786 -0.66473 -0.01143
v -0.35687 -0.63583 -0.02286
v -0.33588 -0.60694 -0.03429
v -0.31488 -0.57804 -0.04571
v -0.29389 -0.54915 -0.05714
v -0.27290 -0.52026 -0.06857
v -0.25191 -0.49136 -0.08000
v -0.23092 -0.46247 -0.09143
v -0.20992 -0.43358 -0.10286
v -0.18893 -0.40468 -0.11429
v -0.16794 -0.37579 -0.12571
v -0.14695 -0.34690 -0.13714
v -0.12595 -0.31800 -0.14857
v -0.10496 -0.28911 -0.16000
v -0.08397 -0.26022 -0.17143
v -0.06298 -0.23132 -0.18286
v -0.04198 -0.20243 -0.19429
v -0.02099 -0.17354 -0.20571
v 0.00000 -0.14464 -0.21714
v -0.39885 -0.67755 -0.01143
v -0.37786 -0.64865 -0.02286
v -0.35687 -0.61976 -0.03429
v -0.33588 -0.59087 -0.04571
v -0.31488 -0.56197 -0.05714
v -0.29389 -0.53308 -0.06857
v -0.27290 -0.50419 -0.08000
v -0.25191 -0.47529 -0.09143
v -0.23092 -0.44640 -0.10286
v -0.20992 -0.41751 -0.11429
v -0.18893 -0.38861 -0.12571
v -0.16794 -0.35972 -0.13714
v -0.14695 -0.33083 -0.14857
v -0.12595 -0.30193 -0.16000
v -0.10496 -0.27304 -0.17143
v -0.08397 -0.24415 -0.18286
v -0.06298 -0.21525 -0.19429
v -0.04198 -0.18636 -0.20571
v -0.02099 -0.15746 -0.21714
v 0.00000 -0.12857 -0.22857
v -0.41985 -0.69037 -0.01143
v -0.39885 -0.66148 -0.02286
v -0.37786 -0.63258 -0.03429
v -0.35687 -0.60369 -0.04571
v -0.33588 -0.57480 -0.05714
v -0.31488 -0.54590 -0.06857
v -0.29389 -0.51701 -0.08000
v -0.27290 -0.48812 -0.09143
v -0.25191 -0.45922 -0.10286
v -0.23092 -0.43033 -0.11429
v -0.20992 -0.40143 -0.12571
v -0.18893 -0.37254 -0.13714
v -0.16794 -0.34365 -0.14857
v -0.14695 -0.31475 -0.16000
v -0.12595 -0.28586 -0.17143
v -0.10496 -0.25697 -0.18286
v -0.08397 -0.22807 -0.19429
v -0.06298 -0.19918 -0.20571
v -0.04198 -0.17029 -0.21714
v -0.02099 -0.14139 -0.22857
v 0.00000 -0.11250 -0.24000
v -0.44084 -0.70319 -0.01143
v -0.41985 -0.67430 -0.02286
v -0.39885 -0.64540 -0.03429
v -0.37786 -0.61651 -0.04571
v -0.35687 -0.58762 -0.05714
v -0.33588 -0.55872 -0.06857
v -0.31488 -0.52983 -0.08000
v -0.29389 -0.50094 -0.09143
v -0.27290 -0.47204 -0.10286
v -0.25191 -0.44315 -0.11429
v -0.23092 -0.41426 -0.12571
v -0.20992 -0.38536 -0.13714
v -0.18893 -0.35647 -0.14857
v -0.16794 -0.32758 -0.16000
v -0.14695 -0.29868 -0.17143
v -0.12595 -0.26979 -0.18286
v -0.10496 -0.24090 -0.19429
v -0.08397 -0.21200 -0.20571
v -0.06298 -0.18311 -0.21714
v -0.04198 -0.15422 -0.22857
v -0.02099 -0.12532 -0.24000
v 0.00000 -0.09643 -0.25143
v -0.46183 -0.71601 -0.01143
v -0.44084 -0.68712 -0.02286
v -0.41985 -0.65823 -0.03429
v -0.39885 -0.62933 -0.04571
v -0.37786 -0.60044 -0.05714
v -0.35687 -0.57155 -0.06857
v -0.33588 -0.54265 -0.08000
v -0.31488 -0.51376 -0.09143
v -0.29389 -0.48487 -0.10286
v -0.27290 -0.45597 -0.11429
v -0.25191 -0.42708 -0.12571
v -0.23092 -0.39819 -0.13714
v -0.20992 -0.36929 -0.14857
v -0.18893 -0.34040 -0.16000
v -0.16794 -0.31150 -0.17143
v -0.14695 -0.28261 -0.18286
v -0.12595 -0.25372 -0.19429
v -0.10496 -0.22482 -0.20571
v -0.08397 -0.19593 -0.21714
v -0.06298 -0.16704 -0.22857
v -0.04198 -0.13814 -0.24000
v -0.02099 -0.10925 -0.25143
v 0.00000 -0.08036 -0.26286
v -0.48282 -0.72884 -0.01143
v -0.46183 -0.69994 -0.02286
v -0.44084 -0.67105 -0.03429
v -0.41985 -0.64215 -0.04571
v -0.39885 -0.61326 -0.05714
v -0.37786 -0.58437 -0.06857
v -0.35687 -0.55547 -0.08000
v -0.33588 -0.52658 -0.09143
v -0.31488 -0.49769 -0.10286
v -0.29389 -0.46879 -0.11429
v -0.27290 -0.43990 -0.12571
v -0.25191 -0.41101 -0.13714
v -0.23092 -0.38211 -0.14857
v -0.20992 -0.35322 -0.16000
v -0.18893 -0.32433 -0.17143
v -0.16794 -0.29543 -0.18286
v -0.14695 -0.26654 -0.19429
v -0.12595 -0.23765 -0.20571
v -0.10496 -0.20875 -0.21714
v -0.08397 -0.17986 -0.22857
v -0.06298 -0.15097 -0.24000
v -0.04198 -0.12207 -0.25143
v -0.02099 -0.09318 -0.26286
v 0.00000 -0.06429 -0.27429
v -0.50382 -0.74166 -0.01143
v -0.48282 -0.71276 -0.02286
v -0.46183 -0.68387 -0.03429
v -0.44084 -0.65498 -0.04571
v -0.41985 -0.62608 -0.05714
v -0.39885 -0.59719 -0.06857
v -0.37786 -0.56830 -0.08000
v -0.35687 -0.53940 -0.09143
v -0.33588 -0.51051 -0.10286
v -0.31488 -0.48162 -0.11429
v -0.29389 -0.45272 -0.12571
v -0.27290 -0.42383 -0.13714
v -0.25191 -0.39494 -0.14857
v -0.23092 -0.36604 -0.16000
v -0.20992 -0.33715 -0.17143
v -0.18893 -0.30826 -0.18286
v -0.16794 -0.27936 -0.19429
v -0.14695 -0.25047 -0.20571
v -0.12595 -0.22158 -0.21714
v -0.10496 -0.19268 -0.22857
v -0.08397 -0.16379 -0.24000
v -0.06298 -0.13489 -0.25143
v -0.04198 -0.10600 -0.26286
v -0.02099 -0.07711 -0.27429
v 0.00000 -0.04821 -0.28571
v -0.52481 -0.75448 -0.01143
v -0.50382 -0.72559 -0.02286
v -0.48282 -0.69669 -0.03429
v -0.46183 -0.66780 -0.04571
v -0.44084 -0.63891 -0.05714
v -0.41985 -0.61001 -0.06857
v -0.39885 -0.58112 -0.08000
v -0.37786 -0.55223 -0.09143
v -0.35687 -0.52333 -0.10286
v -0.33588 -0.49444 -0.11429
v -0.31488 -0.46554 -0.12571
v -0.29389 -0.43665 -0.13714
v -0.27290 -0.40776 -0.14857
v -0.25191 -0.37886 -0.16000
v -0.23092 -0.34997 -0.17143
v -0.20992 -0.32108 -0.18286
v -0.18893 -0.29218 -0.19429
v -0.16794 -0.26329 -0.20571
v -0.14695 -0.23440 -0.21714
v -0.12595 -0.20550 -0.22857
v -0.10496 -0.17661 -0.24000
v -0.08397 -0.14772 -0.25143
v -0.06298 -0.11882 -0.26286
v -0.04198 -0.08993 -0.27429
v -0.02099 -0.06104 -0.28571
v 0.00000 -0.03214 -0.29714
v -0.54580 -0.76730 -0.01143
v -0.52481 -0.73841 -0.02286
v -0.50382 -0.70951 -0.03429
v -0.48282 -0.68062 -0.04571
v -0.46183 -0.65173 -0.05714
v -0.44084 -0.62283 -0.06857
v -0.41985 -0.59394 -0.08000
v -0.39885 -0.56505 -0.09143
v -0.37786 -0.53615 -0.10286
v -0.35687 -0.50726 -0.11429
v -0.33588 -0.47837 -0.12571
v -0.31488 -0.44947 -0.13714
v -0.29389 -0.42058 -0.14857
v -0.27290 -0.39169 -0.16000
v -0.25191 -0.36279 -0.17143
v -0.23092 -0.33390 -0.18286
v -0.20992 -0.30501 -0.19429
v -0.18893 -0.27611 -0.20571
v -0.16794 -0.24722 -0.21714
v -0.14695 -0.21833 -0.22857
v -0.12595 -0.18943 -0.24000
v -0.10496 -0.16054 -0.25143
v -0.08397 -0.13165 -0.26286
v -0.06298 -0.10275 -0.27429
v -0.04198 -0.07386 -0.28571
v -0.02099 -0.04496 -0.29714
v 0.00000 -0.01607 -0.30857
v 0.02099 -0.46282 0.00000
v 0.04198 -0.47564 0.00000
v 0.02099 -0.44675 0.01143
v 0.06298 -0.48847 0.00000
v 0.04198 -0.45957 0.01143
v 0.02099 -0.43068 0.02286
v 0.08397 -0.50129 0.00000
v 0.06298 -0.47239 0.01143
v 0.04198 -0.44350 0.02286
v 0.02099 -0.41461 0.03429
v 0.10496 -0.51411 0.00000
v 0.08397 -0.48522 0.01143
v 0.06298 -0.45632 0.02286
v 0.04198 -0.42743 0.03429
v 0.02099 -0.39854 0.04571
v 0.12595 -0.52693 0.00000
v 0.10496 -0.49804 0.01143
v 0.08397 -0.46915 0.02286
v 0.06298 -0.44025 0.03429
v 0.04198 -0.41136 0.04571
v 0.02099 -0.38246 0.05714
v 0.14695 -0.53975 0.00000
v 0.12595 -0.51086 0.01143
v 0.10496 -0.48197 0.02286
v 0.08397 -0.45307 0.03429
v 0.06298 -0.42418 0.04571
v 0.04198 -0.39529 0.05714
v 0.02099 -0.36639 0.06857
v 0.16794 -0.55258 0.00000
v 0.14695 -0.52368 0.01143
v 0.12595 -0.49479 0.02286
v 0.10496 -0.46590 0.03429
v 0.08397 -0.43700 0.04571
v 0.06298 -0.40811 0.05714
v 0.04198 -0.37922 0.06857
v 0.02099 -0.35032 0.08000
v 0.18893 -0.56540 0.00000
v 0.16794 -0.53650 0.01143
v 0.14695 -0.50761 0.02286
v 0.12595 -0.47872 0.03429
v 0.10496 -0.44982 0.04571
v 0.08397 -0.42093 0.05714
v 0.06298 -0.39204 0.06857
v 0.04198 -0.36314 0.08000
v 0.02099 -0.33425 0.09143
v 0.20992 -0.57822 0.00000
v 0.18893 -0.54933 0.01143
v 0.16794 -0.52043 0.02286
v 0.14695 -0.49154 0.03429
v 0.12595 -0.46265 0.04571
v 0.10496 -0.43375 0.05714
v 0.08397 -0.40486 0.06857
v 0.06298 -0.37597 0.08000
v 0.04198 -0.34707 0.09143
v 0.02099 -0.31818 0.10286
v 0.23092 -0.59104 0.00000
v 0.20992 -0.56215 0.01143
v 0.18893 -0.53326 0.02286
v 0.16794 -0.50436 0.03429
v 0.14695 -0.47547 0.04571
v 0.12595 -0.44658 0.05714
v 0.10496 -0.41768 0.06857
v 0.08397 -0.38879 0.08000
v 0.06298 -0.35989 0.09143
v 0.04198 -0.33100 0.10286
v 0.02099 -0.30211 0.11429
v 0.25191 -0.60386 0.00000
v 0.23092 -0.57497 0.01143
v 0.20992 -0.54608 0.02286
v 0.18893 -0.51718 0.03429
v 0.16794 -0.48829 0.04571
v 0.14695 -0.45940 0.05714
v 0.12595 -0.43050 0.06857
v 0.10496 -0.40161 0.08000
v 0.08397 -0.37272 0.09143
v 0.06298 -0.34382 0.10286
v 0.04198 -0.31493 0.11429
v 0.02099 -0.28604 0.12571
v 0.27290 -0.61669 0.00000
v 0.25191 -0.58779 0.01143
v 0.23092 -0.55890 0.02286
v 0.20992 -0.53001 0.03429
v 0.18893 -0.50111 0.04571
v 0.16794 -0.47222 0.05714
v 0.14695 -0.44333 0.06857
v 0.12595 -0.41443 0.08000
v 0.10496 -0.38554 0.09143
v 0.08397 -0.35665 0.10286
v 0.06298 -0.32775 0.11429
v 0.04198 -0.29886 0.12571
v 0.02099 -0.26996 0.13714
v 0.29389 -0.62951 0.00000
v 0.27290 -0.60062 0.01143
v 0.25191 -0.57172 0.02286
v 0.23092 -0.54283 0.03429
v 0.20992 -0.51393 0.04571
v 0.18893 -0.48504 0.05714
v 0.16794 -0.45615 0.06857
v 0.14695 -0.42725 0.08000
v 0.12595 -0.39836 0.09143
v 0.10496 -0.36947 0.10286
v 0.08397 -0.34057 0.11429
v 0.06298 -0.31168 0.12571
v 0.04198 -0.28279 0.13714
v 0.02099 -0.25389 0.14857
v 0.31488 -0.64233 0.00000
v 0.29389 -0.61344 0.01143
v 0.27290 -0.58454 0.02286
v 0.25191 -0.55565 0.03429
v 0.23092 -0.52676 0.04571
v 0.20992 -0.49786 0.05714
v 0.18893 -0.46897 0.06857
v 0.16794 -0.44008 0.08000
v 0.14695 -0.41118 0.09143
v 0.12595 -0.38229 0.10286
v 0.10496 -0.35340 0.11429
v 0.08397 -0.32450 0.12571
v 0.06298 -0.29561 0.13714
v 0.04198 -0.26672 0.14857
v 0.02099 -0.23782 0.16000
v 0.33588 -0.65515 0.00000
v 0.31488 -0.62626 0.01143
v 0.29389 -0.59737 0.02286
v 0.27290 -0.56847 0.03429
v 0.25191 -0.53958 0.04571
v 0.23092 -0.51069 0.05714
v 0.20992 -0.48179 0.06857
v 0.18893 -0.45290 0.08000
v 0.16794 -0.42400 0.09143
v 0.14695 -0.39511 0.10286
v 0.12595 -0.36622 0.11429
v 0.10496 -0.33732 0.12571
v 0.08397 -0.30843 0.13714
v 0.06298 -0.27954 0.14857
v 0.04198 -0.25064 0.16000
v 0.02099 -0.22175 0.17143
v 0.35687 -0.66797 0.00000
v 0.33588 -0.63908 0.01143
v 0.31488 -0.61019 0.02286
v 0.29389 -0.58129 0.03429
v 0.27290 -0.55240 0.04571
v 0.25191 -0.52351 0.05714
v 0.23092 -0.49461 0.06857
v 0.20992 -0.46572 0.08000
v 0.18893 -0.43683 0.09143
v 0.16794 -0.40793 0.10286
v 0.14695 -0.37904 0.11429
v 0.12595 -0.35015 0.12571
v 0.10496 -0.32125 0.13714
v 0.08397 -0.29236 0.14857
v 0.06298 -0.26347 0.16000
v 0.04198 -0.23457 0.17143
v 0.02099 -0.20568 0.18286
v 0.37786 -0.68080 0.00000
v 0.35687 -0.65190 0.01143
v 0.33588 -0.62301 0.02286
v 0.31488 -0.59412 0.03429
v 0.29389 -0.56522 0.04571
v 0.27290 -0.53633 0.05714
v 0.25191 -0.50744 0.06857
v 0.23092 -0.47854 0.08000
v 0.20992 -0.44965 0.09143
v 0.18893 -0.42076 0.10286
v 0.16794 -0.39186 0.11429
v 0.14695 -0.36297 0.12571
v 0.12595 -0.33408 0.13714
v 0.10496 -0.30518 0.14857
v 0.08397 -0.27629 0.16000
v 0.06298 -0.24739 0.17143
v 0.04198 -0.21850 0.18286
v 0.02099 -0.18961 0.19429
v 0.39885 -0.69362 0.00000
v 0.37786 -0.66473 0.01143
v 0.35687 -0.63583 0.02286
v 0.33588 -0.60694 0.03429
v 0.31488 -0.57804 0.04571
v 0.29389 -0.54915 0.05714
v 0.27290 -0.52026 0.06857
v 0.25191 -0.49136 0.08000
v 0.23092 -0.46247 0.09143
v 0.20992 -0.43358 0.10286
v 0.18893 -0.40468 0.11429
v 0.16794 -0.37579 0.12571
v 0.14695 -0.34690 0.13714
v 0.12595 -0.31800 0.14857
v 0.10496 -0.28911 0.16000
v 0.08397 -0.26022 0.17143
v 0.06298 -0.23132 0.18286
v 0.04198 -0.20243 0.19429
v 0.02099 -0.17354 0.20571
v 0.00000 -0.14464 0.21714
v 0.41985 -0.70644 0.00000
v 0.39885 -0.67755 0.01143
v 0.37786 -0.64865 0.02286
v 0.35687 -0.61976 0.03429
v 0.33588 -0.59087 0.04571
v 0.31488 -0.56197 0.05714
v 0.29389 -0.53308 0.06857
v 0.27290 -0.50419 0.08000
v 0.25191 -0.47529 0.09143
v 0.23092 -0.44640 0.10286
v 0.20992 -0.41751 0.11429
v 0.18893 -0.38861 0.12571
v 0.16794 -0.35972 0.13714
v 0.14695 -0.33083 0.14857
v 0.12595 -0.30193 0.16000
v 0.10496 -0.27304 0.17143
v 0.08397 -0.24415 0.18286
v 0.06298 -0.21525 0.19429
v 0.04198 -0.18636 0.20571
v 0.02099 -0.15746 0.21714
v 0.00000 -0.12857 0.22857
v 0.44084 -0.71926 0.00000
v 0.41985 -0.69037 0.01143
v 0.39885 -0.66148 0.02286
v 0.37786 -0.63258 0.03429
v 0.35687 -0.60369 0.04571
v 0.33588 -0.57480 0.05714
v 0.31488 -0.54590 0.06857
v 0.29389 -0.51701 0.08000
v 0.27290 -0.48812 0.09143
v 0.25191 -0.45922 0.10286
v 0.23092 -0.43033 0.11429
v 0.20992 -0.40143 0.12571
v 0.18893 -0.37254 0.13714
v 0.16794 -0.34365 0.14857
v 0.14695 -0.31475 0.16000
v 0.12595 -0.28586 0.17143
v 0.10496 -0.25697 0.18286
v 0.08397 -0.22807 0.19429
v 0.06298 -0.19918 0.20571
v 0.04198 -0.17029 0.21714
v 0.02099 -0.14139 0.22857
v 0.00000 -0.11250 0.24000
v 0.46183 -0.73208 0.00000
v 0.44084 -0.70319 0.01143
v 0.41985 -0.67430 0.02286
v 0.39885 -0.64540 0.03429
v 0.37786 -0.61651 0.04571
v 0.35687 -0.58762 0.05714
v 0.33588 -0.55872 0.06857
v 0.31488 -0.52983 0.08000
v 0.29389 -0.50094 0.09143
v 0.27290 -0.47204 0.10286
v 0.25191 -0.44315 0.11429
v 0.23092 -0.41426 0.12571
v 0.20992 -0.38536 0.13714
v 0.18893 -0.35647 0.14857
v 0.16794 -0.32758 0.16000
v 0.14695 -0.29868 0.17143
v 0.12595 -0.26979 0.18286
v 0.10496 -0.24090 0.19429
v 0.08397 -0.21200 0.20571
v 0.06298 -0.18311 0.21714
v 0.04198 -0.15422 0.22857
v 0.02099 -0.12532 0.24000
v 0.00000 -0.09643 0.25143
v 0.48282 -0.74491 0.00000
v 0.46183 -0.71601 0.01143
v 0.44084 -0.68712 0.02286
v 0.41985 -0.65823 0.03429
v 0.39885 -0.62933 0.04571
v 0.37786 -0.60044 0.05714
v 0.35687 -0.57155 0.06857
v 0.33588 -0.54265 0.08000
v 0.31488 -0.51376 0.09143
v 0.29389 -0.48487 0.10286
v 0.27290 -0.45597 0.11429
v 0.25191 -0.42708 0.12571
v 0.23092 -0.39819 0.13714
v 0.20992 -0.36929 0.14857
v 0.18893 -0.34040 0.16000
v 0.16794 -0.31150 0.17143
v 0.14695 -0.28261 0.18286
v 0.12595 -0.25372 0.19429
v 0.10496 -0.22482 0.20571
v 0.08397 -0.19593 0.21714
v 0.06298 -0.16704 0.22857
v 0.04198 -0.13814 0.24000
v 0.02099 -0.10925 0.25143
v 0.00000 -0.08036 0.26286
v 0.50382 -0.75773 0.00000
v 0.48282 -0.72884 0.01143
v 0.46183 -0.69994 0.02286
v 0.44084 -0.67105 0.03429
v 0.41985 -0.64215 0.04571
v 0.39885 -0.61326 0.05714
v 0.37786 -0.58437 0.06857
v 0.35687 -0.55547 0.08000
v 0.33588 -0.52658 0.09143
v 0.31488 -0.49769 0.10286
v 0.29389 -0.46879 0.11429
v 0.27290 -0.43990 0.12571
v 0.25191 -0.41101 0.13714
v 0.23092 -0.38211 0.14857
v 0.20992 -0.35322 0.16000
v 0.18893 -0.32433 0.17143
v 0.16794 -0.29543 0.18286
v 0.14695 -0.26654 0.19429
v 0.12595 -0.23765 0.20571
v 0.10496 -0.20875 0.21714
v 0.08397 -0.17986 0.22857
v 0.06298 -0.15097 0.24000
v 0.04198 -0.12207 0.25143
v 0.02099 -0.09318 0.26286
v 0.00000 -0.06429 0.27429
v 0.52481 -0.77055 0.00000
v 0.50382 -0.74166 0.01143
v 0.48282 -0.71276 0.02286
v 0.46183 -0.68387 0.03429
v 0.44084 -0.65498 0.04571
v 0.41985 -0.62608 0.05714
v 0.39885 -0.59719 0.06857
v 0.37786 -0.56830 0.08000
v 0.35687 -0.53940 0.09143
v 0.33588 -0.51051 0.10286
v 0.31488 -0.48162 0.11429
v 0.29389 -0.45272 0.12571
v 0.27290 -0.42383 0.13714
v 0.25191 -0.39494 0.14857
v 0.23092 -0.36604 0.16000
v 0.20992 -0.33715 0.17143
v 0.18893 -0.30826 0.18286
v 0.16794 -0.27936 0.19429
v 0.14695 -0.25047 0.20571
v 0.12595 -0.22158 0.21714
v 0.10496 -0.19268 0.22857
v 0.08397 -0.16379 0.24000
v 0.06298 -0.13489 0.25143
v 0.04198 -0.10600 0.26286
v 0.02099 -0.07711 0.27429
v 0.00000 -0.04821 0.28571
v 0.54580 -0.78337 0.00000
v 0.52481 -0.75448 0.01143
v 0.50382 -0.72559 0.02286
v 0.48282 -0.69669 0.03429
v 0.46183 -0.66780 0.04571
v 0.44084 -0.63891 0.05714
v 0.41985 -0.61001 0.06857
v 0.39885 -0.58112 0.08000
v 0.37786 -0.55223 0.09143
v 0.35687 -0.52333 0.10286
v 0.33588 -0.49444 0.11429
v 0.31488 -0.46554 0.12571
v 0.29389 -0.43665 0.13714
v 0.27290 -0.40776 0.14857
v 0.25191 -0.37886 0.16000
v 0.23092 -0.34997 0.17143
v 0.20992 -0.32108 0.18286
v 0.18893 -0.29218 0.19429
v 0.16794 -0.26329 0.20571
v 0.14695 -0.23440 0.21714
v 0.12595 -0.20550 0.22857
v 0.10496 -0.17661 0.24000
v 0.08397 -0.14772 0.25143
v 0.06298 -0.11882 0.26286
v 0.04198 -0.08993 0.27429
v 0.02099 -0.06104 0.28571
v 0.00000 -0.03214 0.29714
v 0.56679 -0.79619 0.00000
v 0.54580 -0.76730 0.01143
v 0.52481 -0.73841 0.02286
v 0.50382 -0.70951 0.03429
v 0.48282 -0.68062 0.04571
v 0.46183 -0.65173 0.05714
v 0.44084 -0.62283 0.06857
v 0.41985 -0.59394 0.08000
v 0.39885 -0.56505 0.09143
v 0.37786 -0.53615 0.10286
v 0.35687 -0.50726 0.11429
v 0.33588 -0.47837 0.12571
v 0.31488 -0.44947 0.13714
v 0.29389 -0.42058 0.14857
v 0.27290 -0.39169 0.16000
v 0.25191 -0.36279 0.17143
v 0.23092 -0.33390 0.18286
v 0.20992 -0.30501 0.19429
v 0.18893 -0.27611 0.20571
v 0.16794 -0.24722 0.21714
v 0.14695 -0.21833 0.22857
v 0.12595 -0.18943 0.24000
v 0.10496 -0.16054 0.25143
v 0.08397 -0.13165 0.26286
v 0.06298 -0.10275 0.27429
v 0.04198 -0.07386 0.28571
v 0.02099 -0.04496 0.29714
v 0.00000 -0.01607 0.30857
v 0.58779 -0.80902 0.00000
v 0.56679 -0.78012 0.01143
v 0.54580 -0.75123 0.02286
v 0.52481 -0.72234 0.03429
v 0.50382 -0.69344 0.04571
v 0.48282 -0.66455 0.05714
v 0.46183 -0.63566 0.06857
v 0.44084 -0.60676 0.08000
v 0.41985 -0.57787 0.09143
v 0.39885 -0.54898 0.10286
v 0.37786 -0.52008 0.11429
v 0.35687 -0.49119 0.12571
v 0.33588 -0.46230 0.13714
v 0.31488 -0.43340 0.14857
v 0.29389 -0.40451 0.16000
v 0.27290 -0.37562 0.17143
v 0.25191 -0.34672 0.18286
v 0.23092 -0.31783 0.19429
v 0.20992 -0.28893 0.20571
v 0.18893 -0.26004 0.21714
v 0.16794 -0.23115 0.22857
v 0.14695 -0.20225 0.24000
v 0.12595 -0.17336 0.25143
v 0.10496 -0.14447 0.26286
v 0.08397 -0.11557 0.27429
v 0.06298 -0.08668 0.28571
v 0.04198 -0.05779 0.29714
v 0.02099 -0.02889 0.30857
v 0.56679 -0.78012 -0.01143
v 0.54580 -0.76730 -0.01143
v 0.54580 -0.75123 -0.02286
v 0.52481 -0.75448 -0.01143
v 0.52481 -0.73841 -0.02286
v 0.52481 -0.72234 -0.03429
v 0.50382 -0.74166 -0.01143
v 0.50382 -0.72559 -0.02286
v 0.50382 -0.70951 -0.03429
v 0.50382 -0.69344 -0.04571
v 0.48282 -0.72884 -0.01143
v 0.48282 -0.71276 -0.02286
v 0.48282 -0.69669 -0.03429
v 0.48282 -0.68062 -0.04571
v 0.48282 -0.66455 -0.05714
v 0.46183 -0.71601 -0.01143
v 0.46183 -0.69994 -0.02286
v 0.46183 -0.68387 -0.03429
v 0.46183 -0.66780 -0.04571
v 0.46183 -0.65173 -0.05714
v 0.46183 -0.63566 -0.06857
v 0.44084 -0.70319 -0.01143
v 0.44084 -0.68712 -0.02286
v 0.44084 -0.67105 -0.03429
v 0.44084 -0.65498 -0.04571
v 0.44084 -0.63891 -0.05714
v 0.44084 -0.62283 -0.06857
v 0.44084 -0.60676 -0.08000
v 0.41985 -0.69037 -0.01143
v 0.41985 -0.67430 -0.02286
v 0.41985 -0.65823 -0.03429
v 0.41985 -0.64215 -0.04571
v 0.41985 -0.62608 -0.05714
v 0.41985 -0.61001 -0.06857
v 0.41985 -0.59394 -0.08000
v 0.41985 -0.57787 -0.09143
v 0.39885 -0.67755 -0.01143
v 0.39885 -0.66148 -0.02286
v 0.39885 -0.64540 -0.03429
v 0.39885 -0.62933 -0.04571
v 0.39885 -0.61326 -0.05714
v 0.39885 -0.59719 -0.06857
v 0.39885 -0.58112 -0.08000
v 0.39885 -0.56505 -0.09143
v 0.39885 -0.54898 -0.10286
v 0.37786 -0.66473 -0.01143
v 0.37786 -0.64865 -0.02286
v 0.37786 -0.63258 -0.03429
v 0.37786 -0.61651 -0.04571
v 0.37786 -0.60044 -0.05714
v 0.37786 -0.58437 -0.06857
v 0.37786 -0.56830 -0.08000
v 0.37786 -0.55223 -0.09143
v 0.37786 -0.53615 -0.10286
v 0.37786 -0.52008 -0.11429
v 0.35687 -0.65190 -0.01143
v 0.35687 -0.63583 -0.02286
v 0.35687 -0.61976 -0.03429
v 0.35687 -0.60369 -0.04571
v 0.35687 -0.58762 -0.05714
v 0.35687 -0.57155 -0.06857
v 0.35687 -0.55547 -0.08000
v 0.35687 -0.53940 -0.09143
v 0.35687 -0.52333 -0.10286
v 0.35687 -0.50726 -0.11429
v 0.35687 -0.49119 -0.12571
v 0.33588 -0.63908 -0.01143
v 0.33588 -0.62301 -0.02286
v 0.33588 -0.60694 -0.03429
v 0.33588 -0.59087 -0.04571
v 0.33588 -0.57480 -0.05714
v 0.33588 -0.55872 -0.06857
v 0.33588 -0.54265 -0.08000
v 0.33588 -0.52658 -0.09143
v 0.33588 -0.51051 -0.10286
v 0.33588 -0.49444 -0.11429
v 0.33588 -0.47837 -0.12571
v 0.33588 -0.46230 -0.13714
v 0.31488 -0.62626 -0.01143
v 0.31488 -0.61019 -0.02286
v 0.31488 -0.59412 -0.03429
v 0.31488 -0.57804 -0.04571
v 0.31488 -0.56197 -0.05714
v 0.31488 -0.54590 -0.06857
v 0.31488 -0.52983 -0.08000
v 0.31488 -0.51376 -0.09143
v 0.31488 -0.49769 -0.10286
v 0.31488 -0.48162 -0.11429
v 0.31488 -0.46554 -0.12571
v 0.31488 -0.44947 -0.13714
v 0.31488 -0.43340 -0.14857
v 0.29389 -0.61344 -0.01143
v 0.29389 -0.59737 -0.02286
v 0.29389 -0.58129 -0.03429
v 0.29389 -0.56522 -0.04571
v 0.29389 -0.54915 -0.05714
v 0.29389 -0.53308 -0.06857
v 0.29389 -0.51701 -0.08000
v 0.29389 -0.50094 -0.09143
v 0.29389 -0.48487 -0.10286
v 0.29389 -0.46879 -0.11429
v 0.29389 -0.45272 -0.12571
v 0.29389 -0.43665 -0.13714
v 0.29389 -0.42058 -0.14857
v 0.29389 -0.40451 -0.16000
v 0.27290 -0.60062 -0.01143
v 0.27290 -0.58454 -0.02286
v 0.27290 -0.56847 -0.03429
v 0.27290 -0.55240 -0.04571
v 0.27290 -0.53633 -0.05714
v 0.27290 -0.52026 -0.06857
v 0.27290 -0.50419 -0.08000
v 0.27290 -0.48812 -0.09143
v 0.27290 -0.47204 -0.10286
v 0.27290 -0.45597 -0.11429
v 0.27290 -0.43990 -0.12571
v 0.27290 -0.42383 -0.13714
v 0.27290 -0.40776 -0.14857
v 0.27290 -0.39169 -0.16000
v 0.27290 -0.37562 -0.17143
v 0.25191 -0.58779 -0.01143
v 0.25191 -0.57172 -0.02286
v 0.25191 -0.55565 -0.03429
v 0.25191 -0.53958 -0.04571
v 0.25191 -0.52351 -0.05714
v 0.25191 -0.50744 -0.06857
v 0.25191 -0.49136 -0.08000
v 0.25191 -0.47529 -0.09143
v 0.25191 -0.45922 -0.10286
v 0.25191 -0.44315 -0.11429
v 0.25191 -0.42708 -0.12571
v 0.25191 -0.41101 -0.13714
v 0.25191 -0.39494 -0.14857
v 0.25191 -0.37886 -0.16000
v 0.25191 -0.36279 -0.17143
v 0.25191 -0.34672 -0.18286
v 0.23092 -0.57497 -0.01143
v 0.23092 -0.55890 -0.02286
v 0.23092 -0.54283 -0.03429
v 0.23092 -0.52676 -0.04571
v 0.23092 -0.51069 -0.05714
v 0.23092 -0.49461 -0.06857
v 0.23092 -0.47854 -0.08000
v 0.23092 -0.46247 -0.09143
v 0.23092 -0.44640 -0.10286
v 0.23092 -0.43033 -0.11429
v 0.23092 -0.41426 -0.12571
v 0.23092 -0.39819 -0.13714
v 0.23092 -0.38211 -0.14857
v 0.23092 -0.36604 -0.16000
v 0.23092 -0.34997 -0.17143
v 0.23092 -0.33390 -0.18286
v 0.23092 -0.31783 -0.19429
v 0.20992 -0.56215 -0.01143
v 0.20992 -0.54608 -0.02286
v 0.20992 -0.53001 -0.03429
v 0.20992 -0.51393 -0.04571
v 0.20992 -0.49786 -0.05714
v 0.20992 -0.48179 -0.06857
v 0.20992 -0.46572 -0.08000
v 0.20992 -0.44965 -0.09143
v 0.20992 -0.43358 -0.10286
v 0.20992 -0.41751 -0.11429
v 0.20992 -0.40143 -0.12571
v 0.20992 -0.38536 -0.13714
v 0.20992 -0.36929 -0.14857
v 0.20992 -0.35322 -0.16000
v 0.20992 -0.33715 -0.17143
v 0.20992 -0.32108 -0.18286
v 0.20992 -0.30501 -0.19429
v 0.20992 -0.28893 -0.20571
v 0.18893 -0.54933 -0.01143
v 0.18893 -0.53326 -0.02286
v 0.18893 -0.51718 -0.03429
v 0.18893 -0.50111 -0.04571
v 0.18893 -0.48504 -0.05714
v 0.18893 -0.46897 -0.06857
v 0.18893 -0.45290 -0.08000
v 0.18893 -0.43683 -0.09143
v 0.18893 -0.42076 -0.10286
v 0.18893 -0.40468 -0.11429
v 0.18893 -0.38861 -0.12571
v 0.18893 -0.37254 -0.13714
v 0.18893 -0.35647 -0.14857
v 0.18893 -0.34040 -0.16000
v 0.18893 -0.32433 -0.17143
v 0.18893 -0.30826 -0.18286
v 0.18893 -0.29218 -0.19429
v 0.18893 -0.27611 -0.20571
v 0.18893 -0.26004 -0.21714
v 0.16794 -0.53650 -0.01143
v 0.16794 -0.52043 -0.02286
v 0.16794 -0.50436 -0.03429
v 0.16794 -0.48829 -0.04571
v 0.16794 -0.47222 -0.05714
v 0.16794 -0.45615 -0.06857
v 0.16794 -0.44008 -0.08000
v 0.16794 -0.42400 -0.09143
v 0.16794 -0.40793 -0.10286
v 0.16794 -0.39186 -0.11429
v 0.16794 -0.37579 -0.12571
v 0.16794 -0.35972 -0.13714
v 0.16794 -0.34365 -0.14857
v 0.16794 -0.32758 -0.16000
v 0.16794 -0.31150 -0.17143
v 0.16794 -0.29543 -0.18286
v 0.16794 -0.27936 -0.19429
v 0.16794 -0.26329 -0.20571
v 0.16794 -0.24722 -0.21714
v 0.16794 -0.23115 -0.22857
v 0.14695 -0.52368 -0.01143
v 0.14695 -0.50761 -0.02286
v 0.14695 -0.49154 -0.03429
v 0.14695 -0.47547 -0.04571
v 0.14695 -0.45940 -0.05714
v 0.14695 -0.44333 -0.06857
v 0.14695 -0.42725 -0.08000
v 0.14695 -0.41118 -0.09143
v 0.14695 -0.39511 -0.10286
v 0.14695 -0.37904 -0.11429
v 0.14695 -0.36297 -0.12571
v 0.14695 -0.34690 -0.13714
v 0.14695 -0.33083 -0.14857
v 0.14695 -0.31475 -0.16000
v 0.14695 -0.29868 -0.17143
v 0.14695 -0.28261 -0.18286
v 0.14695 -0.26654 -0.19429
v 0.14695 -0.25047 -0.20571
v 0.14695 -0.23440 -0.21714
v 0.14695 -0.21833 -0.22857
v 0.14695 -0.20225 -0.24000
v 0.12595 -0.51086 -0.01143
v 0.12595 -0.49479 -0.02286
v 0.12595 -0.47872 -0.03429
v 0.12595 -0.46265 -0.04571
v 0.12595 -0.44658 -0.05714
v 0.12595 -0.43050 -0.06857
v 0.12595 -0.41443 -0.08000
v 0.12595 -0.39836 -0.09143
v 0.12595 -0.38229 -0.10286
v 0.12595 -0.36622 -0.11429
v 0.12595 -0.35015 -0.12571
v 0.12595 -0.33408 -0.13714
v 0.12595 -0.31800 -0.14857
v 0.12595 -0.30193 -0.16000
v 0.12595 -0.28586 -0.17143
v 0.12595 -0.26979 -0.18286
v 0.12595 -0.25372 -0.19429
v 0.12595 -0.23765 -0.20571
v 0.12595 -0.22158 -0.21714
v 0.12595 -0.20550 -0.22857
v 0.12595 -0.18943 -0.24000
v 0.12595 -0.17336 -0.25143
v 0.10496 -0.49804 -0.01143
v 0.10496 -0.48197 -0.02286
v 0.10496 -0.46590 -0.03429
v 0.10496 -0.44982 -0.04571
v 0.10496 -0.43375 -0.05714
v 0.10496 -0.41768 -0.06857
v 0.10496 -0.40161 -0.08000
v 0.10496 -0.38554 -0.09143
v 0.10496 -0.36947 -0.10286
v 0.10496 -0.35340 -0.11429
v 0.10496 -0.33732 -0.12571
v 0.10496 -0.32125 -0.13714
v 0.10496 -0.30518 -0.14857
v 0.10496 -0.28911 -0.16000
v 0.10496 -0.27304 -0.17143
v 0.10496 -0.25697 -0.18286
v 0.10496 -0.24090 -0.19429
v 0.10496 -0.22482 -0.20571
v 0.10496 -0.20875 -0.21714
v 0.10496 -0.19268 -0.22857
v 0.10496 -0.17661 -0.24000
v 0.10496 -0.16054 -0.25143
v 0.10496 -0.14447 -0.26286
v 0.08397 -0.48522 -0.01143
v 0.08397 -0.46915 -0.02286
v 0.08397 -0.45307 -0.03429
v 0.08397 -0.43700 -0.04571
v 0.08397 -0.42093 -0.05714
v 0.08397 -0.40486 -0.06857
v 0.08397 -0.38879 -0.08000
v 0.08397 -0.37272 -0.09143
v 0.08397 -0.35665 -0.10286
v 0.08397 -0.34057 -0.11429
v 0.08397 -0.32450 -0.12571
v 0.08397 -0.30843 -0.13714
v 0.08397 -0.29236 -0.14857
v 0.08397 -0.27629 -0.16000
v 0.08397 -0.26022 -0.17143
v 0.08397 -0.24415 -0.18286
v 0.08397 -0.22807 -0.19429
v 0.08397 -0.21200 -0.20571
v 0.08397 -0.19593 -0.21714
v 0.08397 -0.17986 -0.22857
v 0.08397 -0.16379 -0.24000
v 0.08397 -0.14772 -0.25143
v 0.08397 -0.13165 -0.26286
v 0.08397 -0.11557 -0.27429
v 0.06298 -0.47239 -0.01143
v 0.06298 -0.45632 -0.02286
v 0.06298 -0.44025 -0.03429
v 0.06298 -0.42418 -0.04571
v 0.06298 -0.40811 -0.05714
v 0.06298 -0.39204 -0.06857
v 0.06298 -0.37597 -0.08000
v 0.06298 -0.35989 -0.09143
v 0.06298 -0.34382 -0.10286
v 0.06298 -0.32775 -0.11429
v 0.06298 -0.31168 -0.12571
v 0.06298 -0.29561 -0.13714
v 0.06298 -0.27954 -0.14857
v 0.06298 -0.26347 -0.16000
v 0.06298 -0.24739 -0.17143
v 0.06298 -0.23132 -0.18286
v 0.06298 -0.21525 -0.19429
v 0.06298 -0.19918 -0.20571
v 0.06298 -0.18311 -0.21714
v 0.06298 -0.16704 -0.22857
v 0.06298 -0.15097 -0.24000
v 0.06298 -0.13489 -0.25143
v 0.06298 -0.11882 -0.26286
v 0.06298 -0.10275 -0.27429
v 0.06298 -0.08668 -0.28571
v 0.04198 -0.45957 -0.01143
v 0.04198 -0.44350 -0.02286
v 0.04198 -0.42743 -0.03429
v 0.04198 -0.41136 -0.04571
v 0.04198 -0.39529 -0.05714
v 0.04198 -0.37922 -0.06857
v 0.04198 -0.36314 -0.08000
v 0.04198 -0.34707 -0.09143
v 0.04198 -0.33100 -0.10286
v 0.04198 -0.31493 -0.11429
v 0.04198 -0.29886 -0.12571
v 0.04198 -0.28279 -0.13714
v 0.04198 -0.26672 -0.14857
v 0.04198 -0.25064 -0.16000
v 0.04198 -0.23457 -0.17143
v 0.04198 -0.21850 -0.18286
v 0.04198 -0.20243 -0.19429
v 0.04198 -0.18636 -0.20571
v 0.04198 -0.17029 -0.21714
v 0.04198 -0.15422 -0.22857
v 0.04198 -0.13814 -0.24000
v 0.04198 -0.12207 -0.25143
v 0.04198 -0.10600 -0.26286
v 0.04198 -0.08993 -0.27429
v 0.04198 -0.07386 -0.28571
v 0.04198 -0.05779 -0.29714
v 0.02099 -0.44675 -0.01143
v 0.02099 -0.43068 -0.02286
v 0.02099 -0.41461 -0.03429
v 0.02099 -0.39854 -0.04571
v 0.02099 -0.38246 -0.05714
v 0.02099 -0.36639 -0.06857
v 0.02099 -0.35032 -0.08000
v 0.02099 -0.33425 -0.09143
v 0.02099 -0.31818 -0.10286
v 0.02099 -0.30211 -0.11429
v 0.02099 -0.28604 -0.12571
v 0.02099 -0.26996 -0.13714
v 0.02099 -0.25389 -0.14857
v 0.02099 -0.23782 -0.16000
v 0.02099 -0.22175 -0.17143
v 0.02099 -0.20568 -0.18286
v 0.02099 -0.18961 -0.19429
v 0.02099 -0.17354 -0.20571
v 0.02099 -0.15746 -0.21714
v 0.02099 -0.14139 -0.22857
v 0.02099 -0.12532 -0.24000
v 0.02099 -0.10925 -0.25143
v 0.02099 -0.09318 -0.26286
v 0.02099 -0.07711 -0.27429
v 0.02099 -0.06104 -0.28571
v 0.02099 -0.04496 -0.29714
v 0.02099 -0.02889 -0.30857
v -0.00000 -0.14464 -0.21714
v -0.00000 -0.12857 -0.22857
v -0.00000 -0.11250 -0.24000
v -0.00000 -0.09643 -0.25143
v -0.00000 -0.08036 -0.26286
v -0.00000 -0.06429 -0.27429
v -0.00000 -0.04821 -0.28571
v -0.00000 -0.03214 -0.29714
v -0.00000 -0.01607 -0.30857
v 0.58208 -0.78509 0.00000
v 0.57637 -0.76116 0.00000
v 0.56109 -0.75620 0.01143
v 0.57066 -0.73724 0.00000
v 0.55538 -0.73227 0.01143
v 0.54009 -0.72730 0.02286
v 0.56496 -0.71331 0.00000
v 0.54967 -0.70834 0.01143
v 0.53439 -0.70338 0.02286
v 0.51910 -0.69841 0.03429
v 0.55925 -0.68938 0.00000
v 0.54396 -0.68442 0.01143
v 0.52868 -0.67945 0.02286
v 0.51339 -0.67448 0.03429
v 0.49811 -0.66952 0.04571
v 0.55354 -0.66545 0.00000
v 0.53826 -0.66049 0.01143
v 0.52297 -0.65552 0.02286
v 0.50769 -0.65056 0.03429
v 0.49240 -0.64559 0.04571
v 0.47712 -0.64062 0.05714
v 0.54783 -0.64153 0.00000
v 0.53255 -0.63656 0.01143
v 0.51726 -0.63159 0.02286
v 0.50198 -0.62663 0.03429
v 0.48669 -0.62166 0.04571
v 0.47141 -0.61670 0.05714
v 0.45612 -0.61173 0.06857
v 0.54213 -0.61760 0.00000
v 0.52684 -0.61263 0.01143
v 0.51156 -0.60767 0.02286
v 0.49627 -0.60270 0.03429
v 0.48099 -0.59773 0.04571
v 0.46570 -0.59277 0.05714
v 0.45042 -0.58780 0.06857
v 0.43513 -0.58284 0.08000
v 0.53642 -0.59367 0.00000
v 0.52113 -0.58871 0.01143
v 0.50585 -0.58374 0.02286
v 0.49056 -0.57877 0.03429
v 0.47528 -0.57381 0.04571
v 0.45999 -0.56884 0.05714
v 0.44471 -0.56387 0.06857
v 0.42942 -0.55891 0.08000
v 0.41414 -0.55394 0.09143
v 0.53071 -0.56975 0.00000
v 0.51543 -0.56478 0.01143
v 0.50014 -0.55981 0.02286
v 0.48486 -0.55485 0.03429
v 0.46957 -0.54988 0.04571
v 0.45429 -0.54491 0.05714
v 0.43900 -0.53995 0.06857
v 0.42372 -0.53498 0.08000
v 0.40843 -0.53002 0.09143
v 0.39315 -0.52505 0.10286
v 0.52500 -0.54582 0.00000
v 0.50972 -0.54085 0.01143
v 0.49443 -0.53589 0.02286
v 0.47915 -0.53092 0.03429
v 0.46386 -0.52595 0.04571
v 0.44858 -0.52099 0.05714
v 0.43329 -0.51602 0.06857
v 0.41801 -0.51105 0.08000
v 0.40272 -0.50609 0.09143
v 0.38744 -0.50112 0.10286
v 0.37215 -0.49616 0.11429
v 0.51930 -0.52189 0.00000
v 0.50401 -0.51693 0.01143
v 0.48873 -0.51196 0.02286
v 0.47344 -0.50699 0.03429
v 0.45816 -0.50203 0.04571
v 0.44287 -0.49706 0.05714
v 0.42759 -0.49209 0.06857
v 0.41230 -0.48713 0.08000
v 0.39702 -0.48216 0.09143
v 0.38173 -0.47719 0.10286
v 0.36645 -0.47223 0.11429
v 0.35116 -0.46726 0.12571
v 0.51359 -0.49796 0.00000
v 0.49830 -0.49300 0.01143
v 0.48302 -0.48803 0.02286
v 0.46773 -0.48307 0.03429
v 0.45245 -0.47810 0.04571
v 0.43716 -0.47313 0.05714
v 0.42188 -0.46817 0.06857
v 0.40659 -0.46320 0.08000
v 0.39131 -0.45823 0.09143
v 0.37602 -0.45327 0.10286
v 0.36074 -0.44830 0.11429
v 0.34545 -0.44333 0.12571
v 0.33017 -0.43837 0.13714
v 0.50788 -0.47404 0.00000
v 0.49260 -0.46907 0.01143
v 0.47731 -0.46410 0.02286
v 0.46203 -0.45914 0.03429
v 0.44674 -0.45417 0.04571
v 0.43146 -0.44921 0.05714
v 0.41617 -0.44424 0.06857
v 0.40089 -0.43927 0.08000
v 0.38560 -0.43431 0.09143
v 0.37032 -0.42934 0.10286
v 0.35503 -0.42437 0.11429
v 0.33975 -0.41941 0.12571
v 0.32446 -0.41444 0.13714
v 0.30918 -0.40947 0.14857
v 0.50217 -0.45011 0.00000
v 0.48689 -0.44514 0.01143
v 0.47160 -0.44018 0.02286
v 0.45632 -0.43521 0.03429
v 0.44103 -0.43024 0.04571
v 0.42575 -0.42528 0.05714
v 0.41046 -0.42031 0.06857
v 0.39518 -0.41535 0.08000
v 0.37989 -0.41038 0.09143
v 0.36461 -0.40541 0.10286
v 0.34932 -0.40045 0.11429
v 0.33404 -0.39548 0.12571
v 0.31875 -0.39051 0.13714
v 0.30347 -0.38555 0.14857
v 0.28819 -0.38058 0.16000
v 0.49647 -0.42618 0.00000
v 0.48118 -0.42122 0.01143
v 0.46590 -0.41625 0.02286
v 0.45061 -0.41128 0.03429
v 0.43533 -0.40632 0.04571
v 0.42004 -0.40135 0.05714
v 0.40476 -0.39639 0.06857
v 0.38947 -0.39142 0.08000
v 0.37419 -0.38645 0.09143
v 0.35890 -0.38149 0.10286
v 0.34362 -0.37652 0.11429
v 0.32833 -0.37155 0.12571
v 0.31305 -0.36659 0.13714
v 0.29776 -0.36162 0.14857
v 0.28248 -0.35665 0.16000
v 0.26719 -0.35169 0.17143
v 0.49076 -0.40226 0.00000
v 0.47547 -0.39729 0.01143
v 0.46019 -0.39232 0.02286
v 0.44490 -0.38736 0.03429
v 0.42962 -0.38239 0.04571
v 0.41433 -0.37742 0.05714
v 0.39905 -0.37246 0.06857
v 0.38376 -0.36749 0.08000
v 0.36848 -0.36253 0.09143
v 0.35319 -0.35756 0.10286
v 0.33791 -0.35259 0.11429
v 0.32262 -0.34763 0.12571
v 0.30734 -0.34266 0.13714
v 0.29205 -0.33769 0.14857
v 0.27677 -0.33273 0.16000
v 0.26149 -0.32776 0.17143
v 0.24620 -0.32279 0.18286
v 0.48505 -0.37833 0.00000
v 0.46977 -0.37336 0.01143
v 0.45448 -0.36840 0.02286
v 0.43920 -0.36343 0.03429
v 0.42391 -0.35846 0.04571
v 0.40863 -0.35350 0.05714
v 0.39334 -0.34853 0.06857
v 0.37806 -0.34356 0.08000
v 0.36277 -0.33860 0.09143
v 0.34749 -0.33363 0.10286
v 0.33220 -0.32867 0.11429
v 0.31692 -0.32370 0.12571
v 0.30163 -0.31873 0.13714
v 0.28635 -0.31377 0.14857
v 0.27106 -0.30880 0.16000
v 0.25578 -0.30383 0.17143
v 0.24049 -0.29887 0.18286
v 0.22521 -0.29390 0.19429
v 0.47934 -0.35440 0.00000
v 0.46406 -0.34944 0.01143
v 0.44877 -0.34447 0.02286
v 0.43349 -0.33950 0.03429
v 0.41820 -0.33454 0.04571
v 0.40292 -0.32957 0.05714
v 0.38763 -0.32460 0.06857
v 0.37235 -0.31964 0.08000
v 0.35706 -0.31467 0.09143
v 0.34178 -0.30970 0.10286
v 0.32649 -0.30474 0.11429
v 0.31121 -0.29977 0.12571
v 0.29592 -0.29481 0.13714
v 0.28064 -0.28984 0.14857
v 0.26536 -0.28487 0.16000
v 0.25007 -0.27991 0.17143
v 0.23479 -0.27494 0.18286
v 0.21950 -0.26997 0.19429
v 0.20422 -0.26501 0.20571
v 0.47364 -0.33047 0.00000
v 0.45835 -0.32551 0.01143
v 0.44307 -0.32054 0.02286
v 0.42778 -0.31558 0.03429
v 0.41250 -0.31061 0.04571
v 0.39721 -0.30564 0.05714
v 0.38193 -0.30068 0.06857
v 0.36664 -0.29571 0.08000
v 0.35136 -0.29074 0.09143
v 0.33607 -0.28578 0.10286
v 0.32079 -0.28081 0.11429
v 0.30550 -0.27584 0.12571
v 0.29022 -0.27088 0.13714
v 0.27493 -0.26591 0.14857
v 0.25965 -0.26095 0.16000
v 0.24436 -0.25598 0.17143
v 0.22908 -0.25101 0.18286
v 0.21379 -0.24605 0.19429
v 0.19851 -0.24108 0.20571
v 0.18322 -0.23611 0.21714
v 0.46793 -0.30655 0.00000
v 0.45264 -0.30158 0.01143
v 0.43736 -0.29661 0.02286
v 0.42207 -0.29165 0.03429
v 0.40679 -0.28668 0.04571
v 0.39150 -0.28172 0.05714
v 0.37622 -0.27675 0.06857
v 0.36093 -0.27178 0.08000
v 0.34565 -0.26682 0.09143
v 0.33036 -0.26185 0.10286
v 0.31508 -0.25688 0.11429
v 0.29979 -0.25192 0.12571
v 0.28451 -0.24695 0.13714
v 0.26923 -0.24199 0.14857
v 0.25394 -0.23702 0.16000
v 0.23866 -0.23205 0.17143
v 0.22337 -0.22709 0.18286
v 0.20809 -0.22212 0.19429
v 0.19280 -0.21715 0.20571
v 0.17752 -0.21219 0.21714
v 0.16223 -0.20722 0.22857
v 0.46222 -0.28262 0.00000
v 0.44694 -0.27765 0.01143
v 0.43165 -0.27269 0.02286
v 0.41637 -0.26772 0.03429
v 0.40108 -0.26275 0.04571
v 0.38580 -0.25779 0.05714
v 0.37051 -0.25282 0.06857
v 0.35523 -0.24786 0.08000
v 0.33994 -0.24289 0.09143
v 0.32466 -0.23792 0.10286
v 0.30937 -0.23296 0.11429
v 0.29409 -0.22799 0.12571
v 0.27880 -0.22302 0.13714
v 0.26352 -0.21806 0.14857
v 0.24823 -0.21309 0.16000
v 0.23295 -0.20813 0.17143
v 0.21766 -0.20316 0.18286
v 0.20238 -0.19819 0.19429
v 0.18709 -0.19323 0.20571
v 0.17181 -0.18826 0.21714
v 0.15652 -0.18329 0.22857
v 0.14124 -0.17833 0.24000
v 0.45651 -0.25869 0.00000
v 0.44123 -0.25373 0.01143
v 0.42594 -0.24876 0.02286
v 0.41066 -0.24379 0.03429
v 0.39537 -0.23883 0.04571
v 0.38009 -0.23386 0.05714
v 0.36480 -0.22890 0.06857
v 0.34952 -0.22393 0.08000
v 0.33423 -0.21896 0.09143
v 0.31895 -0.21400 0.10286
v 0.30366 -0.20903 0.11429
v 0.28838 -0.20406 0.12571
v 0.27309 -0.19910 0.13714
v 0.25781 -0.19413 0.14857
v 0.24253 -0.18916 0.16000
v 0.22724 -0.18420 0.17143
v 0.21196 -0.17923 0.18286
v 0.19667 -0.17427 0.19429
v 0.18139 -0.16930 0.20571
v 0.16610 -0.16433 0.21714
v 0.15082 -0.15937 0.22857
v 0.13553 -0.15440 0.24000
v 0.12025 -0.14943 0.25143
v 0.45081 -0.23477 0.00000
v 0.43552 -0.22980 0.01143
v 0.42024 -0.22483 0.02286
v 0.40495 -0.21987 0.03429
v 0.38967 -0.21490 0.04571
v 0.37438 -0.20993 0.05714
v 0.35910 -0.20497 0.06857
v 0.34381 -0.20000 0.08000
v 0.32853 -0.19504 0.09143
v 0.31324 -0.19007 0.10286
v 0.29796 -0.18510 0.11429
v 0.28267 -0.18014 0.12571
v 0.26739 -0.17517 0.13714
v 0.25210 -0.17020 0.14857
v 0.23682 -0.16524 0.16000
v 0.22153 -0.16027 0.17143
v 0.20625 -0.15530 0.18286
v 0.19096 -0.15034 0.19429
v 0.17568 -0.14537 0.20571
v 0.16039 -0.14041 0.21714
v 0.14511 -0.13544 0.22857
v 0.12982 -0.13047 0.24000
v 0.11454 -0.12551 0.25143
v 0.09925 -0.12054 0.26286
v 0.44510 -0.21084 0.00000
v 0.42981 -0.20587 0.01143
v 0.41453 -0.20091 0.02286
v 0.39924 -0.19594 0.03429
v 0.38396 -0.19097 0.04571
v 0.36867 -0.18601 0.05714
v 0.35339 -0.18104 0.06857
v 0.33810 -0.17607 0.08000
v 0.32282 -0.17111 0.09143
v 0.30753 -0.16614 0.10286
v 0.29225 -0.16118 0.11429
v 0.27696 -0.15621 0.12571
v 0.26168 -0.15124 0.13714
v 0.24640 -0.14628 0.14857
v 0.23111 -0.14131 0.16000
v 0.21583 -0.13634 0.17143
v 0.20054 -0.13138 0.18286
v 0.18526 -0.12641 0.19429
v 0.16997 -0.12144 0.20571
v 0.15469 -0.11648 0.21714
v 0.13940 -0.11151 0.22857
v 0.12412 -0.10655 0.24000
v 0.10883 -0.10158 0.25143
v 0.09355 -0.09661 0.26286
v 0.07826 -0.09165 0.27429
v 0.43939 -0.18691 0.00000
v 0.42411 -0.18195 0.01143
v 0.40882 -0.17698 0.02286
v 0.39354 -0.17201 0.03429
v 0.37825 -0.16705 0.04571
v 0.36297 -0.16208 0.05714
v 0.34768 -0.15711 0.06857
v 0.33240 -0.15215 0.08000
v 0.31711 -0.14718 0.09143
v 0.30183 -0.14221 0.10286
v 0.28654 -0.13725 0.11429
v 0.27126 -0.13228 0.12571
v 0.25597 -0.12732 0.13714
v 0.24069 -0.12235 0.14857
v 0.22540 -0.11738 0.16000
v 0.21012 -0.11242 0.17143
v 0.19483 -0.10745 0.18286
v 0.17955 -0.10248 0.19429
v 0.16426 -0.09752 0.20571
v 0.14898 -0.09255 0.21714
v 0.13369 -0.08758 0.22857
v 0.11841 -0.08262 0.24000
v 0.10312 -0.07765 0.25143
v 0.08784 -0.07269 0.26286
v 0.07255 -0.06772 0.27429
v 0.05727 -0.06275 0.28571
v 0.43368 -0.16298 0.00000
v 0.41840 -0.15802 0.01143
v 0.40311 -0.15305 0.02286
v 0.38783 -0.14809 0.03429
v 0.37254 -0.14312 0.04571
v 0.35726 -0.13815 0.05714
v 0.34197 -0.13319 0.06857
v 0.32669 -0.12822 0.08000
v 0.31140 -0.12325 0.09143
v 0.29612 -0.11829 0.10286
v 0.28083 -0.11332 0.11429
v 0.26555 -0.10835 0.12571
v 0.25026 -0.10339 0.13714
v 0.23498 -0.09842 0.14857
v 0.21970 -0.09346 0.16000
v 0.20441 -0.08849 0.17143
v 0.18913 -0.08352 0.18286
v 0.17384 -0.07856 0.19429
v 0.15856 -0.07359 0.20571
v 0.14327 -0.06862 0.21714
v 0.12799 -0.06366 0.22857
v 0.11270 -0.05869 0.24000
v 0.09742 -0.05373 0.25143
v 0.08213 -0.04876 0.26286
v 0.06685 -0.04379 0.27429
v 0.05156 -0.03883 0.28571
v 0.03628 -0.03386 0.29714
v 0.42798 -0.13906 0.00000
v 0.41269 -0.13409 0.01143
v 0.39741 -0.12912 0.02286
v 0.38212 -0.12416 0.03429
v 0.36684 -0.11919 0.04571
v 0.35155 -0.11423 0.05714
v 0.33627 -0.10926 0.06857
v 0.32098 -0.10429 0.08000
v 0.30570 -0.09933 0.09143
v 0.29041 -0.09436 0.10286
v 0.27513 -0.08939 0.11429
v 0.25984 -0.08443 0.12571
v 0.24456 -0.07946 0.13714
v 0.22927 -0.07450 0.14857
v 0.21399 -0.06953 0.16000
v 0.19870 -0.06456 0.17143
v 0.18342 -0.05960 0.18286
v 0.16813 -0.05463 0.19429
v 0.15285 -0.04966 0.20571
v 0.13756 -0.04470 0.21714
v 0.12228 -0.03973 0.22857
v 0.10699 -0.03476 0.24000
v 0.09171 -0.02980 0.25143
v 0.07642 -0.02483 0.26286
v 0.06114 -0.01987 0.27429
v 0.04585 -0.01490 0.28571
v 0.03057 -0.00993 0.29714
v 0.01528 -0.00497 0.30857
v 0.41269 -0.13409 -0.01143
v 0.41840 -0.15802 -0.01143
v 0.39741 -0.12912 -0.02286
v 0.42411 -0.18195 -0.01143
v 0.40311 -0.15305 -0.02286
v 0.38212 -0.12416 -0.03429
v 0.42981 -0.20587 -0.01143
v 0.40882 -0.17698 -0.02286
v 0.38783 -0.14809 -0.03429
v 0.36684 -0.11919 -0.04571
v 0.43552 -0.22980 -0.01143
v 0.41453 -0.20091 -0.02286
v 0.39354 -0.17201 -0.03429
v 0.37254 -0.14312 -0.04571
v 0.35155 -0.11423 -0.05714
v 0.44123 -0.25373 -0.01143
v 0.42024 -0.22483 -0.02286
v 0.39924 -0.19594 -0.03429
v 0.37825 -0.16705 -0.04571
v 0.35726 -0.13815 -0.05714
v 0.33627 -0.10926 -0.06857
v 0.44694 -0.27765 -0.01143
v 0.42594 -0.24876 -0.02286
v 0.40495 -0.21987 -0.03429
v 0.38396 -0.19097 -0.04571
v 0.36297 -0.16208 -0.05714
v 0.34197 -0.13319 -0.06857
v 0.32098 -0.10429 -0.08000
v 0.45264 -0.30158 -0.01143
v 0.43165 -0.27269 -0.02286
v 0.41066 -0.24379 -0.03429
v 0.38967 -0.21490 -0.04571
v 0.36867 -0.18601 -0.05714
v 0.34768 -0.15711 -0.06857
v 0.32669 -0.12822 -0.08000
v 0.30570 -0.09933 -0.09143
v 0.45835 -0.32551 -0.01143
v 0.43736 -0.29661 -0.02286
v 0.41637 -0.26772 -0.03429
v 0.39537 -0.23883 -0.04571
v 0.37438 -0.20993 -0.05714
v 0.35339 -0.18104 -0.06857
v 0.33240 -0.15215 -0.08000
v 0.31140 -0.12325 -0.09143
v 0.29041 -0.09436 -0.10286
v 0.46406 -0.34944 -0.01143
v 0.44307 -0.32054 -0.02286
v 0.42207 -0.29165 -0.03429
v 0.40108 -0.26275 -0.04571
v 0.38009 -0.23386 -0.05714
v 0.35910 -0.20497 -0.06857
v 0.33810 -0.17607 -0.08000
v 0.31711 -0.14718 -0.09143
v 0.29612 -0.11829 -0.10286
v 0.27513 -0.08939 -0.11429
v 0.46977 -0.37336 -0.01143
v 0.44877 -0.34447 -0.02286
v 0.42778 -0.31558 -0.03429
v 0.40679 -0.28668 -0.04571
v 0.38580 -0.25779 -0.05714
v 0.36480 -0.22890 -0.06857
v 0.34381 -0.20000 -0.08000
v 0.32282 -0.17111 -0.09143
v 0.30183 -0.14221 -0.10286
v 0.28083 -0.11332 -0.11429
v 0.25984 -0.08443 -0.12571
v 0.47547 -0.39729 -0.01143
v 0.45448 -0.36840 -0.02286
v 0.43349 -0.33950 -0.03429
v 0.41250 -0.31061 -0.04571
v 0.39150 -0.28172 -0.05714
v 0.37051 -0.25282 -0.06857
v 0.34952 -0.22393 -0.08000
v 0.32853 -0.19504 -0.09143
v 0.30753 -0.16614 -0.10286
v 0.28654 -0.13725 -0.11429
v 0.26555 -0.10835 -0.12571
v 0.24456 -0.07946 -0.13714
v 0.48118 -0.42122 -0.01143
v 0.46019 -0.39232 -0.02286
v 0.43920 -0.36343 -0.03429
v 0.41820 -0.33454 -0.04571
v 0.39721 -0.30564 -0.05714
v 0.37622 -0.27675 -0.06857
v 0.35523 -0.24786 -0.08000
v 0.33423 -0.21896 -0.09143
v 0.31324 -0.19007 -0.10286
v 0.29225 -0.16118 -0.11429
v 0.27126 -0.13228 -0.12571
v 0.25026 -0.10339 -0.13714
v 0.22927 -0.07450 -0.14857
v 0.48689 -0.44514 -0.01143
v 0.46590 -0.41625 -0.02286
v 0.44490 -0.38736 -0.03429
v 0.42391 -0.35846 -0.04571
v 0.40292 -0.32957 -0.05714
v 0.38193 -0.30068 -0.06857
v 0.36093 -0.27178 -0.08000
v 0.33994 -0.24289 -0.09143
v 0.31895 -0.21400 -0.10286
v 0.29796 -0.18510 -0.11429
v 0.27696 -0.15621 -0.12571
v 0.25597 -0.12732 -0.13714
v 0.23498 -0.09842 -0.14857
v 0.21399 -0.06953 -0.16000
v 0.49260 -0.46907 -0.01143
v 0.47160 -0.44018 -0.02286
v 0.45061 -0.41128 -0.03429
v 0.42962 -0.38239 -0.04571
v 0.40863 -0.35350 -0.05714
v 0.38763 -0.32460 -0.06857
v 0.36664 -0.29571 -0.08000
v 0.34565 -0.26682 -0.09143
v 0.32466 -0.23792 -0.10286
v 0.30366 -0.20903 -0.11429
v 0.28267 -0.18014 -0.12571
v 0.26168 -0.15124 -0.13714
v 0.24069 -0.12235 -0.14857
v 0.21970 -0.09346 -0.16000
v 0.19870 -0.06456 -0.17143
v 0.49830 -0.49300 -0.01143
v 0.47731 -0.46410 -0.02286
v 0.45632 -0.43521 -0.03429
v 0.43533 -0.40632 -0.04571
v 0.41433 -0.37742 -0.05714
v 0.39334 -0.34853 -0.06857
v 0.37235 -0.31964 -0.08000
v 0.35136 -0.29074 -0.09143
v 0.33036 -0.26185 -0.10286
v 0.30937 -0.23296 -0.11429
v 0.28838 -0.20406 -0.12571
v 0.26739 -0.17517 -0.13714
v 0.24640 -0.14628 -0.14857
v 0.22540 -0.11738 -0.16000
v 0.20441 -0.08849 -0.17143
v 0.18342 -0.05960 -0.18286
v 0.50401 -0.51693 -0.01143
v 0.48302 -0.48803 -0.02286
v 0.46203 -0.45914 -0.03429
v 0.44103 -0.43024 -0.04571
v 0.42004 -0.40135 -0.05714
v 0.39905 -0.37246 -0.06857
v 0.37806 -0.34356 -0.08000
v 0.35706 -0.31467 -0.09143
v 0.33607 -0.28578 -0.10286
v 0.31508 -0.25688 -0.11429
v 0.29409 -0.22799 -0.12571
v 0.27309 -0.19910 -0.13714
v 0.25210 -0.17020 -0.14857
v 0.23111 -0.14131 -0.16000
v 0.21012 -0.11242 -0.17143
v 0.18913 -0.08352 -0.18286
v 0.16813 -0.05463 -0.19429
v 0.50972 -0.54085 -0.01143
v 0.48873 -0.51196 -0.02286
v 0.46773 -0.48307 -0.03429
v 0.44674 -0.45417 -0.04571
v 0.42575 -0.42528 -0.05714
v 0.40476 -0.39639 -0.06857
v 0.38376 -0.36749 -0.08000
v 0.36277 -0.33860 -0.09143
v 0.34178 -0.30970 -0.10286
v 0.32079 -0.28081 -0.11429
v 0.29979 -0.25192 -0.12571
v 0.27880 -0.22302 -0.13714
v 0.25781 -0.19413 -0.14857
v 0.23682 -0.16524 -0.16000
v 0.21583 -0.13634 -0.17143
v 0.19483 -0.10745 -0.18286
v 0.17384 -0.07856 -0.19429
v 0.15285 -0.04966 -0.20571
v 0.51543 -0.56478 -0.01143
v 0.49443 -0.53589 -0.02286
v 0.47344 -0.50699 -0.03429
v 0.45245 -0.47810 -0.04571
v 0.43146 -0.44921 -0.05714
v 0.41046 -0.42031 -0.06857
v 0.38947 -0.39142 -0.08000
v 0.36848 -0.36253 -0.09143
v 0.34749 -0.33363 -0.10286
v 0.32649 -0.30474 -0.11429
v 0.30550 -0.27584 -0.12571
v 0.28451 -0.24695 -0.13714
v 0.26352 -0.21806 -0.14857
v 0.24253 -0.18916 -0.16000
v 0.22153 -0.16027 -0.17143
v 0.20054 -0.13138 -0.18286
v 0.17955 -0.10248 -0.19429
v 0.15856 -0.07359 -0.20571
v 0.13756 -0.04470 -0.21714
v 0.52113 -0.58871 -0.01143
v 0.50014 -0.55981 -0.02286
v 0.47915 -0.53092 -0.03429
v 0.45816 -0.50203 -0.04571
v 0.43716 -0.47313 -0.05714
v 0.41617 -0.44424 -0.06857
v 0.39518 -0.41535 -0.08000
v 0.37419 -0.38645 -0.09143
v 0.35319 -0.35756 -0.10286
v 0.33220 -0.32867 -0.11429
v 0.31121 -0.29977 -0.12571
v 0.29022 -0.27088 -0.13714
v 0.26923 -0.24199 -0.14857
v 0.24823 -0.21309 -0.16000
v 0.22724 -0.18420 -0.17143
v 0.20625 -0.15530 -0.18286
v 0.18526 -0.12641 -0.19429
v 0.16426 -0.09752 -0.20571
v 0.14327 -0.06862 -0.21714
v 0.12228 -0.03973 -0.22857
v 0.52684 -0.61263 -0.01143
v 0.50585 -0.58374 -0.02286
v 0.48486 -0.55485 -0.03429
v 0.46386 -0.52595 -0.04571
v 0.44287 -0.49706 -0.05714
v 0.42188 -0.46817 -0.06857
v 0.40089 -0.43927 -0.08000
v 0.37989 -0.41038 -0.09143
v 0.35890 -0.38149 -0.10286
v 0.33791 -0.35259 -0.11429
v 0.31692 -0.32370 -0.12571
v 0.29592 -0.29481 -0.13714
v 0.27493 -0.26591 -0.14857
v 0.25394 -0.23702 -0.16000
v 0.23295 -0.20813 -0.17143
v 0.21196 -0.17923 -0.18286
v 0.19096 -0.15034 -0.19429
v 0.16997 -0.12144 -0.20571
v 0.14898 -0.09255 -0.21714
v 0.12799 -0.06366 -0.22857
v 0.10699 -0.03476 -0.24000
v 0.53255 -0.63656 -0.01143
v 0.51156 -0.60767 -0.02286
v 0.49056 -0.57877 -0.03429
v 0.46957 -0.54988 -0.04571
v 0.44858 -0.52099 -0.05714
v 0.42759 -0.49209 -0.06857
v 0.40659 -0.46320 -0.08000
v 0.38560 -0.43431 -0.09143
v 0.36461 -0.40541 -0.10286
v 0.34362 -0.37652 -0.11429
v 0.32262 -0.34763 -0.12571
v 0.30163 -0.31873 -0.13714
v 0.28064 -0.28984 -0.14857
v 0.25965 -0.26095 -0.16000
v 0.23866 -0.23205 -0.17143
v 0.21766 -0.20316 -0.18286
v 0.19667 -0.17427 -0.19429
v 0.17568 -0.14537 -0.20571
v 0.15469 -0.11648 -0.21714
v 0.13369 -0.08758 -0.22857
v 0.11270 -0.05869 -0.24000
v 0.09171 -0.02980 -0.25143
v 0.53826 -0.66049 -0.01143
v 0.51726 -0.63159 -0.02286
v 0.49627 -0.60270 -0.03429
v 0.47528 -0.57381 -0.04571
v 0.45429 -0.54491 -0.05714
v 0.43329 -0.51602 -0.06857
v 0.41230 -0.48713 -0.08000
v 0.39131 -0.45823 -0.09143
v 0.37032 -0.42934 -0.10286
v 0.34932 -0.40045 -0.11429
v 0.32833 -0.37155 -0.12571
v 0.30734 -0.34266 -0.13714
v 0.28635 -0.31377 -0.14857
v 0.26536 -0.28487 -0.16000
v 0.24436 -0.25598 -0.17143
v 0.22337 -0.22709 -0.18286
v 0.20238 -0.19819 -0.19429
v 0.18139 -0.16930 -0.20571
v 0.16039 -0.14041 -0.21714
v 0.13940 -0.11151 -0.22857
v 0.11841 -0.08262 -0.24000
v 0.09742 -0.05373 -0.25143
v 0.07642 -0.02483 -0.26286
v 0.54396 -0.68442 -0.01143
v 0.52297 -0.65552 -0.02286
v 0.50198 -0.62663 -0.03429
v 0.48099 -0.59773 -0.04571
v 0.45999 -0.56884 -0.05714
v 0.43900 -0.53995 -0.06857
v 0.41801 -0.51105 -0.08000
v 0.39702 -0.48216 -0.09143
v 0.37602 -0.45327 -0.10286
v 0.35503 -0.42437 -0.11429
v 0.33404 -0.39548 -0.12571
v 0.31305 -0.36659 -0.13714
v 0.29205 -0.33769 -0.14857
v 0.27106 -0.30880 -0.16000
v 0.25007 -0.27991 -0.17143
v 0.22908 -0.25101 -0.18286
v 0.20809 -0.22212 -0.19429
v 0.18709 -0.19323 -0.20571
v 0.16610 -0.16433 -0.21714
v 0.14511 -0.13544 -0.22857
v 0.12412 -0.10655 -0.24000
v 0.10312 -0.07765 -0.25143
v 0.08213 -0.04876 -0.26286
v 0.06114 -0.01987 -0.27429
v 0.54967 -0.70834 -0.01143
v 0.52868 -0.67945 -0.02286
v 0.50769 -0.65056 -0.03429
v 0.48669 -0.62166 -0.04571
v 0.46570 -0.59277 -0.05714
v 0.44471 -0.56387 -0.06857
v 0.42372 -0.53498 -0.08000
v 0.40272 -0.50609 -0.09143
v 0.38173 -0.47719 -0.10286
v 0.36074 -0.44830 -0.11429
v 0.33975 -0.41941 -0.12571
v 0.31875 -0.39051 -0.13714
v 0.29776 -0.36162 -0.14857
v 0.27677 -0.33273 -0.16000
v 0.25578 -0.30383 -0.17143
v 0.23479 -0.27494 -0.18286
v 0.21379 -0.24605 -0.19429
v 0.19280 -0.21715 -0.20571
v 0.17181 -0.18826 -0.21714
v 0.15082 -0.15937 -0.22857
v 0.12982 -0.13047 -0.24000
v 0.10883 -0.10158 -0.25143
v 0.08784 -0.07269 -0.26286
v 0.06685 -0.04379 -0.27429
v 0.04585 -0.01490 -0.28571
v 0.55538 -0.73227 -0.01143
v 0.53439 -0.70338 -0.02286
v 0.51339 -0.67448 -0.03429
v 0.49240 -0.64559 -0.04571
v 0.47141 -0.61670 -0.05714
v 0.45042 -0.58780 -0.06857
v 0.42942 -0.55891 -0.08000
v 0.40843 -0.53002 -0.09143
v 0.38744 -0.50112 -0.10286
v 0.36645 -0.47223 -0.11429
v 0.34545 -0.44333 -0.12571
v 0.32446 -0.41444 -0.13714
v 0.30347 -0.38555 -0.14857
v 0.28248 -0.35665 -0.16000
v 0.26149 -0.32776 -0.17143
v 0.24049 -0.29887 -0.18286
v 0.21950 -0.26997 -0.19429
v 0.19851 -0.24108 -0.20571
v 0.17752 -0.21219 -0.21714
v 0.15652 -0.18329 -0.22857
v 0.13553 -0.15440 -0.24000
v 0.11454 -0.12551 -0.25143
v 0.09355 -0.09661 -0.26286
v 0.07255 -0.06772 -0.27429
v 0.05156 -0.03883 -0.28571
v 0.03057 -0.00993 -0.29714
v 0.56109 -0.75620 -0.01143
v 0.54009 -0.72730 -0.02286
v 0.51910 -0.69841 -0.03429
v 0.49811 -0.66952 -0.04571
v 0.47712 -0.64062 -0.05714
v 0.45612 -0.61173 -0.06857
v 0.43513 -0.58284 -0.08000
v 0.41414 -0.55394 -0.09143
v 0.39315 -0.52505 -0.10286
v 0.37215 -0.49616 -0.11429
v 0.35116 -0.46726 -0.12571
v 0.33017 -0.43837 -0.13714
v 0.30918 -0.40947 -0.14857
v 0.28819 -0.38058 -0.16000
v 0.26719 -0.35169 -0.17143
v 0.24620 -0.32279 -0.18286
v 0.22521 -0.29390 -0.19429
v 0.20422 -0.26501 -0.20571
v 0.18322 -0.23611 -0.21714
v 0.16223 -0.20722 -0.22857
v 0.14124 -0.17833 -0.24000
v 0.12025 -0.14943 -0.25143
v 0.09925 -0.12054 -0.26286
v 0.07826 -0.09165 -0.27429
v 0.05727 -0.06275 -0.28571
v 0.03628 -0.03386 -0.29714
v 0.01528 -0.00497 -0.30857
v 0.44666 -0.12305 0.00000
v 0.46534 -0.10705 0.00000
v 0.43137 -0.11809 0.01143
v 0.48402 -0.09105 0.00000
v 0.45005 -0.10209 0.01143
v 0.41609 -0.11312 0.02286
v 0.50270 -0.07505 0.00000
v 0.46873 -0.08608 0.01143
v 0.43477 -0.09712 0.02286
v 0.40080 -0.10816 0.03429
v 0.52138 -0.05904 0.00000
v 0.48742 -0.07008 0.01143
v 0.45345 -0.08112 0.02286
v 0.41948 -0.09215 0.03429
v 0.38552 -0.10319 0.04571
v 0.54006 -0.04304 0.00000
v 0.50610 -0.05408 0.01143
v 0.47213 -0.06511 0.02286
v 0.43817 -0.07615 0.03429
v 0.40420 -0.08719 0.04571
v 0.37023 -0.09822 0.05714
v 0.55875 -0.02704 0.00000
v 0.52478 -0.03808 0.01143
v 0.49081 -0.04911 0.02286
v 0.45685 -0.06015 0.03429
v 0.42288 -0.07118 0.04571
v 0.38891 -0.08222 0.05714
v 0.35495 -0.09326 0.06857
v 0.57743 -0.01104 0.00000
v 0.54346 -0.02207 0.01143
v 0.50949 -0.03311 0.02286
v 0.47553 -0.04415 0.03429
v 0.44156 -0.05518 0.04571
v 0.40760 -0.06622 0.05714
v 0.37363 -0.07725 0.06857
v 0.33966 -0.08829 0.08000
v 0.59611 0.00497 0.00000
v 0.56214 -0.00607 0.01143
v 0.52818 -0.01711 0.02286
v 0.49421 -0.02814 0.03429
v 0.46024 -0.03918 0.04571
v 0.42628 -0.05022 0.05714
v 0.39231 -0.06125 0.06857
v 0.35834 -0.07229 0.08000
v 0.32438 -0.08332 0.09143
v 0.61479 0.02097 0.00000
v 0.58082 0.00993 0.01143
v 0.54686 -0.00110 0.02286
v 0.51289 -0.01214 0.03429
v 0.47892 -0.02318 0.04571
v 0.44496 -0.03421 0.05714
v 0.41099 -0.04525 0.06857
v 0.37703 -0.05629 0.08000
v 0.34306 -0.06732 0.09143
v 0.30909 -0.07836 0.10286
v 0.63347 0.03697 0.00000
v 0.59951 0.02594 0.01143
v 0.56554 0.01490 0.02286
v 0.53157 0.00386 0.03429
v 0.49761 -0.00717 0.04571
v 0.46364 -0.01821 0.05714
v 0.42967 -0.02925 0.06857
v 0.39571 -0.04028 0.08000
v 0.36174 -0.05132 0.09143
v 0.32777 -0.06236 0.10286
v 0.29381 -0.07339 0.11429
v 0.65215 0.05297 0.00000
v 0.61819 0.04194 0.01143
v 0.58422 0.03090 0.02286
v 0.55025 0.01987 0.03429
v 0.51629 0.00883 0.04571
v 0.48232 -0.00221 0.05714
v 0.44836 -0.01324 0.06857
v 0.41439 -0.02428 0.08000
v 0.38042 -0.03532 0.09143
v 0.34646 -0.04635 0.10286
v 0.31249 -0.05739 0.11429
v 0.27852 -0.06843 0.12571
v 0.67083 0.06898 0.00000
v 0.63687 0.05794 0.01143
v 0.60290 0.04690 0.02286
v 0.56894 0.03587 0.03429
v 0.53497 0.02483 0.04571
v 0.50100 0.01380 0.05714
v 0.46704 0.00276 0.06857
v 0.43307 -0.00828 0.08000
v 0.39910 -0.01931 0.09143
v 0.36514 -0.03035 0.10286
v 0.33117 -0.04139 0.11429
v 0.29721 -0.05242 0.12571
v 0.26324 -0.06346 0.13714
v 0.68952 0.08498 0.00000
v 0.65555 0.07394 0.01143
v 0.62158 0.06291 0.02286
v 0.58762 0.05187 0.03429
v 0.55365 0.04083 0.04571
v 0.51968 0.02980 0.05714
v 0.48572 0.01876 0.06857
v 0.45175 0.00773 0.08000
v 0.41779 -0.00331 0.09143
v 0.38382 -0.01435 0.10286
v 0.34985 -0.02538 0.11429
v 0.31589 -0.03642 0.12571
v 0.28192 -0.04746 0.13714
v 0.24795 -0.05849 0.14857
v 0.70820 0.10098 0.00000
v 0.67423 0.08995 0.01143
v 0.64026 0.07891 0.02286
v 0.60630 0.06787 0.03429
v 0.57233 0.05684 0.04571
v 0.53837 0.04580 0.05714
v 0.50440 0.03476 0.06857
v 0.47043 0.02373 0.08000
v 0.43647 0.01269 0.09143
v 0.40250 0.00166 0.10286
v 0.36853 -0.00938 0.11429
v 0.33457 -0.02042 0.12571
v 0.30060 -0.03145 0.13714
v 0.26664 -0.04249 0.14857
v 0.23267 -0.05353 0.16000
v 0.72688 0.11699 0.00000
v 0.69291 0.10595 0.01143
v 0.65895 0.09491 0.02286
v 0.62498 0.08388 0.03429
v 0.59101 0.07284 0.04571
v 0.55705 0.06180 0.05714
v 0.52308 0.05077 0.06857
v 0.48911 0.03973 0.08000
v 0.45515 0.02869 0.09143
v 0.42118 0.01766 0.10286
v 0.38722 0.00662 0.11429
v 0.35325 -0.00441 0.12571
v 0.31928 -0.01545 0.13714
v 0.28532 -0.02649 0.14857
v 0.25135 -0.03752 0.16000
v 0.21738 -0.04856 0.17143
v 0.74556 0.13299 0.00000
v 0.71159 0.12195 0.01143
v 0.67763 0.11092 0.02286
v 0.64366 0.09988 0.03429
v 0.60970 0.08884 0.04571
v 0.57573 0.07781 0.05714
v 0.54176 0.06677 0.06857
v 0.50780 0.05573 0.08000
v 0.47383 0.04470 0.09143
v 0.43986 0.03366 0.10286
v 0.40590 0.02262 0.11429
v 0.37193 0.01159 0.12571
v 0.33796 0.00055 0.13714
v 0.30400 -0.01048 0.14857
v 0.27003 -0.02152 0.16000
v 0.23607 -0.03256 0.17143
v 0.20210 -0.04359 0.18286
v 0.76424 0.14899 0.00000
v 0.73028 0.13795 0.01143
v 0.69631 0.12692 0.02286
v 0.66234 0.11588 0.03429
v 0.62838 0.10485 0.04571
v 0.59441 0.09381 0.05714
v 0.56044 0.08277 0.06857
v 0.52648 0.07174 0.08000
v 0.49251 0.06070 0.09143
v 0.45855 0.04966 0.10286
v 0.42458 0.03863 0.11429
v 0.39061 0.02759 0.12571
v 0.35665 0.01655 0.13714
v 0.32268 0.00552 0.14857
v 0.28871 -0.00552 0.16000
v 0.25475 -0.01655 0.17143
v 0.22078 -0.02759 0.18286
v 0.18681 -0.03863 0.19429
v 0.78292 0.16499 0.00000
v 0.74896 0.15396 0.01143
v 0.71499 0.14292 0.02286
v 0.68102 0.13188 0.03429
v 0.64706 0.12085 0.04571
v 0.61309 0.10981 0.05714
v 0.57913 0.09878 0.06857
v 0.54516 0.08774 0.08000
v 0.51119 0.07670 0.09143
v 0.47723 0.06567 0.10286
v 0.44326 0.05463 0.11429
v 0.40929 0.04359 0.12571
v 0.37533 0.03256 0.13714
v 0.34136 0.02152 0.14857
v 0.30740 0.01048 0.16000
v 0.27343 -0.00055 0.17143
v 0.23946 -0.01159 0.18286
v 0.20550 -0.02262 0.19429
v 0.17153 -0.03366 0.20571
v 0.80160 0.18100 0.00000
v 0.76764 0.16996 0.01143
v 0.73367 0.15892 0.02286
v 0.69971 0.14789 0.03429
v 0.66574 0.13685 0.04571
v 0.63177 0.12581 0.05714
v 0.59781 0.11478 0.06857
v 0.56384 0.10374 0.08000
v 0.52987 0.09271 0.09143
v 0.49591 0.08167 0.10286
v 0.46194 0.07063 0.11429
v 0.42798 0.05960 0.12571
v 0.39401 0.04856 0.13714
v 0.36004 0.03752 0.14857
v 0.32608 0.02649 0.16000
v 0.29211 0.01545 0.17143
v 0.25814 0.00441 0.18286
v 0.22418 -0.00662 0.19429
v 0.19021 -0.01766 0.20571
v 0.15624 -0.02869 0.21714
v 0.82029 0.19700 0.00000
v 0.78632 0.18596 0.01143
v 0.75235 0.17493 0.02286
v 0.71839 0.16389 0.03429
v 0.68442 0.15285 0.04571
v 0.65045 0.14182 0.05714
v 0.61649 0.13078 0.06857
v 0.58252 0.11974 0.08000
v 0.54856 0.10871 0.09143
v 0.51459 0.09767 0.10286
v 0.48062 0.08664 0.11429
v 0.44666 0.07560 0.12571
v 0.41269 0.06456 0.13714
v 0.37872 0.05353 0.14857
v 0.34476 0.04249 0.16000
v 0.31079 0.03145 0.17143
v 0.27683 0.02042 0.18286
v 0.24286 0.00938 0.19429
v 0.20889 -0.00166 0.20571
v 0.17493 -0.01269 0.21714
v 0.14096 -0.02373 0.22857
v 0.83897 0.21300 0.00000
v 0.80500 0.20196 0.01143
v 0.77104 0.19093 0.02286
v 0.73707 0.17989 0.03429
v 0.70310 0.16886 0.04571
v 0.66914 0.15782 0.05714
v 0.63517 0.14678 0.06857
v 0.60120 0.13575 0.08000
v 0.56724 0.12471 0.09143
v 0.53327 0.11367 0.10286
v 0.49930 0.10264 0.11429
v 0.46534 0.09160 0.12571
v 0.43137 0.08057 0.13714
v 0.39741 0.06953 0.14857
v 0.36344 0.05849 0.16000
v 0.32947 0.04746 0.17143
v 0.29551 0.03642 0.18286
v 0.26154 0.02538 0.19429
v 0.22757 0.01435 0.20571
v 0.19361 0.00331 0.21714
v 0.15964 -0.00773 0.22857
v 0.12568 -0.01876 0.24000
v 0.85765 0.22900 0.00000
v 0.82368 0.21797 0.01143
v 0.78972 0.20693 0.02286
v 0.75575 0.19589 0.03429
v 0.72178 0.18486 0.04571
v 0.68782 0.17382 0.05714
v 0.65385 0.16279 0.06857
v 0.61989 0.15175 0.08000
v 0.58592 0.14071 0.09143
v 0.55195 0.12968 0.10286
v 0.51799 0.11864 0.11429
v 0.48402 0.10760 0.12571
v 0.45005 0.09657 0.13714
v 0.41609 0.08553 0.14857
v 0.38212 0.07450 0.16000
v 0.34815 0.06346 0.17143
v 0.31419 0.05242 0.18286
v 0.28022 0.04139 0.19429
v 0.24626 0.03035 0.20571
v 0.21229 0.01931 0.21714
v 0.17832 0.00828 0.22857
v 0.14436 -0.00276 0.24000
v 0.11039 -0.01380 0.25143
v 0.87633 0.24501 0.00000
v 0.84236 0.23397 0.01143
v 0.80840 0.22293 0.02286
v 0.77443 0.21190 0.03429
v 0.74047 0.20086 0.04571
v 0.70650 0.18982 0.05714
v 0.67253 0.17879 0.06857
v 0.63857 0.16775 0.08000
v 0.60460 0.15672 0.09143
v 0.57063 0.14568 0.10286
v 0.53667 0.13464 0.11429
v 0.50270 0.12361 0.12571
v 0.46873 0.11257 0.13714
v 0.43477 0.10153 0.14857
v 0.40080 0.09050 0.16000
v 0.36684 0.07946 0.17143
v 0.33287 0.06843 0.18286
v 0.29890 0.05739 0.19429
v 0.26494 0.04635 0.20571
v 0.23097 0.03532 0.21714
v 0.19700 0.02428 0.22857
v 0.16304 0.01324 0.24000
v 0.12907 0.00221 0.25143
v 0.09511 -0.00883 0.26286
v 0.89501 0.26101 0.00000
v 0.86105 0.24997 0.01143
v 0.82708 0.23894 0.02286
v 0.79311 0.22790 0.03429
v 0.75915 0.21686 0.04571
v 0.72518 0.20583 0.05714
v 0.69121 0.19479 0.06857
v 0.65725 0.18375 0.08000
v 0.62328 0.17272 0.09143
v 0.58932 0.16168 0.10286
v 0.55535 0.15065 0.11429
v 0.52138 0.13961 0.12571
v 0.48742 0.12857 0.13714
v 0.45345 0.11754 0.14857
v 0.41948 0.10650 0.16000
v 0.38552 0.09546 0.17143
v 0.35155 0.08443 0.18286
v 0.31758 0.07339 0.19429
v 0.28362 0.06236 0.20571
v 0.24965 0.05132 0.21714
v 0.21569 0.04028 0.22857
v 0.18172 0.02925 0.24000
v 0.14775 0.01821 0.25143
v 0.11379 0.00717 0.26286
v 0.07982 -0.00386 0.27429
v 0.91369 0.27701 0.00000
v 0.87973 0.26598 0.01143
v 0.84576 0.25494 0.02286
v 0.81179 0.24390 0.03429
v 0.77783 0.23287 0.04571
v 0.74386 0.22183 0.05714
v 0.70990 0.21079 0.06857
v 0.67593 0.19976 0.08000
v 0.64196 0.18872 0.09143
v 0.60800 0.17768 0.10286
v 0.57403 0.16665 0.11429
v 0.54006 0.15561 0.12571
v 0.50610 0.14458 0.13714
v 0.47213 0.13354 0.14857
v 0.43817 0.12250 0.16000
v 0.40420 0.11147 0.17143
v 0.37023 0.10043 0.18286
v 0.33627 0.08939 0.19429
v 0.30230 0.07836 0.20571
v 0.26833 0.06732 0.21714
v 0.23437 0.05629 0.22857
v 0.20040 0.04525 0.24000
v 0.16643 0.03421 0.25143
v 0.13247 0.02318 0.26286
v 0.09850 0.01214 0.27429
v 0.06454 0.00110 0.28571
v 0.93238 0.29301 0.00000
v 0.89841 0.28198 0.01143
v 0.86444 0.27094 0.02286
v 0.83048 0.25991 0.03429
v 0.79651 0.24887 0.04571
v 0.76254 0.23783 0.05714
v 0.72858 0.22680 0.06857
v 0.69461 0.21576 0.08000
v 0.66064 0.20472 0.09143
v 0.62668 0.19369 0.10286
v 0.59271 0.18265 0.11429
v 0.55875 0.17161 0.12571
v 0.52478 0.16058 0.13714
v 0.49081 0.14954 0.14857
v 0.45685 0.13851 0.16000
v 0.42288 0.12747 0.17143
v 0.38891 0.11643 0.18286
v 0.35495 0.10540 0.19429
v 0.32098 0.09436 0.20571
v 0.28702 0.08332 0.21714
v 0.25305 0.07229 0.22857
v 0.21908 0.06125 0.24000
v 0.18512 0.05022 0.25143
v 0.15115 0.03918 0.26286
v 0.11718 0.02814 0.27429
v 0.08322 0.01711 0.28571
v 0.04925 0.00607 0.29714
v 0.95106 0.30902 0.00000
v 0.91709 0.29798 0.01143
v 0.88312 0.28694 0.02286
v 0.84916 0.27591 0.03429
v 0.81519 0.26487 0.04571
v 0.78122 0.25384 0.05714
v 0.74726 0.24280 0.06857
v 0.71329 0.23176 0.08000
v 0.67933 0.22073 0.09143
v 0.64536 0.20969 0.10286
v 0.61139 0.19865 0.11429
v 0.57743 0.18762 0.12571
v 0.54346 0.17658 0.13714
v 0.50949 0.16554 0.14857
v 0.47553 0.15451 0.16000
v 0.44156 0.14347 0.17143
v 0.40760 0.13244 0.18286
v 0.37363 0.12140 0.19429
v 0.33966 0.11036 0.20571
v 0.30570 0.09933 0.21714
v 0.27173 0.08829 0.22857
v 0.23776 0.07725 0.24000
v 0.20380 0.06622 0.25143
v 0.16983 0.05518 0.26286
v 0.13587 0.04415 0.27429
v 0.10190 0.03311 0.28571
v 0.06793 0.02207 0.29714
v 0.03397 0.01104 0.30857
v 0.91709 0.29798 -0.01143
v 0.89841 0.28198 -0.01143
v 0.88312 0.28694 -0.02286
v 0.87973 0.26598 -0.01143
v 0.86444 0.27094 -0.02286
v 0.84916 0.27591 -0.03429
v 0.86105 0.24997 -0.01143
v 0.84576 0.25494 -0.02286
v 0.83048 0.25991 -0.03429
v 0.81519 0.26487 -0.04571
v 0.84236 0.23397 -0.01143
v 0.82708 0.23894 -0.02286
v 0.81179 0.24390 -0.03429
v 0.79651 0.24887 -0.04571
v 0.78122 0.25384 -0.05714
v 0.82368 0.21797 -0.01143
v 0.80840 0.22293 -0.02286
v 0.79311 0.22790 -0.03429
v 0.77783 0.23287 -0.04571
v 0.76254 0.23783 -0.05714
v 0.74726 0.24280 -0.06857
v 0.80500 0.20196 -0.01143
v 0.78972 0.20693 -0.02286
v 0.77443 0.21190 -0.03429
v 0.75915 0.21686 -0.04571
v 0.74386 0.22183 -0.05714
v 0.72858 0.22680 -0.06857
v 0.71329 0.23176 -0.08000
v 0.78632 0.18596 -0.01143
v 0.77104 0.19093 -0.02286
v 0.75575 0.19589 -0.03429
v 0.74047 0.20086 -0.04571
v 0.72518 0.20583 -0.05714
v 0.70990 0.21079 -0.06857
v 0.69461 0.21576 -0.08000
v 0.67933 0.22073 -0.09143
v 0.76764 0.16996 -0.01143
v 0.75235 0.17493 -0.02286
v 0.73707 0.17989 -0.03429
v 0.72178 0.18486 -0.04571
v 0.70650 0.18982 -0.05714
v 0.69121 0.19479 -0.06857
v 0.67593 0.19976 -0.08000
v 0.66064 0.20472 -0.09143
v 0.64536 0.20969 -0.10286
v 0.74896 0.15396 -0.01143
v 0.73367 0.15892 -0.02286
v 0.71839 0.16389 -0.03429
v 0.70310 0.16886 -0.04571
v 0.68782 0.17382 -0.05714
v 0.67253 0.17879 -0.06857
v 0.65725 0.18375 -0.08000
v 0.64196 0.18872 -0.09143
v 0.62668 0.19369 -0.10286
v 0.61139 0.19865 -0.11429
v 0.73028 0.13795 -0.01143
v 0.71499 0.14292 -0.02286
v 0.69971 0.14789 -0.03429
v 0.68442 0.15285 -0.04571
v 0.66914 0.15782 -0.05714
v 0.65385 0.16279 -0.06857
v 0.63857 0.16775 -0.08000
v 0.62328 0.17272 -0.09143
v 0.60800 0.17768 -0.10286
v 0.59271 0.18265 -0.11429
v 0.57743 0.18762 -0.12571
v 0.71159 0.12195 -0.01143
v 0.69631 0.12692 -0.02286
v 0.68102 0.13188 -0.03429
v 0.66574 0.13685 -0.04571
v 0.65045 0.14182 -0.05714
v 0.63517 0.14678 -0.06857
v 0.61989 0.15175 -0.08000
v 0.60460 0.15672 -0.09143
v 0.58932 0.16168 -0.10286
v 0.57403 0.16665 -0.11429
v 0.55875 0.17161 -0.12571
v 0.54346 0.17658 -0.13714
v 0.69291 0.10595 -0.01143
v 0.67763 0.11092 -0.02286
v 0.66234 0.11588 -0.03429
v 0.64706 0.12085 -0.04571
v 0.63177 0.12581 -0.05714
v 0.61649 0.13078 -0.06857
v 0.60120 0.13575 -0.08000
v 0.58592 0.14071 -0.09143
v 0.57063 0.14568 -0.10286
v 0.55535 0.15065 -0.11429
v 0.54006 0.15561 -0.12571
v 0.52478 0.16058 -0.13714
v 0.50949 0.16554 -0.14857
v 0.67423 0.08995 -0.01143
v 0.65895 0.09491 -0.02286
v 0.64366 0.09988 -0.03429
v 0.62838 0.10485 -0.04571
v 0.61309 0.10981 -0.05714
v 0.59781 0.11478 -0.06857
v 0.58252 0.11974 -0.08000
v 0.56724 0.12471 -0.09143
v 0.55195 0.12968 -0.10286
v 0.53667 0.13464 -0.11429
v 0.52138 0.13961 -0.12571
v 0.50610 0.14458 -0.13714
v 0.49081 0.14954 -0.14857
v 0.47553 0.15451 -0.16000
v 0.65555 0.07394 -0.01143
v 0.64026 0.07891 -0.02286
v 0.62498 0.08388 -0.03429
v 0.60970 0.08884 -0.04571
v 0.59441 0.09381 -0.05714
v 0.57913 0.09878 -0.06857
v 0.56384 0.10374 -0.08000
v 0.54856 0.10871 -0.09143
v 0.53327 0.11367 -0.10286
v 0.51799 0.11864 -0.11429
v 0.50270 0.12361 -0.12571
v 0.48742 0.12857 -0.13714
v 0.47213 0.13354 -0.14857
v 0.45685 0.13851 -0.16000
v 0.44156 0.14347 -0.17143
v 0.63687 0.05794 -0.01143
v 0.62158 0.06291 -0.02286
v 0.60630 0.06787 -0.03429
v 0.59101 0.07284 -0.04571
v 0.57573 0.07781 -0.05714
v 0.56044 0.08277 -0.06857
v 0.54516 0.08774 -0.08000
v 0.52987 0.09271 -0.09143
v 0.51459 0.09767 -0.10286
v 0.49930 0.10264 -0.11429
v 0.48402 0.10760 -0.12571
v 0.46873 0.11257 -0.13714
v 0.45345 0.11754 -0.14857
v 0.43817 0.12250 -0.16000
v 0.42288 0.12747 -0.17143
v 0.40760 0.13244 -0.18286
v 0.61819 0.04194 -0.01143
v 0.60290 0.04690 -0.02286
v 0.58762 0.05187 -0.03429
v 0.57233 0.05684 -0.04571
v 0.55705 0.06180 -0.05714
v 0.54176 0.06677 -0.06857
v 0.52648 0.07174 -0.08000
v 0.51119 0.07670 -0.09143
v 0.49591 0.08167 -0.10286
v 0.48062 0.08664 -0.11429
v 0.46534 0.09160 -0.12571
v 0.45005 0.09657 -0.13714
v 0.43477 0.10153 -0.14857
v 0.41948 0.10650 -0.16000
v 0.40420 0.11147 -0.17143
v 0.38891 0.11643 -0.18286
v 0.37363 0.12140 -0.19429
v 0.59951 0.02594 -0.01143
v 0.58422 0.03090 -0.02286
v 0.56894 0.03587 -0.03429
v 0.55365 0.04083 -0.04571
v 0.53837 0.04580 -0.05714
v 0.52308 0.05077 -0.06857
v 0.50780 0.05573 -0.08000
v 0.49251 0.06070 -0.09143
v 0.47723 0.06567 -0.10286
v 0.46194 0.07063 -0.11429
v 0.44666 0.07560 -0.12571
v 0.43137 0.08057 -0.13714
v 0.41609 0.08553 -0.14857
v 0.40080 0.09050 -0.16000
v 0.38552 0.09546 -0.17143
v 0.37023 0.10043 -0.18286
v 0.35495 0.10540 -0.19429
v 0.33966 0.11036 -0.20571
v 0.58082 0.00993 -0.01143
v 0.56554 0.01490 -0.02286
v 0.55025 0.01987 -0.03429
v 0.53497 0.02483 -0.04571
v 0.51968 0.02980 -0.05714
v 0.50440 0.03476 -0.06857
v 0.48911 0.03973 -0.08000
v 0.47383 0.04470 -0.09143
v 0.45855 0.04966 -0.10286
v 0.44326 0.05463 -0.11429
v 0.42798 0.05960 -0.12571
v 0.41269 0.06456 -0.13714
v 0.39741 0.06953 -0.14857
v 0.38212 0.07450 -0.16000
v 0.36684 0.07946 -0.17143
v 0.35155 0.08443 -0.18286
v 0.33627 0.08939 -0.19429
v 0.32098 0.09436 -0.20571
v 0.30570 0.09933 -0.21714
v 0.56214 -0.00607 -0.01143
v 0.54686 -0.00110 -0.02286
v 0.53157 0.00386 -0.03429
v 0.51629 0.00883 -0.04571
v 0.50100 0.01380 -0.05714
v 0.48572 0.01876 -0.06857
v 0.47043 0.02373 -0.08000
v 0.45515 0.02869 -0.09143
v 0.43986 0.03366 -0.10286
v 0.42458 0.03863 -0.11429
v 0.40929 0.04359 -0.12571
v 0.39401 0.04856 -0.13714
v 0.37872 0.05353 -0.14857
v 0.36344 0.05849 -0.16000
v 0.34815 0.06346 -0.17143
v 0.33287 0.06843 -0.18286
v 0.31758 0.07339 -0.19429
v 0.30230 0.07836 -0.20571
v 0.28702 0.08332 -0.21714
v 0.27173 0.08829 -0.22857
v 0.54346 -0.02207 -0.01143
v 0.52818 -0.01711 -0.02286
v 0.51289 -0.01214 -0.03429
v 0.49761 -0.00717 -0.04571
v 0.48232 -0.00221 -0.05714
v 0.46704 0.00276 -0.06857
v 0.45175 0.00773 -0.08000
v 0.43647 0.01269 -0.09143
v 0.42118 0.01766 -0.10286
v 0.40590 0.02262 -0.11429
v 0.39061 0.02759 -0.12571
v 0.37533 0.03256 -0.13714
v 0.36004 0.03752 -0.14857
v 0.34476 0.04249 -0.16000
v 0.32947 0.04746 -0.17143
v 0.31419 0.05242 -0.18286
v 0.29890 0.05739 -0.19429
v 0.28362 0.06236 -0.20571
v 0.26833 0.06732 -0.21714
v 0.25305 0.07229 -0.22857
v 0.23776 0.07725 -0.24000
v 0.52478 -0.03808 -0.01143
v 0.50949 -0.03311 -0.02286
v 0.49421 -0.02814 -0.03429
v 0.47892 -0.02318 -0.04571
v 0.46364 -0.01821 -0.05714
v 0.44836 -0.01324 -0.06857
v 0.43307 -0.00828 -0.08000
v 0.41779 -0.00331 -0.09143
v 0.40250 0.00166 -0.10286
v 0.38722 0.00662 -0.11429
v 0.37193 0.01159 -0.12571
v 0.35665 0.01655 -0.13714
v 0.34136 0.02152 -0.14857
v 0.32608 0.02649 -0.16000
v 0.31079 0.03145 -0.17143
v 0.29551 0.03642 -0.18286
v 0.28022 0.04139 -0.19429
v 0.26494 0.04635 -0.20571
v 0.24965 0.05132 -0.21714
v 0.23437 0.05629 -0.22857
v 0.21908 0.06125 -0.24000
v 0.20380 0.06622 -0.25143
v 0.50610 -0.05408 -0.01143
v 0.49081 -0.04911 -0.02286
v 0.47553 -0.04415 -0.03429
v 0.46024 -0.03918 -0.04571
v 0.44496 -0.03421 -0.05714
v 0.42967 -0.02925 -0.06857
v 0.41439 -0.02428 -0.08000
v 0.39910 -0.01931 -0.09143
v 0.38382 -0.01435 -0.10286
v 0.36853 -0.00938 -0.11429
v 0.35325 -0.00441 -0.12571
v 0.33796 0.00055 -0.13714
v 0.32268 0.00552 -0.14857
v 0.30740 0.01048 -0.16000
v 0.29211 0.01545 -0.17143
v 0.27683 0.02042 -0.18286
v 0.26154 0.02538 -0.19429
v 0.24626 0.03035 -0.20571
v 0.23097 0.03532 -0.21714
v 0.21569 0.04028 -0.22857
v 0.20040 0.04525 -0.24000
v 0.18512 0.05022 -0.25143
v 0.16983 0.05518 -0.26286
v 0.48742 -0.07008 -0.01143
v 0.47213 -0.06511 -0.02286
v 0.45685 -0.06015 -0.03429
v 0.44156 -0.05518 -0.04571
v 0.42628 -0.05022 -0.05714
v 0.41099 -0.04525 -0.06857
v 0.39571 -0.04028 -0.08000
v 0.38042 -0.03532 -0.09143
v 0.36514 -0.03035 -0.10286
v 0.34985 -0.02538 -0.11429
v 0.33457 -0.02042 -0.12571
v 0.31928 -0.01545 -0.13714
v 0.30400 -0.01048 -0.14857
v 0.28871 -0.00552 -0.16000
v 0.27343 -0.00055 -0.17143
v 0.25814 0.00441 -0.18286
v 0.24286 0.00938 -0.19429
v 0.22757 0.01435 -0.20571
v 0.21229 0.01931 -0.21714
v 0.19700 0.02428 -0.22857
v 0.18172 0.02925 -0.24000
v 0.16643 0.03421 -0.25143
v 0.15115 0.03918 -0.26286
v 0.13587 0.04415 -0.27429
v 0.46873 -0.08608 -0.01143
v 0.45345 -0.08112 -0.02286
v 0.43817 -0.07615 -0.03429
v 0.42288 -0.07118 -0.04571
v 0.40760 -0.06622 -0.05714
v 0.39231 -0.06125 -0.06857
v 0.37703 -0.05629 -0.08000
v 0.36174 -0.05132 -0.09143
v 0.34646 -0.04635 -0.10286
v 0.33117 -0.04139 -0.11429
v 0.31589 -0.03642 -0.12571
v 0.30060 -0.03145 -0.13714
v 0.28532 -0.02649 -0.14857
v 0.27003 -0.02152 -0.16000
v 0.25475 -0.01655 -0.17143
v 0.23946 -0.01159 -0.18286
v 0.22418 -0.00662 -0.19429
v 0.20889 -0.00166 -0.20571
v 0.19361 0.00331 -0.21714
v 0.17832 0.00828 -0.22857
v 0.16304 0.01324 -0.24000
v 0.14775 0.01821 -0.25143
v 0.13247 0.02318 -0.26286
v 0.11718 0.02814 -0.27429
v 0.10190 0.03311 -0.28571
v 0.45005 -0.10209 -0.01143
v 0.43477 -0.09712 -0.02286
v 0.41948 -0.09215 -0.03429
v 0.40420 -0.08719 -0.04571
v 0.38891 -0.08222 -0.05714
v 0.37363 -0.07725 -0.06857
v 0.35834 -0.07229 -0.08000
v 0.34306 -0.06732 -0.09143
v 0.32777 -0.06236 -0.10286
v 0.31249 -0.05739 -0.11429
v 0.29721 -0.05242 -0.12571
v 0.28192 -0.04746 -0.13714
v 0.26664 -0.04249 -0.14857
v 0.25135 -0.03752 -0.16000
v 0.23607 -0.03256 -0.17143
v 0.22078 -0.02759 -0.18286
v 0.20550 -0.02262 -0.19429
v 0.19021 -0.01766 -0.20571
v 0.17493 -0.01269 -0.21714
v 0.15964 -0.00773 -0.22857
v 0.14436 -0.00276 -0.24000
v 0.12907 0.00221 -0.25143
v 0.11379 0.00717 -0.26286
v 0.09850 0.01214 -0.27429
v 0.08322 0.01711 -0.28571
v 0.06793 0.02207 -0.29714
v 0.43137 -0.11809 -0.01143
v 0.41609 -0.11312 -0.02286
v 0.40080 -0.10816 -0.03429
v 0.38552 -0.10319 -0.04571
v 0.37023 -0.09822 -0.05714
v 0.35495 -0.09326 -0.06857
v 0.33966 -0.08829 -0.08000
v 0.32438 -0.08332 -0.09143
v 0.30909 -0.07836 -0.10286
v 0.29381 -0.07339 -0.11429
v 0.27852 -0.06843 -0.12571
v 0.26324 -0.06346 -0.13714
v 0.24795 -0.05849 -0.14857
v 0.23267 -0.05353 -0.16000
v 0.21738 -0.04856 -0.17143
v 0.20210 -0.04359 -0.18286
v 0.18681 -0.03863 -0.19429
v 0.17153 -0.03366 -0.20571
v 0.15624 -0.02869 -0.21714
v 0.14096 -0.02373 -0.22857
v 0.12568 -0.01876 -0.24000
v 0.11039 -0.01380 -0.25143
v 0.09511 -0.00883 -0.26286
v 0.07982 -0.00386 -0.27429
v 0.06454 0.00110 -0.28571
v 0.04925 0.00607 -0.29714
v 0.03397 0.01104 -0.30857
v 0.92654 0.31098 0.00000
v 0.90202 0.31295 0.00000
v 0.89257 0.29995 0.01143
v 0.87750 0.31491 0.00000
v 0.86805 0.30191 0.01143
v 0.85860 0.28891 0.02286
v 0.85298 0.31688 0.00000
v 0.84353 0.30388 0.01143
v 0.83408 0.29088 0.02286
v 0.82464 0.27787 0.03429
v 0.82846 0.31885 0.00000
v 0.81901 0.30584 0.01143
v 0.80956 0.29284 0.02286
v 0.80012 0.27984 0.03429
v 0.79067 0.26684 0.04571
v 0.80394 0.32081 0.00000
v 0.79449 0.30781 0.01143
v 0.78504 0.29481 0.02286
v 0.77560 0.28181 0.03429
v 0.76615 0.26880 0.04571
v 0.75671 0.25580 0.05714
v 0.77942 0.32278 0.00000
v 0.76997 0.30978 0.01143
v 0.76053 0.29677 0.02286
v 0.75108 0.28377 0.03429
v 0.74163 0.27077 0.04571
v 0.73219 0.25777 0.05714
v 0.72274 0.24476 0.06857
v 0.75490 0.32474 0.00000
v 0.74545 0.31174 0.01143
v 0.73601 0.29874 0.02286
v 0.72656 0.28574 0.03429
v 0.71711 0.27273 0.04571
v 0.70767 0.25973 0.05714
v 0.69822 0.24673 0.06857
v 0.68877 0.23373 0.08000
v 0.73038 0.32671 0.00000
v 0.72093 0.31371 0.01143
v 0.71149 0.30070 0.02286
v 0.70204 0.28770 0.03429
v 0.69259 0.27470 0.04571
v 0.68315 0.26170 0.05714
v 0.67370 0.24870 0.06857
v 0.66425 0.23569 0.08000
v 0.65481 0.22269 0.09143
v 0.70586 0.32867 0.00000
v 0.69641 0.31567 0.01143
v 0.68697 0.30267 0.02286
v 0.67752 0.28967 0.03429
v 0.66807 0.27667 0.04571
v 0.65863 0.26366 0.05714
v 0.64918 0.25066 0.06857
v 0.63973 0.23766 0.08000
v 0.63029 0.22466 0.09143
v 0.62084 0.21166 0.10286
v 0.68134 0.33064 0.00000
v 0.67189 0.31764 0.01143
v 0.66245 0.30464 0.02286
v 0.65300 0.29163 0.03429
v 0.64355 0.27863 0.04571
v 0.63411 0.26563 0.05714
v 0.62466 0.25263 0.06857
v 0.61521 0.23963 0.08000
v 0.60577 0.22662 0.09143
v 0.59632 0.21362 0.10286
v 0.58687 0.20062 0.11429
v 0.65682 0.33261 0.00000
v 0.64737 0.31960 0.01143
v 0.63793 0.30660 0.02286
v 0.62848 0.29360 0.03429
v 0.61903 0.28060 0.04571
v 0.60959 0.26760 0.05714
v 0.60014 0.25459 0.06857
v 0.59069 0.24159 0.08000
v 0.58125 0.22859 0.09143
v 0.57180 0.21559 0.10286
v 0.56235 0.20259 0.11429
v 0.55291 0.18958 0.12571
v 0.63230 0.33457 0.00000
v 0.62285 0.32157 0.01143
v 0.61341 0.30857 0.02286
v 0.60396 0.29557 0.03429
v 0.59451 0.28256 0.04571
v 0.58507 0.26956 0.05714
v 0.57562 0.25656 0.06857
v 0.56617 0.24356 0.08000
v 0.55673 0.23056 0.09143
v 0.54728 0.21755 0.10286
v 0.53783 0.20455 0.11429
v 0.52839 0.19155 0.12571
v 0.51894 0.17855 0.13714
v 0.60778 0.33654 0.00000
v 0.59833 0.32354 0.01143
v 0.58889 0.31053 0.02286
v 0.57944 0.29753 0.03429
v 0.56999 0.28453 0.04571
v 0.56055 0.27153 0.05714
v 0.55110 0.25852 0.06857
v 0.54165 0.24552 0.08000
v 0.53221 0.23252 0.09143
v 0.52276 0.21952 0.10286
v 0.51331 0.20652 0.11429
v 0.50387 0.19351 0.12571
v 0.49442 0.18051 0.13714
v 0.48497 0.16751 0.14857
v 0.58326 0.33850 0.00000
v 0.57381 0.32550 0.01143
v 0.56437 0.31250 0.02286
v 0.55492 0.29950 0.03429
v 0.54547 0.28649 0.04571
v 0.53603 0.27349 0.05714
v 0.52658 0.26049 0.06857
v 0.51713 0.24749 0.08000
v 0.50769 0.23449 0.09143
v 0.49824 0.22148 0.10286
v 0.48879 0.20848 0.11429
v 0.47935 0.19548 0.12571
v 0.46990 0.18248 0.13714
v 0.46046 0.16948 0.14857
v 0.45101 0.15647 0.16000
v 0.55874 0.34047 0.00000
v 0.54929 0.32747 0.01143
v 0.53985 0.31446 0.02286
v 0.53040 0.30146 0.03429
v 0.52095 0.28846 0.04571
v 0.51151 0.27546 0.05714
v 0.50206 0.26246 0.06857
v 0.49261 0.24945 0.08000
v 0.48317 0.23645 0.09143
v 0.47372 0.22345 0.10286
v 0.46427 0.21045 0.11429
v 0.45483 0.19745 0.12571
v 0.44538 0.18444 0.13714
v 0.43594 0.17144 0.14857
v 0.42649 0.15844 0.16000
v 0.41704 0.14544 0.17143
v 0.53422 0.34243 0.00000
v 0.52477 0.32943 0.01143
v 0.51533 0.31643 0.02286
v 0.50588 0.30343 0.03429
v 0.49643 0.29043 0.04571
v 0.48699 0.27742 0.05714
v 0.47754 0.26442 0.06857
v 0.46809 0.25142 0.08000
v 0.45865 0.23842 0.09143
v 0.44920 0.22542 0.10286
v 0.43976 0.21241 0.11429
v 0.43031 0.19941 0.12571
v 0.42086 0.18641 0.13714
v 0.41142 0.17341 0.14857
v 0.40197 0.16041 0.16000
v 0.39252 0.14740 0.17143
v 0.38308 0.13440 0.18286
v 0.50970 0.34440 0.00000
v 0.50025 0.33140 0.01143
v 0.49081 0.31840 0.02286
v 0.48136 0.30539 0.03429
v 0.47191 0.29239 0.04571
v 0.46247 0.27939 0.05714
v 0.45302 0.26639 0.06857
v 0.44358 0.25339 0.08000
v 0.43413 0.24038 0.09143
v 0.42468 0.22738 0.10286
v 0.41524 0.21438 0.11429
v 0.40579 0.20138 0.12571
v 0.39634 0.18838 0.13714
v 0.38690 0.17537 0.14857
v 0.37745 0.16237 0.16000
v 0.36800 0.14937 0.17143
v 0.35856 0.13637 0.18286
v 0.34911 0.12337 0.19429
v 0.48518 0.34637 0.00000
v 0.47573 0.33336 0.01143
v 0.46629 0.32036 0.02286
v 0.45684 0.30736 0.03429
v 0.44739 0.29436 0.04571
v 0.43795 0.28136 0.05714
v 0.42850 0.26835 0.06857
v 0.41906 0.25535 0.08000
v 0.40961 0.24235 0.09143
v 0.40016 0.22935 0.10286
v 0.39072 0.21635 0.11429
v 0.38127 0.20334 0.12571
v 0.37182 0.19034 0.13714
v 0.36238 0.17734 0.14857
v 0.35293 0.16434 0.16000
v 0.34348 0.15134 0.17143
v 0.33404 0.13833 0.18286
v 0.32459 0.12533 0.19429
v 0.31514 0.11233 0.20571
v 0.46066 0.34833 0.00000
v 0.45121 0.33533 0.01143
v 0.44177 0.32233 0.02286
v 0.43232 0.30933 0.03429
v 0.42288 0.29632 0.04571
v 0.41343 0.28332 0.05714
v 0.40398 0.27032 0.06857
v 0.39454 0.25732 0.08000
v 0.38509 0.24432 0.09143
v 0.37564 0.23131 0.10286
v 0.36620 0.21831 0.11429
v 0.35675 0.20531 0.12571
v 0.34730 0.19231 0.13714
v 0.33786 0.17930 0.14857
v 0.32841 0.16630 0.16000
v 0.31896 0.15330 0.17143
v 0.30952 0.14030 0.18286
v 0.30007 0.12730 0.19429
v 0.29062 0.11429 0.20571
v 0.28118 0.10129 0.21714
v 0.43614 0.35030 0.00000
v 0.42670 0.33730 0.01143
v 0.41725 0.32429 0.02286
v 0.40780 0.31129 0.03429
v 0.39836 0.29829 0.04571
v 0.38891 0.28529 0.05714
v 0.37946 0.27229 0.06857
v 0.37002 0.25928 0.08000
v 0.36057 0.24628 0.09143
v 0.35112 0.23328 0.10286
v 0.34168 0.22028 0.11429
v 0.33223 0.20727 0.12571
v 0.32278 0.19427 0.13714
v 0.31334 0.18127 0.14857
v 0.30389 0.16827 0.16000
v 0.29444 0.15527 0.17143
v 0.28500 0.14226 0.18286
v 0.27555 0.12926 0.19429
v 0.26610 0.11626 0.20571
v 0.25666 0.10326 0.21714
v 0.24721 0.09026 0.22857
v 0.41162 0.35226 0.00000
v 0.40218 0.33926 0.01143
v 0.39273 0.32626 0.02286
v 0.38328 0.31326 0.03429
v 0.37384 0.30025 0.04571
v 0.36439 0.28725 0.05714
v 0.35494 0.27425 0.06857
v 0.34550 0.26125 0.08000
v 0.33605 0.24825 0.09143
v 0.32660 0.23524 0.10286
v 0.31716 0.22224 0.11429
v 0.30771 0.20924 0.12571
v 0.29826 0.19624 0.13714
v 0.28882 0.18324 0.14857
v 0.27937 0.17023 0.16000
v 0.26992 0.15723 0.17143
v 0.26048 0.14423 0.18286
v 0.25103 0.13123 0.19429
v 0.24158 0.11823 0.20571
v 0.23214 0.10522 0.21714
v 0.22269 0.09222 0.22857
v 0.21324 0.07922 0.24000
v 0.38710 0.35423 0.00000
v 0.37766 0.34123 0.01143
v 0.36821 0.32822 0.02286
v 0.35876 0.31522 0.03429
v 0.34932 0.30222 0.04571
v 0.33987 0.28922 0.05714
v 0.33042 0.27622 0.06857
v 0.32098 0.26321 0.08000
v 0.31153 0.25021 0.09143
v 0.30208 0.23721 0.10286
v 0.29264 0.22421 0.11429
v 0.28319 0.21121 0.12571
v 0.27374 0.19820 0.13714
v 0.26430 0.18520 0.14857
v 0.25485 0.17220 0.16000
v 0.24540 0.15920 0.17143
v 0.23596 0.14620 0.18286
v 0.22651 0.13319 0.19429
v 0.21706 0.12019 0.20571
v 0.20762 0.10719 0.21714
v 0.19817 0.09419 0.22857
v 0.18872 0.08119 0.24000
v 0.17928 0.06818 0.25143
v 0.36258 0.35619 0.00000
v 0.35314 0.34319 0.01143
v 0.34369 0.33019 0.02286
v 0.33424 0.31719 0.03429
v 0.32480 0.30419 0.04571
v 0.31535 0.29118 0.05714
v 0.30590 0.27818 0.06857
v 0.29646 0.26518 0.08000
v 0.28701 0.25218 0.09143
v 0.27756 0.23918 0.10286
v 0.26812 0.22617 0.11429
v 0.25867 0.21317 0.12571
v 0.24922 0.20017 0.13714
v 0.23978 0.18717 0.14857
v 0.23033 0.17417 0.16000
v 0.22088 0.16116 0.17143
v 0.21144 0.14816 0.18286
v 0.20199 0.13516 0.19429
v 0.19254 0.12216 0.20571
v 0.18310 0.10916 0.21714
v 0.17365 0.09615 0.22857
v 0.16420 0.08315 0.24000
v 0.15476 0.07015 0.25143
v 0.14531 0.05715 0.26286
v 0.33806 0.35816 0.00000
v 0.32862 0.34516 0.01143
v 0.31917 0.33216 0.02286
v 0.30972 0.31915 0.03429
v 0.30028 0.30615 0.04571
v 0.29083 0.29315 0.05714
v 0.28138 0.28015 0.06857
v 0.27194 0.26715 0.08000
v 0.26249 0.25414 0.09143
v 0.25304 0.24114 0.10286
v 0.24360 0.22814 0.11429
v 0.23415 0.21514 0.12571
v 0.22470 0.20214 0.13714
v 0.21526 0.18913 0.14857
v 0.20581 0.17613 0.16000
v 0.19636 0.16313 0.17143
v 0.18692 0.15013 0.18286
v 0.17747 0.13713 0.19429
v 0.16802 0.12412 0.20571
v 0.15858 0.11112 0.21714
v 0.14913 0.09812 0.22857
v 0.13969 0.08512 0.24000
v 0.13024 0.07212 0.25143
v 0.12079 0.05911 0.26286
v 0.11135 0.04611 0.27429
v 0.31354 0.36013 0.00000
v 0.30410 0.34712 0.01143
v 0.29465 0.33412 0.02286
v 0.28520 0.32112 0.03429
v 0.27576 0.30812 0.04571
v 0.26631 0.29512 0.05714
v 0.25686 0.28211 0.06857
v 0.24742 0.26911 0.08000
v 0.23797 0.25611 0.09143
v 0.22852 0.24311 0.10286
v 0.21908 0.23011 0.11429
v 0.20963 0.21710 0.12571
v 0.20018 0.20410 0.13714
v 0.19074 0.19110 0.14857
v 0.18129 0.17810 0.16000
v 0.17184 0.16510 0.17143
v 0.16240 0.15209 0.18286
v 0.15295 0.13909 0.19429
v 0.14350 0.12609 0.20571
v 0.13406 0.11309 0.21714
v 0.12461 0.10008 0.22857
v 0.11517 0.08708 0.24000
v 0.10572 0.07408 0.25143
v 0.09627 0.06108 0.26286
v 0.08683 0.04808 0.27429
v 0.07738 0.03507 0.28571
v 0.28902 0.36209 0.00000
v 0.27958 0.34909 0.01143
v 0.27013 0.33609 0.02286
v 0.26068 0.32309 0.03429
v 0.25124 0.31008 0.04571
v 0.24179 0.29708 0.05714
v 0.23234 0.28408 0.06857
v 0.22290 0.27108 0.08000
v 0.21345 0.25808 0.09143
v 0.20400 0.24507 0.10286
v 0.19456 0.23207 0.11429
v 0.18511 0.21907 0.12571
v 0.17566 0.20607 0.13714
v 0.16622 0.19307 0.14857
v 0.15677 0.18006 0.16000
v 0.14732 0.16706 0.17143
v 0.13788 0.15406 0.18286
v 0.12843 0.14106 0.19429
v 0.11899 0.12805 0.20571
v 0.10954 0.11505 0.21714
v 0.10009 0.10205 0.22857
v 0.09065 0.08905 0.24000
v 0.08120 0.07605 0.25143
v 0.07175 0.06304 0.26286
v 0.06231 0.05004 0.27429
v 0.05286 0.03704 0.28571
v 0.04341 0.02404 0.29714
v 0.26450 0.36406 0.00000
v 0.25506 0.35106 0.01143
v 0.24561 0.33805 0.02286
v 0.23616 0.32505 0.03429
v 0.22672 0.31205 0.04571
v 0.21727 0.29905 0.05714
v 0.20782 0.28605 0.06857
v 0.19838 0.27304 0.08000
v 0.18893 0.26004 0.09143
v 0.17948 0.24704 0.10286
v 0.17004 0.23404 0.11429
v 0.16059 0.22104 0.12571
v 0.15114 0.20803 0.13714
v 0.14170 0.19503 0.14857
v 0.13225 0.18203 0.16000
v 0.12281 0.16903 0.17143
v 0.11336 0.15602 0.18286
v 0.10391 0.14302 0.19429
v 0.09447 0.13002 0.20571
v 0.08502 0.11702 0.21714
v 0.07557 0.10402 0.22857
v 0.06613 0.09101 0.24000
v 0.05668 0.07801 0.25143
v 0.04723 0.06501 0.26286
v 0.03779 0.05201 0.27429
v 0.02834 0.03901 0.28571
v 0.01889 0.02600 0.29714
v 0.00945 0.01300 0.30857
v 0.25506 0.35106 -0.01143
v 0.27958 0.34909 -0.01143
v 0.24561 0.33805 -0.02286
v 0.30410 0.34712 -0.01143
v 0.27013 0.33609 -0.02286
v 0.23616 0.32505 -0.03429
v 0.32862 0.34516 -0.01143
v 0.29465 0.33412 -0.02286
v 0.26068 0.32309 -0.03429
v 0.22672 0.31205 -0.04571
v 0.35314 0.34319 -0.01143
v 0.31917 0.33216 -0.02286
v 0.28520 0.32112 -0.03429
v 0.25124 0.31008 -0.04571
v 0.21727 0.29905 -0.05714
v 0.37766 0.34123 -0.01143
v 0.34369 0.33019 -0.02286
v 0.30972 0.31915 -0.03429
v 0.27576 0.30812 -0.04571
v 0.24179 0.29708 -0.05714
v 0.20782 0.28605 -0.06857
v 0.40218 0.33926 -0.01143
v 0.36821 0.32822 -0.02286
v 0.33424 0.31719 -0.03429
v 0.30028 0.30615 -0.04571
v 0.26631 0.29512 -0.05714
v 0.23234 0.28408 -0.06857
v 0.19838 0.27304 -0.08000
v 0.42670 0.33730 -0.01143
v 0.39273 0.32626 -0.02286
v 0.35876 0.31522 -0.03429
v 0.32480 0.30419 -0.04571
v 0.29083 0.29315 -0.05714
v 0.25686 0.28211 -0.06857
v 0.22290 0.27108 -0.08000
v 0.18893 0.26004 -0.09143
v 0.45121 0.33533 -0.01143
v 0.41725 0.32429 -0.02286
v 0.38328 0.31326 -0.03429
v 0.34932 0.30222 -0.04571
v 0.31535 0.29118 -0.05714
v 0.28138 0.28015 -0.06857
v 0.24742 0.26911 -0.08000
v 0.21345 0.25808 -0.09143
v 0.17948 0.24704 -0.10286
v 0.47573 0.33336 -0.01143
v 0.44177 0.32233 -0.02286
v 0.40780 0.31129 -0.03429
v 0.37384 0.30025 -0.04571
v 0.33987 0.28922 -0.05714
v 0.30590 0.27818 -0.06857
v 0.27194 0.26715 -0.08000
v 0.23797 0.25611 -0.09143
v 0.20400 0.24507 -0.10286
v 0.17004 0.23404 -0.11429
v 0.50025 0.33140 -0.01143
v 0.46629 0.32036 -0.02286
v 0.43232 0.30933 -0.03429
v 0.39836 0.29829 -0.04571
v 0.36439 0.28725 -0.05714
v 0.33042 0.27622 -0.06857
v 0.29646 0.26518 -0.08000
v 0.26249 0.25414 -0.09143
v 0.22852 0.24311 -0.10286
v 0.19456 0.23207 -0.11429
v 0.16059 0.22104 -0.12571
v 0.52477 0.32943 -0.01143
v 0.49081 0.31840 -0.02286
v 0.45684 0.30736 -0.03429
v 0.42288 0.29632 -0.04571
v 0.38891 0.28529 -0.05714
v 0.35494 0.27425 -0.06857
v 0.32098 0.26321 -0.08000
v 0.28701 0.25218 -0.09143
v 0.25304 0.24114 -0.10286
v 0.21908 0.23011 -0.11429
v 0.18511 0.21907 -0.12571
v 0.15114 0.20803 -0.13714
v 0.54929 0.32747 -0.01143
v 0.51533 0.31643 -0.02286
v 0.48136 0.30539 -0.03429
v 0.44739 0.29436 -0.04571
v 0.41343 0.28332 -0.05714
v 0.37946 0.27229 -0.06857
v 0.34550 0.26125 -0.08000
v 0.31153 0.25021 -0.09143
v 0.27756 0.23918 -0.10286
v 0.24360 0.22814 -0.11429
v 0.20963 0.21710 -0.12571
v 0.17566 0.20607 -0.13714
v 0.14170 0.19503 -0.14857
v 0.57381 0.32550 -0.01143
v 0.53985 0.31446 -0.02286
v 0.50588 0.30343 -0.03429
v 0.47191 0.29239 -0.04571
v 0.43795 0.28136 -0.05714
v 0.40398 0.27032 -0.06857
v 0.37002 0.25928 -0.08000
v 0.33605 0.24825 -0.09143
v 0.30208 0.23721 -0.10286
v 0.26812 0.22617 -0.11429
v 0.23415 0.21514 -0.12571
v 0.20018 0.20410 -0.13714
v 0.16622 0.19307 -0.14857
v 0.13225 0.18203 -0.16000
v 0.59833 0.32354 -0.01143
v 0.56437 0.31250 -0.02286
v 0.53040 0.30146 -0.03429
v 0.49643 0.29043 -0.04571
v 0.46247 0.27939 -0.05714
v 0.42850 0.26835 -0.06857
v 0.39454 0.25732 -0.08000
v 0.36057 0.24628 -0.09143
v 0.32660 0.23524 -0.10286
v 0.29264 0.22421 -0.11429
v 0.25867 0.21317 -0.12571
v 0.22470 0.20214 -0.13714
v 0.19074 0.19110 -0.14857
v 0.15677 0.18006 -0.16000
v 0.12281 0.16903 -0.17143
v 0.62285 0.32157 -0.01143
v 0.58889 0.31053 -0.02286
v 0.55492 0.29950 -0.03429
v 0.52095 0.28846 -0.04571
v 0.48699 0.27742 -0.05714
v 0.45302 0.26639 -0.06857
v 0.41906 0.25535 -0.08000
v 0.38509 0.24432 -0.09143
v 0.35112 0.23328 -0.10286
v 0.31716 0.22224 -0.11429
v 0.28319 0.21121 -0.12571
v 0.24922 0.20017 -0.13714
v 0.21526 0.18913 -0.14857
v 0.18129 0.17810 -0.16000
v 0.14732 0.16706 -0.17143
v 0.11336 0.15602 -0.18286
v 0.64737 0.31960 -0.01143
v 0.61341 0.30857 -0.02286
v 0.57944 0.29753 -0.03429
v 0.54547 0.28649 -0.04571
v 0.51151 0.27546 -0.05714
v 0.47754 0.26442 -0.06857
v 0.44358 0.25339 -0.08000
v 0.40961 0.24235 -0.09143
v 0.37564 0.23131 -0.10286
v 0.34168 0.22028 -0.11429
v 0.30771 0.20924 -0.12571
v 0.27374 0.19820 -0.13714
v 0.23978 0.18717 -0.14857
v 0.20581 0.17613 -0.16000
v 0.17184 0.16510 -0.17143
v 0.13788 0.15406 -0.18286
v 0.10391 0.14302 -0.19429
v 0.67189 0.31764 -0.01143
v 0.63793 0.30660 -0.02286
v 0.60396 0.29557 -0.03429
v 0.56999 0.28453 -0.04571
v 0.53603 0.27349 -0.05714
v 0.50206 0.26246 -0.06857
v 0.46809 0.25142 -0.08000
v 0.43413 0.24038 -0.09143
v 0.40016 0.22935 -0.10286
v 0.36620 0.21831 -0.11429
v 0.33223 0.20727 -0.12571
v 0.29826 0.19624 -0.13714
v 0.26430 0.18520 -0.14857
v 0.23033 0.17417 -0.16000
v 0.19636 0.16313 -0.17143
v 0.16240 0.15209 -0.18286
v 0.12843 0.14106 -0.19429
v 0.09447 0.13002 -0.20571
v 0.69641 0.31567 -0.01143
v 0.66245 0.30464 -0.02286
v 0.62848 0.29360 -0.03429
v 0.59451 0.28256 -0.04571
v 0.56055 0.27153 -0.05714
v 0.52658 0.26049 -0.06857
v 0.49261 0.24945 -0.08000
v 0.45865 0.23842 -0.09143
v 0.42468 0.22738 -0.10286
v 0.39072 0.21635 -0.11429
v 0.35675 0.20531 -0.12571
v 0.32278 0.19427 -0.13714
v 0.28882 0.18324 -0.14857
v 0.25485 0.17220 -0.16000
v 0.22088 0.16116 -0.17143
v 0.18692 0.15013 -0.18286
v 0.15295 0.13909 -0.19429
v 0.11899 0.12805 -0.20571
v 0.08502 0.11702 -0.21714
v 0.72093 0.31371 -0.01143
v 0.68697 0.30267 -0.02286
v 0.65300 0.29163 -0.03429
v 0.61903 0.28060 -0.04571
v 0.58507 0.26956 -0.05714
v 0.55110 0.25852 -0.06857
v 0.51713 0.24749 -0.08000
v 0.48317 0.23645 -0.09143
v 0.44920 0.22542 -0.10286
v 0.41524 0.21438 -0.11429
v 0.38127 0.20334 -0.12571
v 0.34730 0.19231 -0.13714
v 0.31334 0.18127 -0.14857
v 0.27937 0.17023 -0.16000
v 0.24540 0.15920 -0.17143
v 0.21144 0.14816 -0.18286
v 0.17747 0.13713 -0.19429
v 0.14350 0.12609 -0.20571
v 0.10954 0.11505 -0.21714
v 0.07557 0.10402 -0.22857
v 0.74545 0.31174 -0.01143
v 0.71149 0.30070 -0.02286
v 0.67752 0.28967 -0.03429
v 0.64355 0.27863 -0.04571
v 0.60959 0.26760 -0.05714
v 0.57562 0.25656 -0.06857
v 0.54165 0.24552 -0.08000
v 0.50769 0.23449 -0.09143
v 0.47372 0.22345 -0.10286
v 0.43976 0.21241 -0.11429
v 0.40579 0.20138 -0.12571
v 0.37182 0.19034 -0.13714
v 0.33786 0.17930 -0.14857
v 0.30389 0.16827 -0.16000
v 0.26992 0.15723 -0.17143
v 0.23596 0.14620 -0.18286
v 0.20199 0.13516 -0.19429
v 0.16802 0.12412 -0.20571
v 0.13406 0.11309 -0.21714
v 0.10009 0.10205 -0.22857
v 0.06613 0.09101 -0.24000
v 0.76997 0.30978 -0.01143
v 0.73601 0.29874 -0.02286
v 0.70204 0.28770 -0.03429
v 0.66807 0.27667 -0.04571
v 0.63411 0.26563 -0.05714
v 0.60014 0.25459 -0.06857
v 0.56617 0.24356 -0.08000
v 0.53221 0.23252 -0.09143
v 0.49824 0.22148 -0.10286
v 0.46427 0.21045 -0.11429
v 0.43031 0.19941 -0.12571
v 0.39634 0.18838 -0.13714
v 0.36238 0.17734 -0.14857
v 0.32841 0.16630 -0.16000
v 0.29444 0.15527 -0.17143
v 0.26048 0.14423 -0.18286
v 0.22651 0.13319 -0.19429
v 0.19254 0.12216 -0.20571
v 0.15858 0.11112 -0.21714
v 0.12461 0.10008 -0.22857
v 0.09065 0.08905 -0.24000
v 0.05668 0.07801 -0.25143
v 0.79449 0.30781 -0.01143
v 0.76053 0.29677 -0.02286
v 0.72656 0.28574 -0.03429
v 0.69259 0.27470 -0.04571
v 0.65863 0.26366 -0.05714
v 0.62466 0.25263 -0.06857
v 0.59069 0.24159 -0.08000
v 0.55673 0.23056 -0.09143
v 0.52276 0.21952 -0.10286
v 0.48879 0.20848 -0.11429
v 0.45483 0.19745 -0.12571
v 0.42086 0.18641 -0.13714
v 0.38690 0.17537 -0.14857
v 0.35293 0.16434 -0.16000
v 0.31896 0.15330 -0.17143
v 0.28500 0.14226 -0.18286
v 0.25103 0.13123 -0.19429
v 0.21706 0.12019 -0.20571
v 0.18310 0.10916 -0.21714
v 0.14913 0.09812 -0.22857
v 0.11517 0.08708 -0.24000
v 0.08120 0.07605 -0.25143
v 0.04723 0.06501 -0.26286
v 0.81901 0.30584 -0.01143
v 0.78504 0.29481 -0.02286
v 0.75108 0.28377 -0.03429
v 0.71711 0.27273 -0.04571
v 0.68315 0.26170 -0.05714
v 0.64918 0.25066 -0.06857
v 0.61521 0.23963 -0.08000
v 0.58125 0.22859 -0.09143
v 0.54728 0.21755 -0.10286
v 0.51331 0.20652 -0.11429
v 0.47935 0.19548 -0.12571
v 0.44538 0.18444 -0.13714
v 0.41142 0.17341 -0.14857
v 0.37745 0.16237 -0.16000
v 0.34348 0.15134 -0.17143
v 0.30952 0.14030 -0.18286
v 0.27555 0.12926 -0.19429
v 0.24158 0.11823 -0.20571
v 0.20762 0.10719 -0.21714
v 0.17365 0.09615 -0.22857
v 0.13969 0.08512 -0.24000
v 0.10572 0.07408 -0.25143
v 0.07175 0.06304 -0.26286
v 0.03779 0.05201 -0.27429
v 0.84353 0.30388 -0.01143
v 0.80956 0.29284 -0.02286
v 0.77560 0.28181 -0.03429
v 0.74163 0.27077 -0.04571
v 0.70767 0.25973 -0.05714
v 0.67370 0.24870 -0.06857
v 0.63973 0.23766 -0.08000
v 0.60577 0.22662 -0.09143
v 0.57180 0.21559 -0.10286
v 0.53783 0.20455 -0.11429
v 0.50387 0.19351 -0.12571
v 0.46990 0.18248 -0.13714
v 0.43594 0.17144 -0.14857
v 0.40197 0.16041 -0.16000
v 0.36800 0.14937 -0.17143
v 0.33404 0.13833 -0.18286
v 0.30007 0.12730 -0.19429
v 0.26610 0.11626 -0.20571
v 0.23214 0.10522 -0.21714
v 0.19817 0.09419 -0.22857
v 0.16420 0.08315 -0.24000
v 0.13024 0.07212 -0.25143
v 0.09627 0.06108 -0.26286
v 0.06231 0.05004 -0.27429
v 0.02834 0.03901 -0.28571
v 0.86805 0.30191 -0.01143
v 0.83408 0.29088 -0.02286
v 0.80012 0.27984 -0.03429
v 0.76615 0.26880 -0.04571
v 0.73219 0.25777 -0.05714
v 0.69822 0.24673 -0.06857
v 0.66425 0.23569 -0.08000
v 0.63029 0.22466 -0.09143
v 0.59632 0.21362 -0.10286
v 0.56235 0.20259 -0.11429
v 0.52839 0.19155 -0.12571
v 0.49442 0.18051 -0.13714
v 0.46046 0.16948 -0.14857
v 0.42649 0.15844 -0.16000
v 0.39252 0.14740 -0.17143
v 0.35856 0.13637 -0.18286
v 0.32459 0.12533 -0.19429
v 0.29062 0.11429 -0.20571
v 0.25666 0.10326 -0.21714
v 0.22269 0.09222 -0.22857
v 0.18872 0.08119 -0.24000
v 0.15476 0.07015 -0.25143
v 0.12079 0.05911 -0.26286
v 0.08683 0.04808 -0.27429
v 0.05286 0.03704 -0.28571
v 0.01889 0.02600 -0.29714
v 0.89257 0.29995 -0.01143
v 0.85860 0.28891 -0.02286
v 0.82464 0.27787 -0.03429
v 0.79067 0.26684 -0.04571
v 0.75671 0.25580 -0.05714
v 0.72274 0.24476 -0.06857
v 0.68877 0.23373 -0.08000
v 0.65481 0.22269 -0.09143
v 0.62084 0.21166 -0.10286
v 0.58687 0.20062 -0.11429
v 0.55291 0.18958 -0.12571
v 0.51894 0.17855 -0.13714
v 0.48497 0.16751 -0.14857
v 0.45101 0.15647 -0.16000
v 0.41704 0.14544 -0.17143
v 0.38308 0.13440 -0.18286
v 0.34911 0.12337 -0.19429
v 0.31514 0.11233 -0.20571
v 0.28118 0.10129 -0.21714
v 0.24721 0.09026 -0.22857
v 0.21324 0.07922 -0.24000
v 0.17928 0.06818 -0.25143
v 0.14531 0.05715 -0.26286
v 0.11135 0.04611 -0.27429
v 0.07738 0.03507 -0.28571
v 0.04341 0.02404 -0.29714
v 0.00945 0.01300 -0.30857
v 0.25506 0.38677 0.00000
v 0.24561 0.40948 0.00000
v 0.24561 0.37377 0.01143
v 0.23616 0.43219 0.00000
v 0.23616 0.39648 0.01143
v 0.23616 0.36077 0.02286
v 0.22672 0.45491 0.00000
v 0.22672 0.41919 0.01143
v 0.22672 0.38348 0.02286
v 0.22672 0.34776 0.03429
v 0.21727 0.47762 0.00000
v 0.21727 0.44190 0.01143
v 0.21727 0.40619 0.02286
v 0.21727 0.37048 0.03429
v 0.21727 0.33476 0.04571
v 0.20782 0.50033 0.00000
v 0.20782 0.46462 0.01143
v 0.20782 0.42890 0.02286
v 0.20782 0.39319 0.03429
v 0.20782 0.35747 0.04571
v 0.20782 0.32176 0.05714
v 0.19838 0.52304 0.00000
v 0.19838 0.48733 0.01143
v 0.19838 0.45161 0.02286
v 0.19838 0.41590 0.03429
v 0.19838 0.38019 0.04571
v 0.19838 0.34447 0.05714
v 0.19838 0.30876 0.06857
v 0.18893 0.54576 0.00000
v 0.18893 0.51004 0.01143
v 0.18893 0.47433 0.02286
v 0.18893 0.43861 0.03429
v 0.18893 0.40290 0.04571
v 0.18893 0.36718 0.05714
v 0.18893 0.33147 0.06857
v 0.18893 0.29576 0.08000
v 0.17948 0.56847 0.00000
v 0.17948 0.53275 0.01143
v 0.17948 0.49704 0.02286
v 0.17948 0.46132 0.03429
v 0.17948 0.42561 0.04571
v 0.17948 0.38990 0.05714
v 0.17948 0.35418 0.06857
v 0.17948 0.31847 0.08000
v 0.17948 0.28275 0.09143
v 0.17004 0.59118 0.00000
v 0.17004 0.55547 0.01143
v 0.17004 0.51975 0.02286
v 0.17004 0.48404 0.03429
v 0.17004 0.44832 0.04571
v 0.17004 0.41261 0.05714
v 0.17004 0.37689 0.06857
v 0.17004 0.34118 0.08000
v 0.17004 0.30547 0.09143
v 0.17004 0.26975 0.10286
v 0.16059 0.61389 0.00000
v 0.16059 0.57818 0.01143
v 0.16059 0.54246 0.02286
v 0.16059 0.50675 0.03429
v 0.16059 0.47104 0.04571
v 0.16059 0.43532 0.05714
v 0.16059 0.39961 0.06857
v 0.16059 0.36389 0.08000
v 0.16059 0.32818 0.09143
v 0.16059 0.29246 0.10286
v 0.16059 0.25675 0.11429
v 0.15114 0.63660 0.00000
v 0.15114 0.60089 0.01143
v 0.15114 0.56518 0.02286
v 0.15114 0.52946 0.03429
v 0.15114 0.49375 0.04571
v 0.15114 0.45803 0.05714
v 0.15114 0.42232 0.06857
v 0.15114 0.38660 0.08000
v 0.15114 0.35089 0.09143
v 0.15114 0.31518 0.10286
v 0.15114 0.27946 0.11429
v 0.15114 0.24375 0.12571
v 0.14170 0.65932 0.00000
v 0.14170 0.62360 0.01143
v 0.14170 0.58789 0.02286
v 0.14170 0.55217 0.03429
v 0.14170 0.51646 0.04571
v 0.14170 0.48075 0.05714
v 0.14170 0.44503 0.06857
v 0.14170 0.40932 0.08000
v 0.14170 0.37360 0.09143
v 0.14170 0.33789 0.10286
v 0.14170 0.30217 0.11429
v 0.14170 0.26646 0.12571
v 0.14170 0.23075 0.13714
v 0.13225 0.68203 0.00000
v 0.13225 0.64631 0.01143
v 0.13225 0.61060 0.02286
v 0.13225 0.57489 0.03429
v 0.13225 0.53917 0.04571
v 0.13225 0.50346 0.05714
v 0.13225 0.46774 0.06857
v 0.13225 0.43203 0.08000
v 0.13225 0.39631 0.09143
v 0.13225 0.36060 0.10286
v 0.13225 0.32489 0.11429
v 0.13225 0.28917 0.12571
v 0.13225 0.25346 0.13714
v 0.13225 0.21774 0.14857
v 0.12281 0.70474 0.00000
v 0.12281 0.66903 0.01143
v 0.12281 0.63331 0.02286
v 0.12281 0.59760 0.03429
v 0.12281 0.56188 0.04571
v 0.12281 0.52617 0.05714
v 0.12281 0.49046 0.06857
v 0.12281 0.45474 0.08000
v 0.12281 0.41903 0.09143
v 0.12281 0.38331 0.10286
v 0.12281 0.34760 0.11429
v 0.12281 0.31188 0.12571
v 0.12281 0.27617 0.13714
v 0.12281 0.24046 0.14857
v 0.12281 0.20474 0.16000
v 0.11336 0.72745 0.00000
v 0.11336 0.69174 0.01143
v 0.11336 0.65602 0.02286
v 0.11336 0.62031 0.03429
v 0.11336 0.58460 0.04571
v 0.11336 0.54888 0.05714
v 0.11336 0.51317 0.06857
v 0.11336 0.47745 0.08000
v 0.11336 0.44174 0.09143
v 0.11336 0.40602 0.10286
v 0.11336 0.37031 0.11429
v 0.11336 0.33460 0.12571
v 0.11336 0.29888 0.13714
v 0.11336 0.26317 0.14857
v 0.11336 0.22745 0.16000
v 0.11336 0.19174 0.17143
v 0.10391 0.75017 0.00000
v 0.10391 0.71445 0.01143
v 0.10391 0.67874 0.02286
v 0.10391 0.64302 0.03429
v 0.10391 0.60731 0.04571
v 0.10391 0.57159 0.05714
v 0.10391 0.53588 0.06857
v 0.10391 0.50017 0.08000
v 0.10391 0.46445 0.09143
v 0.10391 0.42874 0.10286
v 0.10391 0.39302 0.11429
v 0.10391 0.35731 0.12571
v 0.10391 0.32159 0.13714
v 0.10391 0.28588 0.14857
v 0.10391 0.25017 0.16000
v 0.10391 0.21445 0.17143
v 0.10391 0.17874 0.18286
v 0.09447 0.77288 0.00000
v 0.09447 0.73716 0.01143
v 0.09447 0.70145 0.02286
v 0.09447 0.66573 0.03429
v 0.09447 0.63002 0.04571
v 0.09447 0.59431 0.05714
v 0.09447 0.55859 0.06857
v 0.09447 0.52288 0.08000
v 0.09447 0.48716 0.09143
v 0.09447 0.45145 0.10286
v 0.09447 0.41573 0.11429
v 0.09447 0.38002 0.12571
v 0.09447 0.34431 0.13714
v 0.09447 0.30859 0.14857
v 0.09447 0.27288 0.16000
v 0.09447 0.23716 0.17143
v 0.09447 0.20145 0.18286
v 0.09447 0.16573 0.19429
v 0.08502 0.79559 0.00000
v 0.08502 0.75988 0.01143
v 0.08502 0.72416 0.02286
v 0.08502 0.68845 0.03429
v 0.08502 0.65273 0.04571
v 0.08502 0.61702 0.05714
v 0.08502 0.58130 0.06857
v 0.08502 0.54559 0.08000
v 0.08502 0.50988 0.09143
v 0.08502 0.47416 0.10286
v 0.08502 0.43845 0.11429
v 0.08502 0.40273 0.12571
v 0.08502 0.36702 0.13714
v 0.08502 0.33130 0.14857
v 0.08502 0.29559 0.16000
v 0.08502 0.25988 0.17143
v 0.08502 0.22416 0.18286
v 0.08502 0.18845 0.19429
v 0.08502 0.15273 0.20571
v 0.07557 0.81830 0.00000
v 0.07557 0.78259 0.01143
v 0.07557 0.74687 0.02286
v 0.07557 0.71116 0.03429
v 0.07557 0.67545 0.04571
v 0.07557 0.63973 0.05714
v 0.07557 0.60402 0.06857
v 0.07557 0.56830 0.08000
v 0.07557 0.53259 0.09143
v 0.07557 0.49687 0.10286
v 0.07557 0.46116 0.11429
v 0.07557 0.42545 0.12571
v 0.07557 0.38973 0.13714
v 0.07557 0.35402 0.14857
v 0.07557 0.31830 0.16000
v 0.07557 0.28259 0.17143
v 0.07557 0.24687 0.18286
v 0.07557 0.21116 0.19429
v 0.07557 0.17545 0.20571
v 0.07557 0.13973 0.21714
v 0.06613 0.84101 0.00000
v 0.06613 0.80530 0.01143
v 0.06613 0.76959 0.02286
v 0.06613 0.73387 0.03429
v 0.06613 0.69816 0.04571
v 0.06613 0.66244 0.05714
v 0.06613 0.62673 0.06857
v 0.06613 0.59101 0.08000
v 0.06613 0.55530 0.09143
v 0.06613 0.51959 0.10286
v 0.06613 0.48387 0.11429
v 0.06613 0.44816 0.12571
v 0.06613 0.41244 0.13714
v 0.06613 0.37673 0.14857
v 0.06613 0.34101 0.16000
v 0.06613 0.30530 0.17143
v 0.06613 0.26959 0.18286
v 0.06613 0.23387 0.19429
v 0.06613 0.19816 0.20571
v 0.06613 0.16244 0.21714
v 0.06613 0.12673 0.22857
v 0.05668 0.86373 0.00000
v 0.05668 0.82801 0.01143
v 0.05668 0.79230 0.02286
v 0.05668 0.75658 0.03429
v 0.05668 0.72087 0.04571
v 0.05668 0.68516 0.05714
v 0.05668 0.64944 0.06857
v 0.05668 0.61373 0.08000
v 0.05668 0.57801 0.09143
v 0.05668 0.54230 0.10286
v 0.05668 0.50658 0.11429
v 0.05668 0.47087 0.12571
v 0.05668 0.43516 0.13714
v 0.05668 0.39944 0.14857
v 0.05668 0.36373 0.16000
v 0.05668 0.32801 0.17143
v 0.05668 0.29230 0.18286
v 0.05668 0.25658 0.19429
v 0.05668 0.22087 0.20571
v 0.05668 0.18516 0.21714
v 0.05668 0.14944 0.22857
v 0.05668 0.11373 0.24000
v 0.04723 0.88644 0.00000
v 0.04723 0.85072 0.01143
v 0.04723 0.81501 0.02286
v 0.04723 0.77930 0.03429
v 0.04723 0.74358 0.04571
v 0.04723 0.70787 0.05714
v 0.04723 0.67215 0.06857
v 0.04723 0.63644 0.08000
v 0.04723 0.60072 0.09143
v 0.04723 0.56501 0.10286
v 0.04723 0.52930 0.11429
v 0.04723 0.49358 0.12571
v 0.04723 0.45787 0.13714
v 0.04723 0.42215 0.14857
v 0.04723 0.38644 0.16000
v 0.04723 0.35072 0.17143
v 0.04723 0.31501 0.18286
v 0.04723 0.27930 0.19429
v 0.04723 0.24358 0.20571
v 0.04723 0.20787 0.21714
v 0.04723 0.17215 0.22857
v 0.04723 0.13644 0.24000
v 0.04723 0.10072 0.25143
v 0.03779 0.90915 0.00000
v 0.03779 0.87344 0.01143
v 0.03779 0.83772 0.02286
v 0.03779 0.80201 0.03429
v 0.03779 0.76629 0.04571
v 0.03779 0.73058 0.05714
v 0.03779 0.69487 0.06857
v 0.03779 0.65915 0.08000
v 0.03779 0.62344 0.09143
v 0.03779 0.58772 0.10286
v 0.03779 0.55201 0.11429
v 0.03779 0.51629 0.12571
v 0.03779 0.48058 0.13714
v 0.03779 0.44487 0.14857
v 0.03779 0.40915 0.16000
v 0.03779 0.37344 0.17143
v 0.03779 0.33772 0.18286
v 0.03779 0.30201 0.19429
v 0.03779 0.26629 0.20571
v 0.03779 0.23058 0.21714
v 0.03779 0.19487 0.22857
v 0.03779 0.15915 0.24000
v 0.03779 0.12344 0.25143
v 0.03779 0.08772 0.26286
v 0.02834 0.93186 0.00000
v 0.02834 0.89615 0.01143
v 0.02834 0.86043 0.02286
v 0.02834 0.82472 0.03429
v 0.02834 0.78901 0.04571
v 0.02834 0.75329 0.05714
v 0.02834 0.71758 0.06857
v 0.02834 0.68186 0.08000
v 0.02834 0.64615 0.09143
v 0.02834 0.61043 0.10286
v 0.02834 0.57472 0.11429
v 0.02834 0.53901 0.12571
v 0.02834 0.50329 0.13714
v 0.02834 0.46758 0.14857
v 0.02834 0.43186 0.16000
v 0.02834 0.39615 0.17143
v 0.02834 0.36043 0.18286
v 0.02834 0.32472 0.19429
v 0.02834 0.28901 0.20571
v 0.02834 0.25329 0.21714
v 0.02834 0.21758 0.22857
v 0.02834 0.18186 0.24000
v 0.02834 0.14615 0.25143
v 0.02834 0.11043 0.26286
v 0.02834 0.07472 0.27429
v 0.01889 0.95458 0.00000
v 0.01889 0.91886 0.01143
v 0.01889 0.88315 0.02286
v 0.01889 0.84743 0.03429
v 0.01889 0.81172 0.04571
v 0.01889 0.77600 0.05714
v 0.01889 0.74029 0.06857
v 0.01889 0.70458 0.08000
v 0.01889 0.66886 0.09143
v 0.01889 0.63315 0.10286
v 0.01889 0.59743 0.11429
v 0.01889 0.56172 0.12571
v 0.01889 0.52600 0.13714
v 0.01889 0.49029 0.14857
v 0.01889 0.45458 0.16000
v 0.01889 0.41886 0.17143
v 0.01889 0.38315 0.18286
v 0.01889 0.34743 0.19429
v 0.01889 0.31172 0.20571
v 0.01889 0.27600 0.21714
v 0.01889 0.24029 0.22857
v 0.01889 0.20458 0.24000
v 0.01889 0.16886 0.25143
v 0.01889 0.13315 0.26286
v 0.01889 0.09743 0.27429
v 0.01889 0.06172 0.28571
v 0.00945 0.97729 0.00000
v 0.00945 0.94157 0.01143
v 0.00945 0.90586 0.02286
v 0.00945 0.87014 0.03429
v 0.00945 0.83443 0.04571
v 0.00945 0.79872 0.05714
v 0.00945 0.76300 0.06857
v 0.00945 0.72729 0.08000
v 0.00945 0.69157 0.09143
v 0.00945 0.65586 0.10286
v 0.00945 0.62014 0.11429
v 0.00945 0.58443 0.12571
v 0.00945 0.54872 0.13714
v 0.00945 0.51300 0.14857
v 0.00945 0.47729 0.16000
v 0.00945 0.44157 0.17143
v 0.00945 0.40586 0.18286
v 0.00945 0.37014 0.19429
v 0.00945 0.33443 0.20571
v 0.00945 0.29872 0.21714
v 0.00945 0.26300 0.22857
v 0.00945 0.22729 0.24000
v 0.00945 0.19157 0.25143
v 0.00945 0.15586 0.26286
v 0.00945 0.12014 0.27429
v 0.00945 0.08443 0.28571
v 0.00945 0.04872 0.29714
v 0.00945 0.94157 -0.01143
v 0.01889 0.91886 -0.01143
v 0.00945 0.90586 -0.02286
v 0.02834 0.89615 -0.01143
v 0.01889 0.88315 -0.02286
v 0.00945 0.87014 -0.03429
v 0.03779 0.87344 -0.01143
v 0.02834 0.86043 -0.02286
v 0.01889 0.84743 -0.03429
v 0.00945 0.83443 -0.04571
v 0.04723 0.85072 -0.01143
v 0.03779 0.83772 -0.02286
v 0.02834 0.82472 -0.03429
v 0.01889 0.81172 -0.04571
v 0.00945 0.79872 -0.05714
v 0.05668 0.82801 -0.01143
v 0.04723 0.81501 -0.02286
v 0.03779 0.80201 -0.03429
v 0.02834 0.78901 -0.04571
v 0.01889 0.77600 -0.05714
v 0.00945 0.76300 -0.06857
v 0.06613 0.80530 -0.01143
v 0.05668 0.79230 -0.02286
v 0.04723 0.77930 -0.03429
v 0.03779 0.76629 -0.04571
v 0.02834 0.75329 -0.05714
v 0.01889 0.74029 -0.06857
v 0.00945 0.72729 -0.08000
v 0.07557 0.78259 -0.01143
v 0.06613 0.76959 -0.02286
v 0.05668 0.75658 -0.03429
v 0.04723 0.74358 -0.04571
v 0.03779 0.73058 -0.05714
v 0.02834 0.71758 -0.06857
v 0.01889 0.70458 -0.08000
v 0.00945 0.69157 -0.09143
v 0.08502 0.75988 -0.01143
v 0.07557 0.74687 -0.02286
v 0.06613 0.73387 -0.03429
v 0.05668 0.72087 -0.04571
v 0.04723 0.70787 -0.05714
v 0.03779 0.69487 -0.06857
v 0.02834 0.68186 -0.08000
v 0.01889 0.66886 -0.09143
v 0.00945 0.65586 -0.10286
v 0.09447 0.73716 -0.01143
v 0.08502 0.72416 -0.02286
v 0.07557 0.71116 -0.03429
v 0.06613 0.69816 -0.04571
v 0.05668 0.68516 -0.05714
v 0.04723 0.67215 -0.06857
v 0.03779 0.65915 -0.08000
v 0.02834 0.64615 -0.09143
v 0.01889 0.63315 -0.10286
v 0.00945 0.62014 -0.11429
v 0.10391 0.71445 -0.01143
v 0.09447 0.70145 -0.02286
v 0.08502 0.68845 -0.03429
v 0.07557 0.67545 -0.04571
v 0.06613 0.66244 -0.05714
v 0.05668 0.64944 -0.06857
v 0.04723 0.63644 -0.08000
v 0.03779 0.62344 -0.09143
v 0.02834 0.61043 -0.10286
v 0.01889 0.59743 -0.11429
v 0.00945 0.58443 -0.12571
v 0.11336 0.69174 -0.01143
v 0.10391 0.67874 -0.02286
v 0.09447 0.66573 -0.03429
v 0.08502 0.65273 -0.04571
v 0.07557 0.63973 -0.05714
v 0.06613 0.62673 -0.06857
v 0.05668 0.61373 -0.08000
v 0.04723 0.60072 -0.09143
v 0.03779 0.58772 -0.10286
v 0.02834 0.57472 -0.11429
v 0.01889 0.56172 -0.12571
v 0.00945 0.54872 -0.13714
v 0.12281 0.66903 -0.01143
v 0.11336 0.65602 -0.02286
v 0.10391 0.64302 -0.03429
v 0.09447 0.63002 -0.04571
v 0.08502 0.61702 -0.05714
v 0.07557 0.60402 -0.06857
v 0.06613 0.59101 -0.08000
v 0.05668 0.57801 -0.09143
v 0.04723 0.56501 -0.10286
v 0.03779 0.55201 -0.11429
v 0.02834 0.53901 -0.12571
v 0.01889 0.52600 -0.13714
v 0.00945 0.51300 -0.14857
v 0.13225 0.64631 -0.01143
v 0.12281 0.63331 -0.02286
v 0.11336 0.62031 -0.03429
v 0.10391 0.60731 -0.04571
v 0.09447 0.59431 -0.05714
v 0.08502 0.58130 -0.06857
v 0.07557 0.56830 -0.08000
v 0.06613 0.55530 -0.09143
v 0.05668 0.54230 -0.10286
v 0.04723 0.52930 -0.11429
v 0.03779 0.51629 -0.12571
v 0.02834 0.50329 -0.13714
v 0.01889 0.49029 -0.14857
v 0.00945 0.47729 -0.16000
v 0.14170 0.62360 -0.01143
v 0.13225 0.61060 -0.02286
v 0.12281 0.59760 -0.03429
v 0.11336 0.58460 -0.04571
v 0.10391 0.57159 -0.05714
v 0.09447 0.55859 -0.06857
v 0.08502 0.54559 -0.08000
v 0.07557 0.53259 -0.09143
v 0.06613 0.51959 -0.10286
v 0.05668 0.50658 -0.11429
v 0.04723 0.49358 -0.12571
v 0.03779 0.48058 -0.13714
v 0.02834 0.46758 -0.14857
v 0.01889 0.45458 -0.16000
v 0.00945 0.44157 -0.17143
v 0.15114 0.60089 -0.01143
v 0.14170 0.58789 -0.02286
v 0.13225 0.57489 -0.03429
v 0.12281 0.56188 -0.04571
v 0.11336 0.54888 -0.05714
v 0.10391 0.53588 -0.06857
v 0.09447 0.52288 -0.08000
v 0.08502 0.50988 -0.09143
v 0.07557 0.49687 -0.10286
v 0.06613 0.48387 -0.11429
v 0.05668 0.47087 -0.12571
v 0.04723 0.45787 -0.13714
v 0.03779 0.44487 -0.14857
v 0.02834 0.43186 -0.16000
v 0.01889 0.41886 -0.17143
v 0.00945 0.40586 -0.18286
v 0.16059 0.57818 -0.01143
v 0.15114 0.56518 -0.02286
v 0.14170 0.55217 -0.03429
v 0.13225 0.53917 -0.04571
v 0.12281 0.52617 -0.05714
v 0.11336 0.51317 -0.06857
v 0.10391 0.50017 -0.08000
v 0.09447 0.48716 -0.09143
v 0.08502 0.47416 -0.10286
v 0.07557 0.46116 -0.11429
v 0.06613 0.44816 -0.12571
v 0.05668 0.43516 -0.13714
v 0.04723 0.42215 -0.14857
v 0.03779 0.40915 -0.16000
v 0.02834 0.39615 -0.17143
v 0.01889 0.38315 -0.18286
v 0.00945 0.37014 -0.19429
v 0.17004 0.55547 -0.01143
v 0.16059 0.54246 -0.02286
v 0.15114 0.52946 -0.03429
v 0.14170 0.51646 -0.04571
v 0.13225 0.50346 -0.05714
v 0.12281 0.49046 -0.06857
v 0.11336 0.47745 -0.08000
v 0.10391 0.46445 -0.09143
v 0.09447 0.45145 -0.10286
v 0.08502 0.43845 -0.11429
v 0.07557 0.42545 -0.12571
v 0.06613 0.41244 -0.13714
v 0.05668 0.39944 -0.14857
v 0.04723 0.38644 -0.16000
v 0.03779 0.37344 -0.17143
v 0.02834 0.36043 -0.18286
v 0.01889 0.34743 -0.19429
v 0.00945 0.33443 -0.20571
v 0.17948 0.53275 -0.01143
v 0.17004 0.51975 -0.02286
v 0.16059 0.50675 -0.03429
v 0.15114 0.49375 -0.04571
v 0.14170 0.48075 -0.05714
v 0.13225 0.46774 -0.06857
v 0.12281 0.45474 -0.08000
v 0.11336 0.44174 -0.09143
v 0.10391 0.42874 -0.10286
v 0.09447 0.41573 -0.11429
v 0.08502 0.40273 -0.12571
v 0.07557 0.38973 -0.13714
v 0.06613 0.37673 -0.14857
v 0.05668 0.36373 -0.16000
v 0.04723 0.35072 -0.17143
v 0.03779 0.33772 -0.18286
v 0.02834 0.32472 -0.19429
v 0.01889 0.31172 -0.20571
v 0.00945 0.29872 -0.21714
v 0.18893 0.51004 -0.01143
v 0.17948 0.49704 -0.02286
v 0.17004 0.48404 -0.03429
v 0.16059 0.47104 -0.04571
v 0.15114 0.45803 -0.05714
v 0.14170 0.44503 -0.06857
v 0.13225 0.43203 -0.08000
v 0.12281 0.41903 -0.09143
v 0.11336 0.40602 -0.10286
v 0.10391 0.39302 -0.11429
v 0.09447 0.38002 -0.12571
v 0.08502 0.36702 -0.13714
v 0.07557 0.35402 -0.14857
v 0.06613 0.34101 -0.16000
v 0.05668 0.32801 -0.17143
v 0.04723 0.31501 -0.18286
v 0.03779 0.30201 -0.19429
v 0.02834 0.28901 -0.20571
v 0.01889 0.27600 -0.21714
v 0.00945 0.26300 -0.22857
v 0.19838 0.48733 -0.01143
v 0.18893 0.47433 -0.02286
v 0.17948 0.46132 -0.03429
v 0.17004 0.44832 -0.04571
v 0.16059 0.43532 -0.05714
v 0.15114 0.42232 -0.06857
v 0.14170 0.40932 -0.08000
v 0.13225 0.39631 -0.09143
v 0.12281 0.38331 -0.10286
v 0.11336 0.37031 -0.11429
v 0.10391 0.35731 -0.12571
v 0.09447 0.34431 -0.13714
v 0.08502 0.33130 -0.14857
v 0.07557 0.31830 -0.16000
v 0.06613 0.30530 -0.17143
v 0.05668 0.29230 -0.18286
v 0.04723 0.27930 -0.19429
v 0.03779 0.26629 -0.20571
v 0.02834 0.25329 -0.21714
v 0.01889 0.24029 -0.22857
v 0.00945 0.22729 -0.24000
v 0.20782 0.46462 -0.01143
v 0.19838 0.45161 -0.02286
v 0.18893 0.43861 -0.03429
v 0.17948 0.42561 -0.04571
v 0.17004 0.41261 -0.05714
v 0.16059 0.39961 -0.06857
v 0.15114 0.38660 -0.08000
v 0.14170 0.37360 -0.09143
v 0.13225 0.36060 -0.10286
v 0.12281 0.34760 -0.11429
v 0.11336 0.33460 -0.12571
v 0.10391 0.32159 -0.13714
v 0.09447 0.30859 -0.14857
v 0.08502 0.29559 -0.16000
v 0.07557 0.28259 -0.17143
v 0.06613 0.26959 -0.18286
v 0.05668 0.25658 -0.19429
v 0.04723 0.24358 -0.20571
v 0.03779 0.23058 -0.21714
v 0.02834 0.21758 -0.22857
v 0.01889 0.20458 -0.24000
v 0.00945 0.19157 -0.25143
v 0.21727 0.44190 -0.01143
v 0.20782 0.42890 -0.02286
v 0.19838 0.41590 -0.03429
v 0.18893 0.40290 -0.04571
v 0.17948 0.38990 -0.05714
v 0.17004 0.37689 -0.06857
v 0.16059 0.36389 -0.08000
v 0.15114 0.35089 -0.09143
v 0.14170 0.33789 -0.10286
v 0.13225 0.32489 -0.11429
v 0.12281 0.31188 -0.12571
v 0.11336 0.29888 -0.13714
v 0.10391 0.28588 -0.14857
v 0.09447 0.27288 -0.16000
v 0.08502 0.25988 -0.17143
v 0.07557 0.24687 -0.18286
v 0.06613 0.23387 -0.19429
v 0.05668 0.22087 -0.20571
v 0.04723 0.20787 -0.21714
v 0.03779 0.19487 -0.22857
v 0.02834 0.18186 -0.24000
v 0.01889 0.16886 -0.25143
v 0.00945 0.15586 -0.26286
v 0.22672 0.41919 -0.01143
v 0.21727 0.40619 -0.02286
v 0.20782 0.39319 -0.03429
v 0.19838 0.38019 -0.04571
v 0.18893 0.36718 -0.05714
v 0.17948 0.35418 -0.06857
v 0.17004 0.34118 -0.08000
v 0.16059 0.32818 -0.09143
v 0.15114 0.31518 -0.10286
v 0.14170 0.30217 -0.11429
v 0.13225 0.28917 -0.12571
v 0.12281 0.27617 -0.13714
v 0.11336 0.26317 -0.14857
v 0.10391 0.25017 -0.16000
v 0.09447 0.23716 -0.17143
v 0.08502 0.22416 -0.18286
v 0.07557 0.21116 -0.19429
v 0.06613 0.19816 -0.20571
v 0.05668 0.18516 -0.21714
v 0.04723 0.17215 -0.22857
v 0.03779 0.15915 -0.24000
v 0.02834 0.14615 -0.25143
v 0.01889 0.13315 -0.26286
v 0.00945 0.12014 -0.27429
v 0.23616 0.39648 -0.01143
v 0.22672 0.38348 -0.02286
v 0.21727 0.37048 -0.03429
v 0.20782 0.35747 -0.04571
v 0.19838 0.34447 -0.05714
v 0.18893 0.33147 -0.06857
v 0.17948 0.31847 -0.08000
v 0.17004 0.30547 -0.09143
v 0.16059 0.29246 -0.10286
v 0.15114 0.27946 -0.11429
v 0.14170 0.26646 -0.12571
v 0.13225 0.25346 -0.13714
v 0.12281 0.24046 -0.14857
v 0.11336 0.22745 -0.16000
v 0.10391 0.21445 -0.17143
v 0.09447 0.20145 -0.18286
v 0.08502 0.18845 -0.19429
v 0.07557 0.17545 -0.20571
v 0.06613 0.16244 -0.21714
v 0.05668 0.14944 -0.22857
v 0.04723 0.13644 -0.24000
v 0.03779 0.12344 -0.25143
v 0.02834 0.11043 -0.26286
v 0.01889 0.09743 -0.27429
v 0.00945 0.08443 -0.28571
v 0.24561 0.37377 -0.01143
v 0.23616 0.36077 -0.02286
v 0.22672 0.34776 -0.03429
v 0.21727 0.33476 -0.04571
v 0.20782 0.32176 -0.05714
v 0.19838 0.30876 -0.06857
v 0.18893 0.29576 -0.08000
v 0.17948 0.28275 -0.09143
v 0.17004 0.26975 -0.10286
v 0.16059 0.25675 -0.11429
v 0.15114 0.24375 -0.12571
v 0.14170 0.23075 -0.13714
v 0.13225 0.21774 -0.14857
v 0.12281 0.20474 -0.16000
v 0.11336 0.19174 -0.17143
v 0.10391 0.17874 -0.18286
v 0.09447 0.16573 -0.19429
v 0.08502 0.15273 -0.20571
v 0.07557 0.13973 -0.21714
v 0.06613 0.12673 -0.22857
v 0.05668 0.11373 -0.24000
v 0.04723 0.10072 -0.25143
v 0.03779 0.08772 -0.26286
v 0.02834 0.07472 -0.27429
v 0.01889 0.06172 -0.28571
v 0.00945 0.04872 -0.29714
f 1 2 3
f 2 4 5
f 2 5 3
f 3 5 6
f 4 7 8
f 4 8 5
f 5 8 9
f 5 9 6
f 6 9 10
f 7 11 12
f 7 12 8
f 8 12 13
f 8 13 9
f 9 13 14
f 9 14 10
f 10 14 15
f 11 16 17
f 11 17 12
f 12 17 18
f 12 18 13
f 13 18 19
f 13 19 14
f 14 19 20
f 14 20 15
f 15 20 21
f 16 22 23
f 16 23 17
f 17 23 24
f 17 24 18
f 18 24 25
f 18 25 19
f 19 25 26
f 19 26 20
f 20 26 27
f 20 27 21
f 21 27 28
f 22 29 30
f 22 30 23
f 23 30 31
f 23 31 24
f 24 31 32
f 24 32 25
f 25 32 33
f 25 33 26
f 26 33 34
f 26 34 27
f 27 34 35
f 27 35 28
f 28 35 36
f 29 37 38
f 29 38 30
f 30 38 39
f 30 39 31
f 31 39 40
f 31 40 32
f 32 40 41
f 32 41 33
f 33 41 42
f 33 42 34
f 34 42 43
f 34 43 35
f 35 43 44
f 35 44 36
f 36 44 45
f 37 46 47
f 37 47 38
f 38 47 48
f 38 48 39
f 39 48 49
f 39 49 40
f 40 49 50
f 40 50 41
f 41 50 51
f 41 51 42
f 42 51 52
f 42 52 43
f 43 52 53
f 43 53 44
f 44 53 54
f 44 54 45
f 45 54 55
f 46 56 57
f 46 57 47
f 47 57 58
f 47 58 48
f 48 58 59
f 48 59 49
f 49 59 60
f 49 60 50
f 50 60 61
f 50 61 51
f 51 61 62
f 51 62 52
f 52 62 63
f 52 63 53
f 53 63 64
f 53 64 54
f 54 64 65
f 54 65 55
f 55 65 66
f 56 67 68
f 56 68 57
f 57 68 69
f 57 69 58
f 58 69 70
f 58 70 59
f 59 70 71
f 59 71 60
f 60 71 72
f 60 72 61
f 61 72 73
f 61 73 62
f 62 73 74
f 62 74 63
f 63 74 75
f 63 75 64
f 64 75 76
f 64 76 65
f 65 76 77
f 65 77 66
f 66 77 78
f 67 79 80
f 67 80 68
f 68 80 81
f 68 81 69
f 69 81 82
f 69 82 70
f 70 82 83
f 70 83 71
f 71 83 84
f 71 84 72
f 72 84 85
f 72 85 73
f 73 85 86
f 73 86 74
f 74 86 87
f 74 87 75
f 75 87 88
f 75 88 76
f 76 88 89
f 76 89 77
f 77 89 90
f 77 90 78
f 78 90 91
f 79 92 93
f 79 93 80
f 80 93 94
f 80 94 81
f 81 94 95
f 81 95 82
f 82 95 96
f 82 96 83
f 83 96 97
f 83 97 84
f 84 97 98
f 84 98 85
f 85 98 99
f 85 99 86
f 86 99 100
f 86 100 87
f 87 100 101
f 87 101 88
f 88 101 102
f 88 102 89
f 89 102 103
f 89 103 90
f 90 103 104
f 90 104 91
f 91 104 105
f 92 106 107
f 92 107 93
f 93 107 108
f 93 108 94
f 94 108 109
f 94 109 95
f 95 109 110
f 95 110 96
f 96 110 111
f 96 111 97
f 97 111 112
f 97 112 98
f 98 112 113
f 98 113 99
f 99 113 114
f 99 114 100
f 100 114 115
f 100 115 101
f 101 115 116
f 101 116 102
f 102 116 117
f 102 117 103
f 103 117 118
f 103 118 104
f 104 118 119
f 104 119 105
f 105 119 120
f 106 121 122
f 106 122 107
f 107 122 123
f 107 123 108
f 108 123 124
f 108 124 109
f 109 124 125
f 109 125 110
f 110 125 126
f 110 126 111
f 111 126 127
f 111 127 112
f 112 127 128
f 112 128 113
f 113 128 129
f 113 129 114
f 114 129 130
f 114 130 115
f 115 130 131
f 115 131 116
f 116 131 132
f 116 132 117
f 117 132 133
f 117 133 118
f 118 133 134
f 118 134 119
f 119 134 135
f 119 135 120
f 120 135 136
f 121 137 138
f 121 138 122
f 122 138 139
f 122 139 123
f 123 139 140
f 123 140 124
f 124 140 141
f 124 141 125
f 125 141 142
f 125 142 126
f 126 142 143
f 126 143 127
f 127 143 144
f 127 144 128
f 128 144 145
f 128 145 129
f 129 145 146
f 129 146 130
f 130 146 147
f 130 147 131
f 131 147 148
f 131 148 132
f 132 148 149
f 132 149 133
f 133 149 150
f 133 150 134
f 134 150 151
f 134 151 135
f 135 151 152
f 135 152 136
f 136 152 153
f 137 154 155
f 137 155 138
f 138 155 156
f 138 156 139
f 139 156 157
f 139 157 140
f 140 157 158
f 140 158 141
f 141 158 159
f 141 159 142
f 142 159 160
f 142 160 143
f 143 160 161
f 143 161 144
f 144 161 162
f 144 162 145
f 145 162 163
f 145 163 146
f 146 163 164
f 146 164 147
f 147 164 165
f 147 165 148
f 148 165 166
f 148 166 149
f 149 166 167
f 149 167 150
f 150 167 168
f 150 168 151
f 151 168 169
f 151 169 152
f 152 169 170
f 152 170 153
f 153 170 171
f 154 172 173
f 154 173 155
f 155 173 174
f 155 174 156
f 156 174 175
f 156 175 157
f 157 175 176
f 157 176 158
f 158 176 177
f 158 177 159
f 159 177 178
f 159 178 160
f 160 178 179
f 160 179 161
f 161 179 180
f 161 180 162
f 162 180 181
f 162 181 163
f 163 181 182
f 163 182 164
f 164 182 183
f 164 183 165
f 165 183 184
f 165 184 166
f 166 184 185
f 166 185 167
f 167 185 186
f 167 186 168
f 168 186 187
f 168 187 169
f 169 187 188
f 169 188 170
f 170 188 189
f 170 189 171
f 171 189 190
f 172 191 192
f 172 192 173
f 173 192 193
f 173 193 174
f 174 193 194
f 174 194 175
f 175 194 195
f 175 195 176
f 176 195 196
f 176 196 177
f 177 196 197
f 177 197 178
f 178 197 198
f 178 198 179
f 179 198 199
f 179 199 180
f 180 199 200
f 180 200 181
f 181 200 201
f 181 201 182
f 182 201 202
f 182 202 183
f 183 202 203
f 183 203 184
f 184 203 204
f 184 204 185
f 185 204 205
f 185 205 186
f 186 205 206
f 186 206 187
f 187 206 207
f 187 207 188
f 188 207 208
f 188 208 189
f 189 208 209
f 189 209 190
f 190 209 210
f 191 211 212
f 191 212 192
f 192 212 213
f 192 213 193
f 193 213 214
f 193 214 194
f 194 214 215
f 194 215 195
f 195 215 216
f 195 216 196
f 196 216 217
f 196 217 197
f 197 217 218
f 197 218 198
f 198 218 219
f 198 219 199
f 199 219 220
f 199 220 200
f 200 220 221
f 200 221 201
f 201 221 222
f 201 222 202
f 202 222 223
f 202 223 203
f 203 223 224
f 203 224 204
f 204 224 225
f 204 225 205
f 205 225 226
f 205 226 206
f 206 226 227
f 206 227 207
f 207 227 228
f 207 228 208
f 208 228 229
f 208 229 209
f 209 229 230
f 209 230 210
f 210 230 231
f 211 232 233
f 211 233 212
f 212 233 234
f 212 234 213
f 213 234 235
f 213 235 214
f 214 235 236
f 214 236 215
f 215 236 237
f 215 237 216
f 216 237 238
f 216 238 217
f 217 238 239
f 217 239 218
f 218 239 240
f 218 240 219
f 219 240 241
f 219 241 220
f 220 241 242
f 220 242 221
f 221 242 243
f 221 243 222
f 222 243 244
f 222 244 223
f 223 244 245
f 223 245 224
f 224 245 246
f 224 246 225
f 225 246 247
f 225 247 226
f 226 247 248
f 226 248 227
f 227 248 249
f 227 249 228
f 228 249 250
f 228 250 229
f 229 250 251
f 229 251 230
f 230 251 252
f 230 252 231
f 231 252 253
f 232 254 255
f 232 255 233
f 233 255 256
f 233 256 234
f 234 256 257
f 234 257 235
f 235 257 258
f 235 258 236
f 236 258 259
f 236 259 237
f 237 259 260
f 237 260 238
f 238 260 261
f 238 261 239
f 239 261 262
f 239 262 240
f 240 262 263
f 240 263 241
f 241 263 264
f 241 264 242
f 242 264 265
f 242 265 243
f 243 265 266
f 243 266 244
f 244 266 267
f 244 267 245
f 245 267 268
f 245 268 246
f 246 268 269
f 246 269 247
f 247 269 270
f 247 270 248
f 248 270 271
f 248 271 249
f 249 271 272
f 249 272 250
f 250 272 273
f 250 273 251
f 251 273 274
f 251 274 252
f 252 274 275
f 252 275 253
f 253 275 276
f 254 277 278
f 254 278 255
f 255 278 279
f 255 279 256
f 256 279 280
f 256 280 257
f 257 280 281
f 257 281 258
f 258 281 282
f 258 282 259
f 259 282 283
f 259 283 260
f 260 283 284
f 260 284 261
f 261 284 285
f 261 285 262
f 262 285 286
f 262 286 263
f 263 286 287
f 263 287 264
f 264 287 288
f 264 288 265
f 265 288 289
f 265 289 266
f 266 289 290
f 266 290 267
f 267 290 291
f 267 291 268
f 268 291 292
f 268 292 269
f 269 292 293
f 269 293 270
f 270 293 294
f 270 294 271
f 271 294 295
f 271 295 272
f 272 295 296
f 272 296 273
f 273 296 297
f 273 297 274
f 274 297 298
f 274 298 275
f 275 298 299
f 275 299 276
f 276 299 300
f 277 301 302
f 277 302 278
f 278 302 303
f 278 303 279
f 279 303 304
f 279 304 280
f 280 304 305
f 280 305 281
f 281 305 306
f 281 306 282
f 282 306 307
f 282 307 283
f 283 307 308
f 283 308 284
f 284 308 309
f 284 309 285
f 285 309 310
f 285 310 286
f 286 310 311
f 286 311 287
f 287 311 312
f 287 312 288
f 288 312 313
f 288 313 289
f 289 313 314
f 289 314 290
f 290 314 315
f 290 315 291
f 291 315 316
f 291 316 292
f 292 316 317
f 292 317 293
f 293 317 318
f 293 318 294
f 294 318 319
f 294 319 295
f 295 319 320
f 295 320 296
f 296 320 321
f 296 321 297
f 297 321 322
f 297 322 298
f 298 322 323
f 298 323 299
f 299 323 324
f 299 324 300
f 300 324 325
f 301 326 327
f 301 327 302
f 302 327 328
f 302 328 303
f 303 328 329
f 303 329 304
f 304 329 330
f 304 330 305
f 305 330 331
f 305 331 306
f 306 331 332
f 306 332 307
f 307 332 333
f 307 333 308
f 308 333 334
f 308 334 309
f 309 334 335
f 309 335 310
f 310 335 336
f 310 336 311
f 311 336 337
f 311 337 312
f 312 337 338
f 312 338 313
f 313 338 339
f 313 339 314
f 314 339 340
f 314 340 315
f 315 340 341
f 315 341 316
f 316 341 342
f 316 342 317
f 317 342 343
f 317 343 318
f 318 343 344
f 318 344 319
f 319 344 345
f 319 345 320
f 320 345 346
f 320 346 321
f 321 346 347
f 321 347 322
f 322 347 348
f 322 348 323
f 323 348 349
f 323 349 324
f 324 349 350
f 324 350 325
f 325 350 351
f 326 352 353
f 326 353 327
f 327 353 354
f 327 354 328
f 328 354 355
f 328 355 329
f 329 355 356
f 329 356 330
f 330 356 357
f 330 357 331
f 331 357 358
f 331 358 332
f 332 358 359
f 332 359 333
f 333 359 360
f 333 360 334
f 334 360 361
f 334 361 335
f 335 361 362
f 335 362 336
f 336 362 363
f 336 363 337
f 337 363 364
f 337 364 338
f 338 364 365
f 338 365 339
f 339 365 366
f 339 366 340
f 340 366 367
f 340 367 341
f 341 367 368
f 341 368 342
f 342 368 369
f 342 369 343
f 343 369 370
f 343 370 344
f 344 370 371
f 344 371 345
f 345 371 372
f 345 372 346
f 346 372 373
f 346 373 347
f 347 373 374
f 347 374 348
f 348 374 375
f 348 375 349
f 349 375 376
f 349 376 350
f 350 376 377
f 350 377 351
f 351 377 378
f 352 379 380
f 352 380 353
f 353 380 381
f 353 381 354
f 354 381 382
f 354 382 355
f 355 382 383
f 355 383 356
f 356 383 384
f 356 384 357
f 357 384 385
f 357 385 358
f 358 385 386
f 358 386 359
f 359 386 387
f 359 387 360
f 360 387 388
f 360 388 361
f 361 388 389
f 361 389 362
f 362 389 390
f 362 390 363
f 363 390 391
f 363 391 364
f 364 391 392
f 364 392 365
f 365 392 393
f 365 393 366
f 366 393 394
f 366 394 367
f 367 394 395
f 367 395 368
f 368 395 396
f 368 396 369
f 369 396 397
f 369 397 370
f 370 397 398
f 370 398 371
f 371 398 399
f 371 399 372
f 372 399 400
f 372 400 373
f 373 400 401
f 373 401 374
f 374 401 402
f 374 402 375
f 375 402 403
f 375 403 376
f 376 403 404
f 376 404 377
f 377 404 405
f 377 405 378
f 378 405 406
f 379 407 408
f 379 408 380
f 380 408 409
f 380 409 381
f 381 409 410
f 381 410 382
f 382 410 411
f 382 411 383
f 383 411 412
f 383 412 384
f 384 412 413
f 384 413 385
f 385 413 414
f 385 414 386
f 386 414 415
f 386 415 387
f 387 415 416
f 387 416 388
f 388 416 417
f 388 417 389
f 389 417 418
f 389 418 390
f 390 418 419
f 390 419 391
f 391 419 420
f 391 420 392
f 392 420 421
f 392 421 393
f 393 421 422
f 393 422 394
f 394 422 423
f 394 423 395
f 395 423 424
f 395 424 396
f 396 424 425
f 396 425 397
f 397 425 426
f 397 426 398
f 398 426 427
f 398 427 399
f 399 427 428
f 399 428 400
f 400 428 429
f 400 429 401
f 401 429 430
f 401 430 402
f 402 430 431
f 402 431 403
f 403 431 432
f 403 432 404
f 404 432 433
f 404 433 405
f 405 433 434
f 405 434 406
f 406 434 435
f 407 379 436
f 379 352 437
f 379 437 436
f 436 437 438
f 352 326 439
f 352 439 437
f 437 439 440
f 437 440 438
f 438 440 441
f 326 301 442
f 326 442 439
f 439 442 443
f 439 443 440
f 440 443 444
f 440 444 441
f 441 444 445
f 301 277 446
f 301 446 442
f 442 446 447
f 442 447 443
f 443 447 448
f 443 448 444
f 444 448 449
f 444 449 445
f 445 449 450
f 277 254 451
f 277 451 446
f 446 451 452
f 446 452 447
f 447 452 453
f 447 453 448
f 448 453 454
f 448 454 449
f 449 454 455
f 449 455 450
f 450 455 456
f 254 232 457
f 254 457 451
f 451 457 458
f 451 458 452
f 452 458 459
f 452 459 453
f 453 459 460
f 453 460 454
f 454 460 461
f 454 461 455
f 455 461 462
f 455 462 456
f 456 462 463
f 232 211 464
f 232 464 457
f 457 464 465
f 457 465 458
f 458 465 466
f 458 466 459
f 459 466 467
f 459 467 460
f 460 467 468
f 460 468 461
f 461 468 469
f 461 469 462
f 462 469 470
f 462 470 463
f 463 470 471
f 211 191 472
f 211 472 464
f 464 472 473
f 464 473 465
f 465 473 474
f 465 474 466
f 466 474 475
f 466 475 467
f 467 475 476
f 467 476 468
f 468 476 477
f 468 477 469
f 469 477 478
f 469 478 470
f 470 478 479
f 470 479 471
f 471 479 480
f 191 172 481
f 191 481 472
f 472 481 482
f 472 482 473
f 473 482 483
f 473 483 474
f 474 483 484
f 474 484 475
f 475 484 485
f 475 485 476
f 476 485 486
f 476 486 477
f 477 486 487
f 477 487 478
f 478 487 488
f 478 488 479
f 479 488 489
f 479 489 480
f 480 489 490
f 172 154 491
f 172 491 481
f 481 491 492
f 481 492 482
f 482 492 493
f 482 493 483
f 483 493 494
f 483 494 484
f 484 494 495
f 484 495 485
f 485 495 496
f 485 496 486
f 486 496 497
f 486 497 487
f 487 497 498
f 487 498 488
f 488 498 499
f 488 499 489
f 489 499 500
f 489 500 490
f 490 500 501
f 154 137 502
f 154 502 491
f 491 502 503
f 491 503 492
f 492 503 504
f 492 504 493
f 493 504 505
f 493 505 494
f 494 505 506
f 494 506 495
f 495 506 507
f 495 507 496
f 496 507 508
f 496 508 497
f 497 508 509
f 497 509 498
f 498 509 510
f 498 510 499
f 499 510 511
f 499 511 500
f 500 511 512
f 500 512 501
f 501 512 513
f 137 121 514
f 137 514 502
f 502 514 515
f 502 515 503
f 503 515 516
f 503 516 504
f 504 516 517
f 504 517 505
f 505 517 518
f 505 518 506
f 506 518 519
f 506 519 507
f 507 519 520
f 507 520 508
f 508 520 521
f 508 521 509
f 509 521 522
f 509 522 510
f 510 522 523
f 510 523 511
f 511 523 524
f 511 524 512
f 512 524 525
f 512 525 513
f 513 525 526
f 121 106 527
f 121 527 514
f 514 527 528
f 514 528 515
f 515 528 529
f 515 529 516
f 516 529 530
f 516 530 517
f 517 530 531
f 517 531 518
f 518 531 532
f 518 532 519
f 519 532 533
f 519 533 520
f 520 533 534
f 520 534 521
f 521 534 535
f 521 535 522
f 522 535 536
f 522 536 523
f 523 536 537
f 523 537 524
f 524 537 538
f 524 538 525
f 525 538 539
f 525 539 526
f 526 539 540
f 106 92 541
f 106 541 527
f 527 541 542
f 527 542 528
f 528 542 543
f 528 543 529
f 529 543 544
f 529 544 530
f 530 544 545
f 530 545 531
f 531 545 546
f 531 546 532
f 532 546 547
f 532 547 533
f 533 547 548
f 533 548 534
f 534 548 549
f 534 549 535
f 535 549 550
f 535 550 536
f 536 550 551
f 536 551 537
f 537 551 552
f 537 552 538
f 538 552 553
f 538 553 539
f 539 553 554
f 539 554 540
f 540 554 555
f 92 79 556
f 92 556 541
f 541 556 557
f 541 557 542
f 542 557 558
f 542 558 543
f 543 558 559
f 543 559 544
f 544 559 560
f 544 560 545
f 545 560 561
f 545 561 546
f 546 561 562
f 546 562 547
f 547 562 563
f 547 563 548
f 548 563 564
f 548 564 549
f 549 564 565
f 549 565 550
f 550 565 566
f 550 566 551
f 551 566 567
f 551 567 552
f 552 567 568
f 552 568 553
f 553 568 569
f 553 569 554
f 554 569 570
f 554 570 555
f 555 570 571
f 79 67 572
f 79 572 556
f 556 572 573
f 556 573 557
f 557 573 574
f 557 574 558
f 558 574 575
f 558 575 559
f 559 575 576
f 559 576 560
f 560 576 577
f 560 577 561
f 561 577 578
f 561 578 562
f 562 578 579
f 562 579 563
f 563 579 580
f 563 580 564
f 564 580 581
f 564 581 565
f 565 581 582
f 565 582 566
f 566 582 583
f 566 583 567
f 567 583 584
f 567 584 568
f 568 584 585
f 568 585 569
f 569 585 586
f 569 586 570
f 570 586 587
f 570 587 571
f 571 587 588
f 67 56 589
f 67 589 572
f 572 589 590
f 572 590 573
f 573 590 591
f 573 591 574
f 574 591 592
f 574 592 575
f 575 592 593
f 575 593 576
f 576 593 594
f 576 594 577
f 577 594 595
f 577 595 578
f 578 595 596
f 578 596 579
f 579 596 597
f 579 597 580
f 580 597 598
f 580 598 581
f 581 598 599
f 581 599 582
f 582 599 600
f 582 600 583
f 583 600 601
f 583 601 584
f 584 601 602
f 584 602 585
f 585 602 603
f 585 603 586
f 586 603 604
f 586 604 587
f 587 604 605
f 587 605 588
f 588 605 606
f 56 46 607
f 56 607 589
f 589 607 608
f 589 608 590
f 590 608 609
f 590 609 591
f 591 609 610
f 591 610 592
f 592 610 611
f 592 611 593
f 593 611 612
f 593 612 594
f 594 612 613
f 594 613 595
f 595 613 614
f 595 614 596
f 596 614 615
f 596 615 597
f 597 615 616
f 597 616 598
f 598 616 617
f 598 617 599
f 599 617 618
f 599 618 600
f 600 618 619
f 600 619 601
f 601 619 620
f 601 620 602
f 602 620 621
f 602 621 603
f 603 621 622
f 603 622 604
f 604 622 623
f 604 623 605
f 605 623 624
f 605 624 606
f 606 624 625
f 46 37 626
f 46 626 607
f 607 626 627
f 607 627 608
f 608 627 628
f 608 628 609
f 609 628 629
f 609 629 610
f 610 629 630
f 610 630 611
f 611 630 631
f 611 631 612
f 612 631 632
f 612 632 613
f 613 632 633
f 613 633 614
f 614 633 634
f 614 634 615
f 615 634 635
f 615 635 616
f 616 635 636
f 616 636 617
f 617 636 637
f 617 637 618
f 618 637 638
f 618 638 619
f 619 638 639
f 619 639 620
f 620 639 640
f 620 640 621
f 621 640 641
f 621 641 622
f 622 641 642
f 622 642 623
f 623 642 643
f 623 643 624
f 624 643 644
f 624 644 625
f 625 644 645
f 37 29 646
f 37 646 626
f 626 646 647
f 626 647 627
f 627 647 648
f 627 648 628
f 628 648 649
f 628 649 629
f 629 649 650
f 629 650 630
f 630 650 651
f 630 651 631
f 631 651 652
f 631 652 632
f 632 652 653
f 632 653 633
f 633 653 654
f 633 654 634
f 634 654 655
f 634 655 635
f 635 655 656
f 635 656 636
f 636 656 657
f 636 657 637
f 637 657 658
f 637 658 638
f 638 658 659
f 638 659 639
f 639 659 660
f 639 660 640
f 640 660 661
f 640 661 641
f 641 661 662
f 641 662 642
f 642 662 663
f 642 663 643
f 643 663 664
f 643 664 644
f 644 664 665
f 644 665 645
f 645 665 666
f 29 22 667
f 29 667 646
f 646 667 668
f 646 668 647
f 647 668 669
f 647 669 648
f 648 669 670
f 648 670 649
f 649 670 671
f 649 671 650
f 650 671 672
f 650 672 651
f 651 672 673
f 651 673 652
f 652 673 674
f 652 674 653
f 653 674 675
f 653 675 654
f 654 675 676
f 654 676 655
f 655 676 677
f 655 677 656
f 656 677 678
f 656 678 657
f 657 678 679
f 657 679 658
f 658 679 680
f 658 680 659
f 659 680 681
f 659 681 660
f 660 681 682
f 660 682 661
f 661 682 683
f 661 683 662
f 662 683 684
f 662 684 663
f 663 684 685
f 663 685 664
f 664 685 686
f 664 686 665
f 665 686 687
f 665 687 666
f 666 687 688
f 22 16 689
f 22 689 667
f 667 689 690
f 667 690 668
f 668 690 691
f 668 691 669
f 669 691 692
f 669 692 670
f 670 692 693
f 670 693 671
f 671 693 694
f 671 694 672
f 672 694 695
f 672 695 673
f 673 695 696
f 673 696 674
f 674 696 697
f 674 697 675
f 675 697 698
f 675 698 676
f 676 698 699
f 676 699 677
f 677 699 700
f 677 700 678
f 678 700 701
f 678 701 679
f 679 701 702
f 679 702 680
f 680 702 703
f 680 703 681
f 681 703 704
f 681 704 682
f 682 704 705
f 682 705 683
f 683 705 706
f 683 706 684
f 684 706 707
f 684 707 685
f 685 707 708
f 685 708 686
f 686 708 709
f 686 709 687
f 687 709 710
f 687 710 688
f 688 710 711
f 16 11 712
f 16 712 689
f 689 712 713
f 689 713 690
f 690 713 714
f 690 714 691
f 691 714 715
f 691 715 692
f 692 715 716
f 692 716 693
f 693 716 717
f 693 717 694
f 694 717 718
f 694 718 695
f 695 718 719
f 695 719 696
f 696 719 720
f 696 720 697
f 697 720 721
f 697 721 698
f 698 721 722
f 698 722 699
f 699 722 723
f 699 723 700
f 700 723 724
f 700 724 701
f 701 724 725
f 701 725 702
f 702 725 726
f 702 726 703
f 703 726 727
f 703 727 704
f 704 727 728
f 704 728 705
f 705 728 729
f 705 729 706
f 706 729 730
f 706 730 707
f 707 730 731
f 707 731 708
f 708 731 732
f 708 732 709
f 709 732 733
f 709 733 710
f 710 733 734
f 710 734 711
f 711 734 735
f 11 7 736
f 11 736 712
f 712 736 737
f 712 737 713
f 713 737 738
f 713 738 714
f 714 738 739
f 714 739 715
f 715 739 740
f 715 740 716
f 716 740 741
f 716 741 717
f 717 741 742
f 717 742 718
f 718 742 743
f 718 743 719
f 719 743 744
f 719 744 720
f 720 744 745
f 720 745 721
f 721 745 746
f 721 746 722
f 722 746 747
f 722 747 723
f 723 747 748
f 723 748 724
f 724 748 749
f 724 749 725
f 725 749 750
f 725 750 726
f 726 750 751
f 726 751 727
f 727 751 752
f 727 752 728
f 728 752 753
f 728 753 729
f 729 753 754
f 729 754 730
f 730 754 755
f 730 755 731
f 731 755 756
f 731 756 732
f 732 756 757
f 732 757 733
f 733 757 758
f 733 758 734
f 734 758 759
f 734 759 735
f 735 759 760
f 7 4 761
f 7 761 736
f 736 761 762
f 736 762 737
f 737 762 763
f 737 763 738
f 738 763 764
f 738 764 739
f 739 764 765
f 739 765 740
f 740 765 766
f 740 766 741
f 741 766 767
f 741 767 742
f 742 767 768
f 742 768 743
f 743 768 769
f 743 769 744
f 744 769 770
f 744 770 745
f 745 770 771
f 745 771 746
f 746 771 772
f 746 772 747
f 747 772 773
f 747 773 748
f 748 773 774
f 748 774 749
f 749 774 775
f 749 775 750
f 750 775 776
f 750 776 751
f 751 776 777
f 751 777 752
f 752 777 778
f 752 778 753
f 753 778 779
f 753 779 754
f 754 779 780
f 754 780 755
f 755 780 781
f 755 781 756
f 756 781 782
f 756 782 757
f 757 782 783
f 757 783 758
f 758 783 784
f 758 784 759
f 759 784 785
f 759 785 760
f 760 785 786
f 4 2 787
f 4 787 761
f 761 787 788
f 761 788 762
f 762 788 789
f 762 789 763
f 763 789 790
f 763 790 764
f 764 790 791
f 764 791 765
f 765 791 792
f 765 792 766
f 766 792 793
f 766 793 767
f 767 793 794
f 767 794 768
f 768 794 795
f 768 795 769
f 769 795 796
f 769 796 770
f 770 796 797
f 770 797 771
f 771 797 798
f 771 798 772
f 772 798 799
f 772 799 773
f 773 799 800
f 773 800 774
f 774 800 801
f 774 801 775
f 775 801 802
f 775 802 776
f 776 802 803
f 776 803 777
f 777 803 804
f 777 804 778
f 778 804 805
f 778 805 779
f 779 805 806
f 779 806 780
f 780 806 807
f 780 807 781
f 781 807 808
f 781 808 782
f 782 808 809
f 782 809 783
f 783 809 810
f 783 810 784
f 784 810 811
f 784 811 785
f 785 811 812
f 785 812 786
f 786 812 813
f 2 1 814
f 2 814 787
f 787 814 815
f 787 815 788
f 788 815 816
f 788 816 789
f 789 816 817
f 789 817 790
f 790 817 818
f 790 818 791
f 791 818 819
f 791 819 792
f 792 819 820
f 792 820 793
f 793 820 821
f 793 821 794
f 794 821 822
f 794 822 795
f 795 822 823
f 795 823 796
f 796 823 824
f 796 824 797
f 797 824 825
f 797 825 798
f 798 825 826
f 798 826 799
f 799 826 827
f 799 827 800
f 800 827 828
f 800 828 801
f 801 828 829
f 801 829 802
f 802 829 830
f 802 830 803
f 803 830 831
f 803 831 804
f 804 831 832
f 804 832 805
f 805 832 833
f 805 833 806
f 806 833 834
f 806 834 807
f 807 834 835
f 807 835 808
f 808 835 836
f 808 836 809
f 809 836 837
f 809 837 810
f 810 837 838
f 810 838 811
f 811 838 839
f 811 839 812
f 812 839 840
f 812 840 813
f 813 840 841
f 407 842 408
f 842 843 844
f 842 844 408
f 408 844 409
f 843 845 846
f 843 846 844
f 844 846 847
f 844 847 409
f 409 847 410
f 845 848 849
f 845 849 846
f 846 849 850
f 846 850 847
f 847 850 851
f 847 851 410
f 410 851 411
f 848 852 853
f 848 853 849
f 849 853 854
f 849 854 850
f 850 854 855
f 850 855 851
f 851 855 856
f 851 856 411
f 411 856 412
f 852 857 858
f 852 858 853
f 853 858 859
f 853 859 854
f 854 859 860
f 854 860 855
f 855 860 861
f 855 861 856
f 856 861 862
f 856 862 412
f 412 862 413
f 857 863 864
f 857 864 858
f 858 864 865
f 858 865 859
f 859 865 866
f 859 866 860
f 860 866 867
f 860 867 861
f 861 867 868
f 861 868 862
f 862 868 869
f 862 869 413
f 413 869 414
f 863 870 871
f 863 871 864
f 864 871 872
f 864 872 865
f 865 872 873
f 865 873 866
f 866 873 874
f 866 874 867
f 867 874 875
f 867 875 868
f 868 875 876
f 868 876 869
f 869 876 877
f 869 877 414
f 414 877 415
f 870 878 879
f 870 879 871
f 871 879 880
f 871 880 872
f 872 880 881
f 872 881 873
f 873 881 882
f 873 882 874
f 874 882 883
f 874 883 875
f 875 883 884
f 875 884 876
f 876 884 885
f 876 885 877
f 877 885 886
f 877 886 415
f 415 886 416
f 878 887 888
f 878 888 879
f 879 888 889
f 879 889 880
f 880 889 890
f 880 890 881
f 881 890 891
f 881 891 882
f 882 891 892
f 882 892 883
f 883 892 893
f 883 893 884
f 884 893 894
f 884 894 885
f 885 894 895
f 885 895 886
f 886 895 896
f 886 896 416
f 416 896 417
f 887 897 898
f 887 898 888
f 888 898 899
f 888 899 889
f 889 899 900
f 889 900 890
f 890 900 901
f 890 901 891
f 891 901 902
f 891 902 892
f 892 902 903
f 892 903 893
f 893 903 904
f 893 904 894
f 894 904 905
f 894 905 895
f 895 905 906
f 895 906 896
f 896 906 907
f 896 907 417
f 417 907 418
f 897 908 909
f 897 909 898
f 898 909 910
f 898 910 899
f 899 910 911
f 899 911 900
f 900 911 912
f 900 912 901
f 901 912 913
f 901 913 902
f 902 913 914
f 902 914 903
f 903 914 915
f 903 915 904
f 904 915 916
f 904 916 905
f 905 916 917
f 905 917 906
f 906 917 918
f 906 918 907
f 907 918 919
f 907 919 418
f 418 919 419
f 908 920 921
f 908 921 909
f 909 921 922
f 909 922 910
f 910 922 923
f 910 923 911
f 911 923 924
f 911 924 912
f 912 924 925
f 912 925 913
f 913 925 926
f 913 926 914
f 914 926 927
f 914 927 915
f 915 927 928
f 915 928 916
f 916 928 929
f 916 929 917
f 917 929 930
f 917 930 918
f 918 930 931
f 918 931 919
f 919 931 932
f 919 932 419
f 419 932 420
f 920 933 934
f 920 934 921
f 921 934 935
f 921 935 922
f 922 935 936
f 922 936 923
f 923 936 937
f 923 937 924
f 924 937 938
f 924 938 925
f 925 938 939
f 925 939 926
f 926 939 940
f 926 940 927
f 927 940 941
f 927 941 928
f 928 941 942
f 928 942 929
f 929 942 943
f 929 943 930
f 930 943 944
f 930 944 931
f 931 944 945
f 931 945 932
f 932 945 946
f 932 946 420
f 420 946 421
f 933 947 948
f 933 948 934
f 934 948 949
f 934 949 935
f 935 949 950
f 935 950 936
f 936 950 951
f 936 951 937
f 937 951 952
f 937 952 938
f 938 952 953
f 938 953 939
f 939 953 954
f 939 954 940
f 940 954 955
f 940 955 941
f 941 955 956
f 941 956 942
f 942 956 957
f 942 957 943
f 943 957 958
f 943 958 944
f 944 958 959
f 944 959 945
f 945 959 960
f 945 960 946
f 946 960 961
f 946 961 421
f 421 961 422
f 947 962 963
f 947 963 948
f 948 963 964
f 948 964 949
f 949 964 965
f 949 965 950
f 950 965 966
f 950 966 951
f 951 966 967
f 951 967 952
f 952 967 968
f 952 968 953
f 953 968 969
f 953 969 954
f 954 969 970
f 954 970 955
f 955 970 971
f 955 971 956
f 956 971 972
f 956 972 957
f 957 972 973
f 957 973 958
f 958 973 974
f 958 974 959
f 959 974 975
f 959 975 960
f 960 975 976
f 960 976 961
f 961 976 977
f 961 977 422
f 422 977 423
f 962 978 979
f 962 979 963
f 963 979 980
f 963 980 964
f 964 980 981
f 964 981 965
f 965 981 982
f 965 982 966
f 966 982 983
f 966 983 967
f 967 983 984
f 967 984 968
f 968 984 985
f 968 985 969
f 969 985 986
f 969 986 970
f 970 986 987
f 970 987 971
f 971 987 988
f 971 988 972
f 972 988 989
f 972 989 973
f 973 989 990
f 973 990 974
f 974 990 991
f 974 991 975
f 975 991 992
f 975 992 976
f 976 992 993
f 976 993 977
f 977 993 994
f 977 994 423
f 423 994 424
f 978 995 996
f 978 996 979
f 979 996 997
f 979 997 980
f 980 997 998
f 980 998 981
f 981 998 999
f 981 999 982
f 982 999 1000
f 982 1000 983
f 983 1000 1001
f 983 1001 984
f 984 1001 1002
f 984 1002 985
f 985 1002 1003
f 985 1003 986
f 986 1003 1004
f 986 1004 987
f 987 1004 1005
f 987 1005 988
f 988 1005 1006
f 988 1006 989
f 989 1006 1007
f 989 1007 990
f 990 1007 1008
f 990 1008 991
f 991 1008 1009
f 991 1009 992
f 992 1009 1010
f 992 1010 993
f 993 1010 1011
f 993 1011 994
f 994 1011 1012
f 994 1012 424
f 424 1012 425
f 995 1013 1014
f 995 1014 996
f 996 1014 1015
f 996 1015 997
f 997 1015 1016
f 997 1016 998
f 998 1016 1017
f 998 1017 999
f 999 1017 1018
f 999 1018 1000
f 1000 1018 1019
f 1000 1019 1001
f 1001 1019 1020
f 1001 1020 1002
f 1002 1020 1021
f 1002 1021 1003
f 1003 1021 1022
f 1003 1022 1004
f 1004 1022 1023
f 1004 1023 1005
f 1005 1023 1024
f 1005 1024 1006
f 1006 1024 1025
f 1006 1025 1007
f 1007 1025 1026
f 1007 1026 1008
f 1008 1026 1027
f 1008 1027 1009
f 1009 1027 1028
f 1009 1028 1010
f 1010 1028 1029
f 1010 1029 1011
f 1011 1029 1030
f 1011 1030 1012
f 1012 1030 1031
f 1012 1031 425
f 425 1031 426
f 1013 1032 1033
f 1013 1033 1014
f 1014 1033 1034
f 1014 1034 1015
f 1015 1034 1035
f 1015 1035 1016
f 1016 1035 1036
f 1016 1036 1017
f 1017 1036 1037
f 1017 1037 1018
f 1018 1037 1038
f 1018 1038 1019
f 1019 1038 1039
f 1019 1039 1020
f 1020 1039 1040
f 1020 1040 1021
f 1021 1040 1041
f 1021 1041 1022
f 1022 1041 1042
f 1022 1042 1023
f 1023 1042 1043
f 1023 1043 1024
f 1024 1043 1044
f 1024 1044 1025
f 1025 1044 1045
f 1025 1045 1026
f 1026 1045 1046
f 1026 1046 1027
f 1027 1046 1047
f 1027 1047 1028
f 1028 1047 1048
f 1028 1048 1029
f 1029 1048 1049
f 1029 1049 1030
f 1030 1049 1050
f 1030 1050 1031
f 1031 1050 1051
f 1031 1051 426
f 426 1051 427
f 1032 1052 1053
f 1032 1053 1033
f 1033 1053 1054
f 1033 1054 1034
f 1034 1054 1055
f 1034 1055 1035
f 1035 1055 1056
f 1035 1056 1036
f 1036 1056 1057
f 1036 1057 1037
f 1037 1057 1058
f 1037 1058 1038
f 1038 1058 1059
f 1038 1059 1039
f 1039 1059 1060
f 1039 1060 1040
f 1040 1060 1061
f 1040 1061 1041
f 1041 1061 1062
f 1041 1062 1042
f 1042 1062 1063
f 1042 1063 1043
f 1043 1063 1064
f 1043 1064 1044
f 1044 1064 1065
f 1044 1065 1045
f 1045 1065 1066
f 1045 1066 1046
f 1046 1066 1067
f 1046 1067 1047
f 1047 1067 1068
f 1047 1068 1048
f 1048 1068 1069
f 1048 1069 1049
f 1049 1069 1070
f 1049 1070 1050
f 1050 1070 1071
f 1050 1071 1051
f 1051 1071 1072
f 1051 1072 427
f 427 1072 428
f 1052 1073 1074
f 1052 1074 1053
f 1053 1074 1075
f 1053 1075 1054
f 1054 1075 1076
f 1054 1076 1055
f 1055 1076 1077
f 1055 1077 1056
f 1056 1077 1078
f 1056 1078 1057
f 1057 1078 1079
f 1057 1079 1058
f 1058 1079 1080
f 1058 1080 1059
f 1059 1080 1081
f 1059 1081 1060
f 1060 1081 1082
f 1060 1082 1061
f 1061 1082 1083
f 1061 1083 1062
f 1062 1083 1084
f 1062 1084 1063
f 1063 1084 1085
f 1063 1085 1064
f 1064 1085 1086
f 1064 1086 1065
f 1065 1086 1087
f 1065 1087 1066
f 1066 1087 1088
f 1066 1088 1067
f 1067 1088 1089
f 1067 1089 1068
f 1068 1089 1090
f 1068 1090 1069
f 1069 1090 1091
f 1069 1091 1070
f 1070 1091 1092
f 1070 1092 1071
f 1071 1092 1093
f 1071 1093 1072
f 1072 1093 1094
f 1072 1094 428
f 428 1094 429
f 1073 1095 1096
f 1073 1096 1074
f 1074 1096 1097
f 1074 1097 1075
f 1075 1097 1098
f 1075 1098 1076
f 1076 1098 1099
f 1076 1099 1077
f 1077 1099 1100
f 1077 1100 1078
f 1078 1100 1101
f 1078 1101 1079
f 1079 1101 1102
f 1079 1102 1080
f 1080 1102 1103
f 1080 1103 1081
f 1081 1103 1104
f 1081 1104 1082
f 1082 1104 1105
f 1082 1105 1083
f 1083 1105 1106
f 1083 1106 1084
f 1084 1106 1107
f 1084 1107 1085
f 1085 1107 1108
f 1085 1108 1086
f 1086 1108 1109
f 1086 1109 1087
f 1087 1109 1110
f 1087 1110 1088
f 1088 1110 1111
f 1088 1111 1089
f 1089 1111 1112
f 1089 1112 1090
f 1090 1112 1113
f 1090 1113 1091
f 1091 1113 1114
f 1091 1114 1092
f 1092 1114 1115
f 1092 1115 1093
f 1093 1115 1116
f 1093 1116 1094
f 1094 1116 1117
f 1094 1117 429
f 429 1117 430
f 1095 1118 1119
f 1095 1119 1096
f 1096 1119 1120
f 1096 1120 1097
f 1097 1120 1121
f 1097 1121 1098
f 1098 1121 1122
f 1098 1122 1099
f 1099 1122 1123
f 1099 1123 1100
f 1100 1123 1124
f 1100 1124 1101
f 1101 1124 1125
f 1101 1125 1102
f 1102 1125 1126
f 1102 1126 1103
f 1103 1126 1127
f 1103 1127 1104
f 1104 1127 1128
f 1104 1128 1105
f 1105 1128 1129
f 1105 1129 1106
f 1106 1129 1130
f 1106 1130 1107
f 1107 1130 1131
f 1107 1131 1108
f 1108 1131 1132
f 1108 1132 1109
f 1109 1132 1133
f 1109 1133 1110
f 1110 1133 1134
f 1110 1134 1111
f 1111 1134 1135
f 1111 1135 1112
f 1112 1135 1136
f 1112 1136 1113
f 1113 1136 1137
f 1113 1137 1114
f 1114 1137 1138
f 1114 1138 1115
f 1115 1138 1139
f 1115 1139 1116
f 1116 1139 1140
f 1116 1140 1117
f 1117 1140 1141
f 1117 1141 430
f 430 1141 431
f 1118 1142 1143
f 1118 1143 1119
f 1119 1143 1144
f 1119 1144 1120
f 1120 1144 1145
f 1120 1145 1121
f 1121 1145 1146
f 1121 1146 1122
f 1122 1146 1147
f 1122 1147 1123
f 1123 1147 1148
f 1123 1148 1124
f 1124 1148 1149
f 1124 1149 1125
f 1125 1149 1150
f 1125 1150 1126
f 1126 1150 1151
f 1126 1151 1127
f 1127 1151 1152
f 1127 1152 1128
f 1128 1152 1153
f 1128 1153 1129
f 1129 1153 1154
f 1129 1154 1130
f 1130 1154 1155
f 1130 1155 1131
f 1131 1155 1156
f 1131 1156 1132
f 1132 1156 1157
f 1132 1157 1133
f 1133 1157 1158
f 1133 1158 1134
f 1134 1158 1159
f 1134 1159 1135
f 1135 1159 1160
f 1135 1160 1136
f 1136 1160 1161
f 1136 1161 1137
f 1137 1161 1162
f 1137 1162 1138
f 1138 1162 1163
f 1138 1163 1139
f 1139 1163 1164
f 1139 1164 1140
f 1140 1164 1165
f 1140 1165 1141
f 1141 1165 1166
f 1141 1166 431
f 431 1166 432
f 1142 1167 1168
f 1142 1168 1143
f 1143 1168 1169
f 1143 1169 1144
f 1144 1169 1170
f 1144 1170 1145
f 1145 1170 1171
f 1145 1171 1146
f 1146 1171 1172
f 1146 1172 1147
f 1147 1172 1173
f 1147 1173 1148
f 1148 1173 1174
f 1148 1174 1149
f 1149 1174 1175
f 1149 1175 1150
f 1150 1175 1176
f 1150 1176 1151
f 1151 1176 1177
f 1151 1177 1152
f 1152 1177 1178
f 1152 1178 1153
f 1153 1178 1179
f 1153 1179 1154
f 1154 1179 1180
f 1154 1180 1155
f 1155 1180 1181
f 1155 1181 1156
f 1156 1181 1182
f 1156 1182 1157
f 1157 1182 1183
f 1157 1183 1158
f 1158 1183 1184
f 1158 1184 1159
f 1159 1184 1185
f 1159 1185 1160
f 1160 1185 1186
f 1160 1186 1161
f 1161 1186 1187
f 1161 1187 1162
f 1162 1187 1188
f 1162 1188 1163
f 1163 1188 1189
f 1163 1189 1164
f 1164 1189 1190
f 1164 1190 1165
f 1165 1190 1191
f 1165 1191 1166
f 1166 1191 1192
f 1166 1192 432
f 432 1192 433
f 1167 1193 1194
f 1167 1194 1168
f 1168 1194 1195
f 1168 1195 1169
f 1169 1195 1196
f 1169 1196 1170
f 1170 1196 1197
f 1170 1197 1171
f 1171 1197 1198
f 1171 1198 1172
f 1172 1198 1199
f 1172 1199 1173
f 1173 1199 1200
f 1173 1200 1174
f 1174 1200 1201
f 1174 1201 1175
f 1175 1201 1202
f 1175 1202 1176
f 1176 1202 1203
f 1176 1203 1177
f 1177 1203 1204
f 1177 1204 1178
f 1178 1204 1205
f 1178 1205 1179
f 1179 1205 1206
f 1179 1206 1180
f 1180 1206 1207
f 1180 1207 1181
f 1181 1207 1208
f 1181 1208 1182
f 1182 1208 1209
f 1182 1209 1183
f 1183 1209 1210
f 1183 1210 1184
f 1184 1210 1211
f 1184 1211 1185
f 1185 1211 1212
f 1185 1212 1186
f 1186 1212 1213
f 1186 1213 1187
f 1187 1213 1214
f 1187 1214 1188
f 1188 1214 1215
f 1188 1215 1189
f 1189 1215 1216
f 1189 1216 1190
f 1190 1216 1217
f 1190 1217 1191
f 1191 1217 1218
f 1191 1218 1192
f 1192 1218 1219
f 1192 1219 433
f 433 1219 434
f 1193 1220 1221
f 1193 1221 1194
f 1194 1221 1222
f 1194 1222 1195
f 1195 1222 1223
f 1195 1223 1196
f 1196 1223 1224
f 1196 1224 1197
f 1197 1224 1225
f 1197 1225 1198
f 1198 1225 1226
f 1198 1226 1199
f 1199 1226 1227
f 1199 1227 1200
f 1200 1227 1228
f 1200 1228 1201
f 1201 1228 1229
f 1201 1229 1202
f 1202 1229 1230
f 1202 1230 1203
f 1203 1230 1231
f 1203 1231 1204
f 1204 1231 1232
f 1204 1232 1205
f 1205 1232 1233
f 1205 1233 1206
f 1206 1233 1234
f 1206 1234 1207
f 1207 1234 1235
f 1207 1235 1208
f 1208 1235 1236
f 1208 1236 1209
f 1209 1236 1237
f 1209 1237 1210
f 1210 1237 1238
f 1210 1238 1211
f 1211 1238 1239
f 1211 1239 1212
f 1212 1239 1240
f 1212 1240 1213
f 1213 1240 1241
f 1213 1241 1214
f 1214 1241 1242
f 1214 1242 1215
f 1215 1242 1243
f 1215 1243 1216
f 1216 1243 1244
f 1216 1244 1217
f 1217 1244 1245
f 1217 1245 1218
f 1218 1245 1246
f 1218 1246 1219
f 1219 1246 1247
f 1219 1247 434
f 434 1247 435
f 1220 1193 1248
f 1193 1167 1249
f 1193 1249 1248
f 1248 1249 1250
f 1167 1142 1251
f 1167 1251 1249
f 1249 1251 1252
f 1249 1252 1250
f 1250 1252 1253
f 1142 1118 1254
f 1142 1254 1251
f 1251 1254 1255
f 1251 1255 1252
f 1252 1255 1256
f 1252 1256 1253
f 1253 1256 1257
f 1118 1095 1258
f 1118 1258 1254
f 1254 1258 1259
f 1254 1259 1255
f 1255 1259 1260
f 1255 1260 1256
f 1256 1260 1261
f 1256 1261 1257
f 1257 1261 1262
f 1095 1073 1263
f 1095 1263 1258
f 1258 1263 1264
f 1258 1264 1259
f 1259 1264 1265
f 1259 1265 1260
f 1260 1265 1266
f 1260 1266 1261
f 1261 1266 1267
f 1261 1267 1262
f 1262 1267 1268
f 1073 1052 1269
f 1073 1269 1263
f 1263 1269 1270
f 1263 1270 1264
f 1264 1270 1271
f 1264 1271 1265
f 1265 1271 1272
f 1265 1272 1266
f 1266 1272 1273
f 1266 1273 1267
f 1267 1273 1274
f 1267 1274 1268
f 1268 1274 1275
f 1052 1032 1276
f 1052 1276 1269
f 1269 1276 1277
f 1269 1277 1270
f 1270 1277 1278
f 1270 1278 1271
f 1271 1278 1279
f 1271 1279 1272
f 1272 1279 1280
f 1272 1280 1273
f 1273 1280 1281
f 1273 1281 1274
f 1274 1281 1282
f 1274 1282 1275
f 1275 1282 1283
f 1032 1013 1284
f 1032 1284 1276
f 1276 1284 1285
f 1276 1285 1277
f 1277 1285 1286
f 1277 1286 1278
f 1278 1286 1287
f 1278 1287 1279
f 1279 1287 1288
f 1279 1288 1280
f 1280 1288 1289
f 1280 1289 1281
f 1281 1289 1290
f 1281 1290 1282
f 1282 1290 1291
f 1282 1291 1283
f 1283 1291 1292
f 1013 995 1293
f 1013 1293 1284
f 1284 1293 1294
f 1284 1294 1285
f 1285 1294 1295
f 1285 1295 1286
f 1286 1295 1296
f 1286 1296 1287
f 1287 1296 1297
f 1287 1297 1288
f 1288 1297 1298
f 1288 1298 1289
f 1289 1298 1299
f 1289 1299 1290
f 1290 1299 1300
f 1290 1300 1291
f 1291 1300 1301
f 1291 1301 1292
f 1292 1301 1302
f 995 978 1303
f 995 1303 1293
f 1293 1303 1304
f 1293 1304 1294
f 1294 1304 1305
f 1294 1305 1295
f 1295 1305 1306
f 1295 1306 1296
f 1296 1306 1307
f 1296 1307 1297
f 1297 1307 1308
f 1297 1308 1298
f 1298 1308 1309
f 1298 1309 1299
f 1299 1309 1310
f 1299 1310 1300
f 1300 1310 1311
f 1300 1311 1301
f 1301 1311 1312
f 1301 1312 1302
f 1302 1312 1313
f 978 962 1314
f 978 1314 1303
f 1303 1314 1315
f 1303 1315 1304
f 1304 1315 1316
f 1304 1316 1305
f 1305 1316 1317
f 1305 1317 1306
f 1306 1317 1318
f 1306 1318 1307
f 1307 1318 1319
f 1307 1319 1308
f 1308 1319 1320
f 1308 1320 1309
f 1309 1320 1321
f 1309 1321 1310
f 1310 1321 1322
f 1310 1322 1311
f 1311 1322 1323
f 1311 1323 1312
f 1312 1323 1324
f 1312 1324 1313
f 1313 1324 1325
f 962 947 1326
f 962 1326 1314
f 1314 1326 1327
f 1314 1327 1315
f 1315 1327 1328
f 1315 1328 1316
f 1316 1328 1329
f 1316 1329 1317
f 1317 1329 1330
f 1317 1330 1318
f 1318 1330 1331
f 1318 1331 1319
f 1319 1331 1332
f 1319 1332 1320
f 1320 1332 1333
f 1320 1333 1321
f 1321 1333 1334
f 1321 1334 1322
f 1322 1334 1335
f 1322 1335 1323
f 1323 1335 1336
f 1323 1336 1324
f 1324 1336 1337
f 1324 1337 1325
f 1325 1337 1338
f 947 933 1339
f 947 1339 1326
f 1326 1339 1340
f 1326 1340 1327
f 1327 1340 1341
f 1327 1341 1328
f 1328 1341 1342
f 1328 1342 1329
f 1329 1342 1343
f 1329 1343 1330
f 1330 1343 1344
f 1330 1344 1331
f 1331 1344 1345
f 1331 1345 1332
f 1332 1345 1346
f 1332 1346 1333
f 1333 1346 1347
f 1333 1347 1334
f 1334 1347 1348
f 1334 1348 1335
f 1335 1348 1349
f 1335 1349 1336
f 1336 1349 1350
f 1336 1350 1337
f 1337 1350 1351
f 1337 1351 1338
f 1338 1351 1352
f 933 920 1353
f 933 1353 1339
f 1339 1353 1354
f 1339 1354 1340
f 1340 1354 1355
f 1340 1355 1341
f 1341 1355 1356
f 1341 1356 1342
f 1342 1356 1357
f 1342 1357 1343
f 1343 1357 1358
f 1343 1358 1344
f 1344 1358 1359
f 1344 1359 1345
f 1345 1359 1360
f 1345 1360 1346
f 1346 1360 1361
f 1346 1361 1347
f 1347 1361 1362
f 1347 1362 1348
f 1348 1362 1363
f 1348 1363 1349
f 1349 1363 1364
f 1349 1364 1350
f 1350 1364 1365
f 1350 1365 1351
f 1351 1365 1366
f 1351 1366 1352
f 1352 1366 1367
f 920 908 1368
f 920 1368 1353
f 1353 1368 1369
f 1353 1369 1354
f 1354 1369 1370
f 1354 1370 1355
f 1355 1370 1371
f 1355 1371 1356
f 1356 1371 1372
f 1356 1372 1357
f 1357 1372 1373
f 1357 1373 1358
f 1358 1373 1374
f 1358 1374 1359
f 1359 1374 1375
f 1359 1375 1360
f 1360 1375 1376
f 1360 1376 1361
f 1361 1376 1377
f 1361 1377 1362
f 1362 1377 1378
f 1362 1378 1363
f 1363 1378 1379
f 1363 1379 1364
f 1364 1379 1380
f 1364 1380 1365
f 1365 1380 1381
f 1365 1381 1366
f 1366 1381 1382
f 1366 1382 1367
f 1367 1382 1383
f 908 897 1384
f 908 1384 1368
f 1368 1384 1385
f 1368 1385 1369
f 1369 1385 1386
f 1369 1386 1370
f 1370 1386 1387
f 1370 1387 1371
f 1371 1387 1388
f 1371 1388 1372
f 1372 1388 1389
f 1372 1389 1373
f 1373 1389 1390
f 1373 1390 1374
f 1374 1390 1391
f 1374 1391 1375
f 1375 1391 1392
f 1375 1392 1376
f 1376 1392 1393
f 1376 1393 1377
f 1377 1393 1394
f 1377 1394 1378
f 1378 1394 1395
f 1378 1395 1379
f 1379 1395 1396
f 1379 1396 1380
f 1380 1396 1397
f 1380 1397 1381
f 1381 1397 1398
f 1381 1398 1382
f 1382 1398 1399
f 1382 1399 1383
f 1383 1399 1400
f 897 887 1401
f 897 1401 1384
f 1384 1401 1402
f 1384 1402 1385
f 1385 1402 1403
f 1385 1403 1386
f 1386 1403 1404
f 1386 1404 1387
f 1387 1404 1405
f 1387 1405 1388
f 1388 1405 1406
f 1388 1406 1389
f 1389 1406 1407
f 1389 1407 1390
f 1390 1407 1408
f 1390 1408 1391
f 1391 1408 1409
f 1391 1409 1392
f 1392 1409 1410
f 1392 1410 1393
f 1393 1410 1411
f 1393 1411 1394
f 1394 1411 1412
f 1394 1412 1395
f 1395 1412 1413
f 1395 1413 1396
f 1396 1413 1414
f 1396 1414 1397
f 1397 1414 1415
f 1397 1415 1398
f 1398 1415 1416
f 1398 1416 1399
f 1399 1416 1417
f 1399 1417 1400
f 1400 1417 1418
f 887 878 1419
f 887 1419 1401
f 1401 1419 1420
f 1401 1420 1402
f 1402 1420 1421
f 1402 1421 1403
f 1403 1421 1422
f 1403 1422 1404
f 1404 1422 1423
f 1404 1423 1405
f 1405 1423 1424
f 1405 1424 1406
f 1406 1424 1425
f 1406 1425 1407
f 1407 1425 1426
f 1407 1426 1408
f 1408 1426 1427
f 1408 1427 1409
f 1409 1427 1428
f 1409 1428 1410
f 1410 1428 1429
f 1410 1429 1411
f 1411 1429 1430
f 1411 1430 1412
f 1412 1430 1431
f 1412 1431 1413
f 1413 1431 1432
f 1413 1432 1414
f 1414 1432 1433
f 1414 1433 1415
f 1415 1433 1434
f 1415 1434 1416
f 1416 1434 1435
f 1416 1435 1417
f 1417 1435 1436
f 1417 1436 1418
f 1418 1436 1437
f 878 870 1438
f 878 1438 1419
f 1419 1438 1439
f 1419 1439 1420
f 1420 1439 1440
f 1420 1440 1421
f 1421 1440 1441
f 1421 1441 1422
f 1422 1441 1442
f 1422 1442 1423
f 1423 1442 1443
f 1423 1443 1424
f 1424 1443 1444
f 1424 1444 1425
f 1425 1444 1445
f 1425 1445 1426
f 1426 1445 1446
f 1426 1446 1427
f 1427 1446 1447
f 1427 1447 1428
f 1428 1447 1448
f 1428 1448 1429
f 1429 1448 1449
f 1429 1449 1430
f 1430 1449 1450
f 1430 1450 1431
f 1431 1450 1451
f 1431 1451 1432
f 1432 1451 1452
f 1432 1452 1433
f 1433 1452 1453
f 1433 1453 1434
f 1434 1453 1454
f 1434 1454 1435
f 1435 1454 1455
f 1435 1455 1436
f 1436 1455 1456
f 1436 1456 1437
f 1437 1456 1457
f 870 863 1458
f 870 1458 1438
f 1438 1458 1459
f 1438 1459 1439
f 1439 1459 1460
f 1439 1460 1440
f 1440 1460 1461
f 1440 1461 1441
f 1441 1461 1462
f 1441 1462 1442
f 1442 1462 1463
f 1442 1463 1443
f 1443 1463 1464
f 1443 1464 1444
f 1444 1464 1465
f 1444 1465 1445
f 1445 1465 1466
f 1445 1466 1446
f 1446 1466 1467
f 1446 1467 1447
f 1447 1467 1468
f 1447 1468 1448
f 1448 1468 1469
f 1448 1469 1449
f 1449 1469 1470
f 1449 1470 1450
f 1450 1470 1471
f 1450 1471 1451
f 1451 1471 1472
f 1451 1472 1452
f 1452 1472 1473
f 1452 1473 1453
f 1453 1473 1474
f 1453 1474 1454
f 1454 1474 1475
f 1454 1475 1455
f 1455 1475 1476
f 1455 1476 1456
f 1456 1476 1477
f 1456 1477 1457
f 1457 1477 1478
f 863 857 1479
f 863 1479 1458
f 1458 1479 1480
f 1458 1480 1459
f 1459 1480 1481
f 1459 1481 1460
f 1460 1481 1482
f 1460 1482 1461
f 1461 1482 1483
f 1461 1483 1462
f 1462 1483 1484
f 1462 1484 1463
f 1463 1484 1485
f 1463 1485 1464
f 1464 1485 1486
f 1464 1486 1465
f 1465 1486 1487
f 1465 1487 1466
f 1466 1487 1488
f 1466 1488 1467
f 1467 1488 1489
f 1467 1489 1468
f 1468 1489 1490
f 1468 1490 1469
f 1469 1490 1491
f 1469 1491 1470
f 1470 1491 1492
f 1470 1492 1471
f 1471 1492 1493
f 1471 1493 1472
f 1472 1493 1494
f 1472 1494 1473
f 1473 1494 1495
f 1473 1495 1474
f 1474 1495 1496
f 1474 1496 1475
f 1475 1496 1497
f 1475 1497 1476
f 1476 1497 1498
f 1476 1498 1477
f 1477 1498 1499
f 1477 1499 1478
f 1478 1499 1500
f 857 852 1501
f 857 1501 1479
f 1479 1501 1502
f 1479 1502 1480
f 1480 1502 1503
f 1480 1503 1481
f 1481 1503 1504
f 1481 1504 1482
f 1482 1504 1505
f 1482 1505 1483
f 1483 1505 1506
f 1483 1506 1484
f 1484 1506 1507
f 1484 1507 1485
f 1485 1507 1508
f 1485 1508 1486
f 1486 1508 1509
f 1486 1509 1487
f 1487 1509 1510
f 1487 1510 1488
f 1488 1510 1511
f 1488 1511 1489
f 1489 1511 1512
f 1489 1512 1490
f 1490 1512 1513
f 1490 1513 1491
f 1491 1513 1514
f 1491 1514 1492
f 1492 1514 1515
f 1492 1515 1493
f 1493 1515 1516
f 1493 1516 1494
f 1494 1516 1517
f 1494 1517 1495
f 1495 1517 1518
f 1495 1518 1496
f 1496 1518 1519
f 1496 1519 1497
f 1497 1519 1520
f 1497 1520 1498
f 1498 1520 1521
f 1498 1521 1499
f 1499 1521 1522
f 1499 1522 1500
f 1500 1522 1523
f 852 848 1524
f 852 1524 1501
f 1501 1524 1525
f 1501 1525 1502
f 1502 1525 1526
f 1502 1526 1503
f 1503 1526 1527
f 1503 1527 1504
f 1504 1527 1528
f 1504 1528 1505
f 1505 1528 1529
f 1505 1529 1506
f 1506 1529 1530
f 1506 1530 1507
f 1507 1530 1531
f 1507 1531 1508
f 1508 1531 1532
f 1508 1532 1509
f 1509 1532 1533
f 1509 1533 1510
f 1510 1533 1534
f 1510 1534 1511
f 1511 1534 1535
f 1511 1535 1512
f 1512 1535 1536
f 1512 1536 1513
f 1513 1536 1537
f 1513 1537 1514
f 1514 1537 1538
f 1514 1538 1515
f 1515 1538 1539
f 1515 1539 1516
f 1516 1539 1540
f 1516 1540 1517
f 1517 1540 1541
f 1517 1541 1518
f 1518 1541 1542
f 1518 1542 1519
f 1519 1542 1543
f 1519 1543 1520
f 1520 1543 1544
f 1520 1544 1521
f 1521 1544 1545
f 1521 1545 1522
f 1522 1545 1546
f 1522 1546 1523
f 1523 1546 1547
f 848 845 1548
f 848 1548 1524
f 1524 1548 1549
f 1524 1549 1525
f 1525 1549 1550
f 1525 1550 1526
f 1526 1550 1551
f 1526 1551 1527
f 1527 1551 1552
f 1527 1552 1528
f 1528 1552 1553
f 1528 1553 1529
f 1529 1553 1554
f 1529 1554 1530
f 1530 1554 1555
f 1530 1555 1531
f 1531 1555 1556
f 1531 1556 1532
f 1532 1556 1557
f 1532 1557 1533
f 1533 1557 1558
f 1533 1558 1534
f 1534 1558 1559
f 1534 1559 1535
f 1535 1559 1560
f 1535 1560 1536
f 1536 1560 1561
f 1536 1561 1537
f 1537 1561 1562
f 1537 1562 1538
f 1538 1562 1563
f 1538 1563 1539
f 1539 1563 1564
f 1539 1564 1540
f 1540 1564 1565
f 1540 1565 1541
f 1541 1565 1566
f 1541 1566 1542
f 1542 1566 1567
f 1542 1567 1543
f 1543 1567 1568
f 1543 1568 1544
f 1544 1568 1569
f 1544 1569 1545
f 1545 1569 1570
f 1545 1570 1546
f 1546 1570 1571
f 1546 1571 1547
f 1547 1571 1572
f 845 843 1573
f 845 1573 1548
f 1548 1573 1574
f 1548 1574 1549
f 1549 1574 1575
f 1549 1575 1550
f 1550 1575 1576
f 1550 1576 1551
f 1551 1576 1577
f 1551 1577 1552
f 1552 1577 1578
f 1552 1578 1553
f 1553 1578 1579
f 1553 1579 1554
f 1554 1579 1580
f 1554 1580 1555
f 1555 1580 1581
f 1555 1581 1556
f 1556 1581 1582
f 1556 1582 1557
f 1557 1582 1583
f 1557 1583 1558
f 1558 1583 1584
f 1558 1584 1559
f 1559 1584 1585
f 1559 1585 1560
f 1560 1585 1586
f 1560 1586 1561
f 1561 1586 1587
f 1561 1587 1562
f 1562 1587 1588
f 1562 1588 1563
f 1563 1588 1589
f 1563 1589 1564
f 1564 1589 1590
f 1564 1590 1565
f 1565 1590 1591
f 1565 1591 1566
f 1566 1591 1592
f 1566 1592 1567
f 1567 1592 1593
f 1567 1593 1568
f 1568 1593 1594
f 1568 1594 1569
f 1569 1594 1595
f 1569 1595 1570
f 1570 1595 1596
f 1570 1596 1571
f 1571 1596 1597
f 1571 1597 1572
f 1572 1597 1598
f 843 842 1599
f 843 1599 1573
f 1573 1599 1600
f 1573 1600 1574
f 1574 1600 1601
f 1574 1601 1575
f 1575 1601 1602
f 1575 1602 1576
f 1576 1602 1603
f 1576 1603 1577
f 1577 1603 1604
f 1577 1604 1578
f 1578 1604 1605
f 1578 1605 1579
f 1579 1605 1606
f 1579 1606 1580
f 1580 1606 1607
f 1580 1607 1581
f 1581 1607 1608
f 1581 1608 1582
f 1582 1608 1609
f 1582 1609 1583
f 1583 1609 1610
f 1583 1610 1584
f 1584 1610 1611
f 1584 1611 1585
f 1585 1611 1612
f 1585 1612 1586
f 1586 1612 1613
f 1586 1613 1587
f 1587 1613 1614
f 1587 1614 1588
f 1588 1614 1615
f 1588 1615 1589
f 1589 1615 1616
f 1589 1616 1590
f 1590 1616 1617
f 1590 1617 1591
f 1591 1617 1618
f 1591 1618 1592
f 1592 1618 1619
f 1592 1619 1593
f 1593 1619 1620
f 1593 1620 1594
f 1594 1620 1621
f 1594 1621 1595
f 1595 1621 1622
f 1595 1622 1596
f 1596 1622 1623
f 1596 1623 1597
f 1597 1623 1624
f 1597 1624 1598
f 1598 1624 1625
f 842 407 436
f 842 436 1599
f 1599 436 438
f 1599 438 1600
f 1600 438 441
f 1600 441 1601
f 1601 441 445
f 1601 445 1602
f 1602 445 450
f 1602 450 1603
f 1603 450 456
f 1603 456 1604
f 1604 456 463
f 1604 463 1605
f 1605 463 471
f 1605 471 1606
f 1606 471 480
f 1606 480 1607
f 1607 480 490
f 1607 490 1608
f 1608 490 501
f 1608 501 1609
f 1609 501 513
f 1609 513 1610
f 1610 513 526
f 1610 526 1611
f 1611 526 540
f 1611 540 1612
f 1612 540 555
f 1612 555 1613
f 1613 555 571
f 1613 571 1614
f 1614 571 588
f 1614 588 1615
f 1615 588 606
f 1615 606 1616
f 1616 606 625
f 1616 625 1617
f 1617 625 645
f 1617 645 1618
f 1618 645 666
f 1618 666 1619
f 1619 666 688
f 1619 688 1620
f 1620 688 711
f 1620 711 1621
f 1621 711 735
f 1621 735 1622
f 1622 735 760
f 1622 760 1623
f 1623 760 786
f 1623 786 1624
f 1624 786 813
f 1624 813 1625
f 1625 813 841
f 1220 1626 1221
f 1626 1627 1628
f 1626 1628 1221
f 1221 1628 1222
f 1627 1629 1630
f 1627 1630 1628
f 1628 1630 1631
f 1628 1631 1222
f 1222 1631 1223
f 1629 1632 1633
f 1629 1633 1630
f 1630 1633 1634
f 1630 1634 1631
f 1631 1634 1635
f 1631 1635 1223
f 1223 1635 1224
f 1632 1636 1637
f 1632 1637 1633
f 1633 1637 1638
f 1633 1638 1634
f 1634 1638 1639
f 1634 1639 1635
f 1635 1639 1640
f 1635 1640 1224
f 1224 1640 1225
f 1636 1641 1642
f 1636 1642 1637
f 1637 1642 1643
f 1637 1643 1638
f 1638 1643 1644
f 1638 1644 1639
f 1639 1644 1645
f 1639 1645 1640
f 1640 1645 1646
f 1640 1646 1225
f 1225 1646 1226
f 1641 1647 1648
f 1641 1648 1642
f 1642 1648 1649
f 1642 1649 1643
f 1643 1649 1650
f 1643 1650 1644
f 1644 1650 1651
f 1644 1651 1645
f 1645 1651 1652
f 1645 1652 1646
f 1646 1652 1653
f 1646 1653 1226
f 1226 1653 1227
f 1647 1654 1655
f 1647 1655 1648
f 1648 1655 1656
f 1648 1656 1649
f 1649 1656 1657
f 1649 1657 1650
f 1650 1657 1658
f 1650 1658 1651
f 1651 1658 1659
f 1651 1659 1652
f 1652 1659 1660
f 1652 1660 1653
f 1653 1660 1661
f 1653 1661 1227
f 1227 1661 1228
f 1654 1662 1663
f 1654 1663 1655
f 1655 1663 1664
f 1655 1664 1656
f 1656 1664 1665
f 1656 1665 1657
f 1657 1665 1666
f 1657 1666 1658
f 1658 1666 1667
f 1658 1667 1659
f 1659 1667 1668
f 1659 1668 1660
f 1660 1668 1669
f 1660 1669 1661
f 1661 1669 1670
f 1661 1670 1228
f 1228 1670 1229
f 1662 1671 1672
f 1662 1672 1663
f 1663 1672 1673
f 1663 1673 1664
f 1664 1673 1674
f 1664 1674 1665
f 1665 1674 1675
f 1665 1675 1666
f 1666 1675 1676
f 1666 1676 1667
f 1667 1676 1677
f 1667 1677 1668
f 1668 1677 1678
f 1668 1678 1669
f 1669 1678 1679
f 1669 1679 1670
f 1670 1679 1680
f 1670 1680 1229
f 1229 1680 1230
f 1671 1681 1682
f 1671 1682 1672
f 1672 1682 1683
f 1672 1683 1673
f 1673 1683 1684
f 1673 1684 1674
f 1674 1684 1685
f 1674 1685 1675
f 1675 1685 1686
f 1675 1686 1676
f 1676 1686 1687
f 1676 1687 1677
f 1677 1687 1688
f 1677 1688 1678
f 1678 1688 1689
f 1678 1689 1679
f 1679 1689 1690
f 1679 1690 1680
f 1680 1690 1691
f 1680 1691 1230
f 1230 1691 1231
f 1681 1692 1693
f 1681 1693 1682
f 1682 1693 1694
f 1682 1694 1683
f 1683 1694 1695
f 1683 1695 1684
f 1684 1695 1696
f 1684 1696 1685
f 1685 1696 1697
f 1685 1697 1686
f 1686 1697 1698
f 1686 1698 1687
f 1687 1698 1699
f 1687 1699 1688
f 1688 1699 1700
f 1688 1700 1689
f 1689 1700 1701
f 1689 1701 1690
f 1690 1701 1702
f 1690 1702 1691
f 1691 1702 1703
f 1691 1703 1231
f 1231 1703 1232
f 1692 1704 1705
f 1692 1705 1693
f 1693 1705 1706
f 1693 1706 1694
f 1694 1706 1707
f 1694 1707 1695
f 1695 1707 1708
f 1695 1708 1696
f 1696 1708 1709
f 1696 1709 1697
f 1697 1709 1710
f 1697 1710 1698
f 1698 1710 1711
f 1698 1711 1699
f 1699 1711 1712
f 1699 1712 1700
f 1700 1712 1713
f 1700 1713 1701
f 1701 1713 1714
f 1701 1714 1702
f 1702 1714 1715
f 1702 1715 1703
f 1703 1715 1716
f 1703 1716 1232
f 1232 1716 1233
f 1704 1717 1718
f 1704 1718 1705
f 1705 1718 1719
f 1705 1719 1706
f 1706 1719 1720
f 1706 1720 1707
f 1707 1720 1721
f 1707 1721 1708
f 1708 1721 1722
f 1708 1722 1709
f 1709 1722 1723
f 1709 1723 1710
f 1710 1723 1724
f 1710 1724 1711
f 1711 1724 1725
f 1711 1725 1712
f 1712 1725 1726
f 1712 1726 1713
f 1713 1726 1727
f 1713 1727 1714
f 1714 1727 1728
f 1714 1728 1715
f 1715 1728 1729
f 1715 1729 1716
f 1716 1729 1730
f 1716 1730 1233
f 1233 1730 1234
f 1717 1731 1732
f 1717 1732 1718
f 1718 1732 1733
f 1718 1733 1719
f 1719 1733 1734
f 1719 1734 1720
f 1720 1734 1735
f 1720 1735 1721
f 1721 1735 1736
f 1721 1736 1722
f 1722 1736 1737
f 1722 1737 1723
f 1723 1737 1738
f 1723 1738 1724
f 1724 1738 1739
f 1724 1739 1725
f 1725 1739 1740
f 1725 1740 1726
f 1726 1740 1741
f 1726 1741 1727
f 1727 1741 1742
f 1727 1742 1728
f 1728 1742 1743
f 1728 1743 1729
f 1729 1743 1744
f 1729 1744 1730
f 1730 1744 1745
f 1730 1745 1234
f 1234 1745 1235
f 1731 1746 1747
f 1731 1747 1732
f 1732 1747 1748
f 1732 1748 1733
f 1733 1748 1749
f 1733 1749 1734
f 1734 1749 1750
f 1734 1750 1735
f 1735 1750 1751
f 1735 1751 1736
f 1736 1751 1752
f 1736 1752 1737
f 1737 1752 1753
f 1737 1753 1738
f 1738 1753 1754
f 1738 1754 1739
f 1739 1754 1755
f 1739 1755 1740
f 1740 1755 1756
f 1740 1756 1741
f 1741 1756 1757
f 1741 1757 1742
f 1742 1757 1758
f 1742 1758 1743
f 1743 1758 1759
f 1743 1759 1744
f 1744 1759 1760
f 1744 1760 1745
f 1745 1760 1761
f 1745 1761 1235
f 1235 1761 1236
f 1746 1762 1763
f 1746 1763 1747
f 1747 1763 1764
f 1747 1764 1748
f 1748 1764 1765
f 1748 1765 1749
f 1749 1765 1766
f 1749 1766 1750
f 1750 1766 1767
f 1750 1767 1751
f 1751 1767 1768
f 1751 1768 1752
f 1752 1768 1769
f 1752 1769 1753
f 1753 1769 1770
f 1753 1770 1754
f 1754 1770 1771
f 1754 1771 1755
f 1755 1771 1772
f 1755 1772 1756
f 1756 1772 1773
f 1756 1773 1757
f 1757 1773 1774
f 1757 1774 1758
f 1758 1774 1775
f 1758 1775 1759
f 1759 1775 1776
f 1759 1776 1760
f 1760 1776 1777
f 1760 1777 1761
f 1761 1777 1778
f 1761 1778 1236
f 1236 1778 1237
f 1762 1779 1780
f 1762 1780 1763
f 1763 1780 1781
f 1763 1781 1764
f 1764 1781 1782
f 1764 1782 1765
f 1765 1782 1783
f 1765 1783 1766
f 1766 1783 1784
f 1766 1784 1767
f 1767 1784 1785
f 1767 1785 1768
f 1768 1785 1786
f 1768 1786 1769
f 1769 1786 1787
f 1769 1787 1770
f 1770 1787 1788
f 1770 1788 1771
f 1771 1788 1789
f 1771 1789 1772
f 1772 1789 1790
f 1772 1790 1773
f 1773 1790 1791
f 1773 1791 1774
f 1774 1791 1792
f 1774 1792 1775
f 1775 1792 1793
f 1775 1793 1776
f 1776 1793 1794
f 1776 1794 1777
f 1777 1794 1795
f 1777 1795 1778
f 1778 1795 1796
f 1778 1796 1237
f 1237 1796 1238
f 1779 1797 1798
f 1779 1798 1780
f 1780 1798 1799
f 1780 1799 1781
f 1781 1799 1800
f 1781 1800 1782
f 1782 1800 1801
f 1782 1801 1783
f 1783 1801 1802
f 1783 1802 1784
f 1784 1802 1803
f 1784 1803 1785
f 1785 1803 1804
f 1785 1804 1786
f 1786 1804 1805
f 1786 1805 1787
f 1787 1805 1806
f 1787 1806 1788
f 1788 1806 1807
f 1788 1807 1789
f 1789 1807 1808
f 1789 1808 1790
f 1790 1808 1809
f 1790 1809 1791
f 1791 1809 1810
f 1791 1810 1792
f 1792 1810 1811
f 1792 1811 1793
f 1793 1811 1812
f 1793 1812 1794
f 1794 1812 1813
f 1794 1813 1795
f 1795 1813 1814
f 1795 1814 1796
f 1796 1814 1815
f 1796 1815 1238
f 1238 1815 1239
f 1797 1816 1817
f 1797 1817 1798
f 1798 1817 1818
f 1798 1818 1799
f 1799 1818 1819
f 1799 1819 1800
f 1800 1819 1820
f 1800 1820 1801
f 1801 1820 1821
f 1801 1821 1802
f 1802 1821 1822
f 1802 1822 1803
f 1803 1822 1823
f 1803 1823 1804
f 1804 1823 1824
f 1804 1824 1805
f 1805 1824 1825
f 1805 1825 1806
f 1806 1825 1826
f 1806 1826 1807
f 1807 1826 1827
f 1807 1827 1808
f 1808 1827 1828
f 1808 1828 1809
f 1809 1828 1829
f 1809 1829 1810
f 1810 1829 1830
f 1810 1830 1811
f 1811 1830 1831
f 1811 1831 1812
f 1812 1831 1832
f 1812 1832 1813
f 1813 1832 1833
f 1813 1833 1814
f 1814 1833 1834
f 1814 1834 1815
f 1815 1834 1835
f 1815 1835 1239
f 1239 1835 1240
f 1816 1836 1837
f 1816 1837 1817
f 1817 1837 1838
f 1817 1838 1818
f 1818 1838 1839
f 1818 1839 1819
f 1819 1839 1840
f 1819 1840 1820
f 1820 1840 1841
f 1820 1841 1821
f 1821 1841 1842
f 1821 1842 1822
f 1822 1842 1843
f 1822 1843 1823
f 1823 1843 1844
f 1823 1844 1824
f 1824 1844 1845
f 1824 1845 1825
f 1825 1845 1846
f 1825 1846 1826
f 1826 1846 1847
f 1826 1847 1827
f 1827 1847 1848
f 1827 1848 1828
f 1828 1848 1849
f 1828 1849 1829
f 1829 1849 1850
f 1829 1850 1830
f 1830 1850 1851
f 1830 1851 1831
f 1831 1851 1852
f 1831 1852 1832
f 1832 1852 1853
f 1832 1853 1833
f 1833 1853 1854
f 1833 1854 1834
f 1834 1854 1855
f 1834 1855 1835
f 1835 1855 1856
f 1835 1856 1240
f 1240 1856 1241
f 1836 1857 1858
f 1836 1858 1837
f 1837 1858 1859
f 1837 1859 1838
f 1838 1859 1860
f 1838 1860 1839
f 1839 1860 1861
f 1839 1861 1840
f 1840 1861 1862
f 1840 1862 1841
f 1841 1862 1863
f 1841 1863 1842
f 1842 1863 1864
f 1842 1864 1843
f 1843 1864 1865
f 1843 1865 1844
f 1844 1865 1866
f 1844 1866 1845
f 1845 1866 1867
f 1845 1867 1846
f 1846 1867 1868
f 1846 1868 1847
f 1847 1868 1869
f 1847 1869 1848
f 1848 1869 1870
f 1848 1870 1849
f 1849 1870 1871
f 1849 1871 1850
f 1850 1871 1872
f 1850 1872 1851
f 1851 1872 1873
f 1851 1873 1852
f 1852 1873 1874
f 1852 1874 1853
f 1853 1874 1875
f 1853 1875 1854
f 1854 1875 1876
f 1854 1876 1855
f 1855 1876 1877
f 1855 1877 1856
f 1856 1877 1878
f 1856 1878 1241
f 1241 1878 1242
f 1857 1879 1880
f 1857 1880 1858
f 1858 1880 1881
f 1858 1881 1859
f 1859 1881 1882
f 1859 1882 1860
f 1860 1882 1883
f 1860 1883 1861
f 1861 1883 1884
f 1861 1884 1862
f 1862 1884 1885
f 1862 1885 1863
f 1863 1885 1886
f 1863 1886 1864
f 1864 1886 1887
f 1864 1887 1865
f 1865 1887 1888
f 1865 1888 1866
f 1866 1888 1889
f 1866 1889 1867
f 1867 1889 1890
f 1867 1890 1868
f 1868 1890 1891
f 1868 1891 1869
f 1869 1891 1892
f 1869 1892 1870
f 1870 1892 1893
f 1870 1893 1871
f 1871 1893 1894
f 1871 1894 1872
f 1872 1894 1895
f 1872 1895 1873
f 1873 1895 1896
f 1873 1896 1874
f 1874 1896 1897
f 1874 1897 1875
f 1875 1897 1898
f 1875 1898 1876
f 1876 1898 1899
f 1876 1899 1877
f 1877 1899 1900
f 1877 1900 1878
f 1878 1900 1901
f 1878 1901 1242
f 1242 1901 1243
f 1879 1902 1903
f 1879 1903 1880
f 1880 1903 1904
f 1880 1904 1881
f 1881 1904 1905
f 1881 1905 1882
f 1882 1905 1906
f 1882 1906 1883
f 1883 1906 1907
f 1883 1907 1884
f 1884 1907 1908
f 1884 1908 1885
f 1885 1908 1909
f 1885 1909 1886
f 1886 1909 1910
f 1886 1910 1887
f 1887 1910 1911
f 1887 1911 1888
f 1888 1911 1912
f 1888 1912 1889
f 1889 1912 1913
f 1889 1913 1890
f 1890 1913 1914
f 1890 1914 1891
f 1891 1914 1915
f 1891 1915 1892
f 1892 1915 1916
f 1892 1916 1893
f 1893 1916 1917
f 1893 1917 1894
f 1894 1917 1918
f 1894 1918 1895
f 1895 1918 1919
f 1895 1919 1896
f 1896 1919 1920
f 1896 1920 1897
f 1897 1920 1921
f 1897 1921 1898
f 1898 1921 1922
f 1898 1922 1899
f 1899 1922 1923
f 1899 1923 1900
f 1900 1923 1924
f 1900 1924 1901
f 1901 1924 1925
f 1901 1925 1243
f 1243 1925 1244
f 1902 1926 1927
f 1902 1927 1903
f 1903 1927 1928
f 1903 1928 1904
f 1904 1928 1929
f 1904 1929 1905
f 1905 1929 1930
f 1905 1930 1906
f 1906 1930 1931
f 1906 1931 1907
f 1907 1931 1932
f 1907 1932 1908
f 1908 1932 1933
f 1908 1933 1909
f 1909 1933 1934
f 1909 1934 1910
f 1910 1934 1935
f 1910 1935 1911
f 1911 1935 1936
f 1911 1936 1912
f 1912 1936 1937
f 1912 1937 1913
f 1913 1937 1938
f 1913 1938 1914
f 1914 1938 1939
f 1914 1939 1915
f 1915 1939 1940
f 1915 1940 1916
f 1916 1940 1941
f 1916 1941 1917
f 1917 1941 1942
f 1917 1942 1918
f 1918 1942 1943
f 1918 1943 1919
f 1919 1943 1944
f 1919 1944 1920
f 1920 1944 1945
f 1920 1945 1921
f 1921 1945 1946
f 1921 1946 1922
f 1922 1946 1947
f 1922 1947 1923
f 1923 1947 1948
f 1923 1948 1924
f 1924 1948 1949
f 1924 1949 1925
f 1925 1949 1950
f 1925 1950 1244
f 1244 1950 1245
f 1926 1951 1952
f 1926 1952 1927
f 1927 1952 1953
f 1927 1953 1928
f 1928 1953 1954
f 1928 1954 1929
f 1929 1954 1955
f 1929 1955 1930
f 1930 1955 1956
f 1930 1956 1931
f 1931 1956 1957
f 1931 1957 1932
f 1932 1957 1958
f 1932 1958 1933
f 1933 1958 1959
f 1933 1959 1934
f 1934 1959 1960
f 1934 1960 1935
f 1935 1960 1961
f 1935 1961 1936
f 1936 1961 1962
f 1936 1962 1937
f 1937 1962 1963
f 1937 1963 1938
f 1938 1963 1964
f 1938 1964 1939
f 1939 1964 1965
f 1939 1965 1940
f 1940 1965 1966
f 1940 1966 1941
f 1941 1966 1967
f 1941 1967 1942
f 1942 1967 1968
f 1942 1968 1943
f 1943 1968 1969
f 1943 1969 1944
f 1944 1969 1970
f 1944 1970 1945
f 1945 1970 1971
f 1945 1971 1946
f 1946 1971 1972
f 1946 1972 1947
f 1947 1972 1973
f 1947 1973 1948
f 1948 1973 1974
f 1948 1974 1949
f 1949 1974 1975
f 1949 1975 1950
f 1950 1975 1976
f 1950 1976 1245
f 1245 1976 1246
f 1951 1977 1978
f 1951 1978 1952
f 1952 1978 1979
f 1952 1979 1953
f 1953 1979 1980
f 1953 1980 1954
f 1954 1980 1981
f 1954 1981 1955
f 1955 1981 1982
f 1955 1982 1956
f 1956 1982 1983
f 1956 1983 1957
f 1957 1983 1984
f 1957 1984 1958
f 1958 1984 1985
f 1958 1985 1959
f 1959 1985 1986
f 1959 1986 1960
f 1960 1986 1987
f 1960 1987 1961
f 1961 1987 1988
f 1961 1988 1962
f 1962 1988 1989
f 1962 1989 1963
f 1963 1989 1990
f 1963 1990 1964
f 1964 1990 1991
f 1964 1991 1965
f 1965 1991 1992
f 1965 1992 1966
f 1966 1992 1993
f 1966 1993 1967
f 1967 1993 1994
f 1967 1994 1968
f 1968 1994 1995
f 1968 1995 1969
f 1969 1995 1996
f 1969 1996 1970
f 1970 1996 1997
f 1970 1997 1971
f 1971 1997 1998
f 1971 1998 1972
f 1972 1998 1999
f 1972 1999 1973
f 1973 1999 2000
f 1973 2000 1974
f 1974 2000 2001
f 1974 2001 1975
f 1975 2001 2002
f 1975 2002 1976
f 1976 2002 2003
f 1976 2003 1246
f 1246 2003 1247
f 1977 2004 2005
f 1977 2005 1978
f 1978 2005 2006
f 1978 2006 1979
f 1979 2006 2007
f 1979 2007 1980
f 1980 2007 2008
f 1980 2008 1981
f 1981 2008 2009
f 1981 2009 1982
f 1982 2009 2010
f 1982 2010 1983
f 1983 2010 2011
f 1983 2011 1984
f 1984 2011 2012
f 1984 2012 1985
f 1985 2012 2013
f 1985 2013 1986
f 1986 2013 2014
f 1986 2014 1987
f 1987 2014 2015
f 1987 2015 1988
f 1988 2015 2016
f 1988 2016 1989
f 1989 2016 2017
f 1989 2017 1990
f 1990 2017 2018
f 1990 2018 1991
f 1991 2018 2019
f 1991 2019 1992
f 1992 2019 2020
f 1992 2020 1993
f 1993 2020 2021
f 1993 2021 1994
f 1994 2021 2022
f 1994 2022 1995
f 1995 2022 2023
f 1995 2023 1996
f 1996 2023 2024
f 1996 2024 1997
f 1997 2024 2025
f 1997 2025 1998
f 1998 2025 2026
f 1998 2026 1999
f 1999 2026 2027
f 1999 2027 2000
f 2000 2027 2028
f 2000 2028 2001
f 2001 2028 2029
f 2001 2029 2002
f 2002 2029 2030
f 2002 2030 2003
f 2003 2030 2031
f 2003 2031 1247
f 1247 2031 435
f 2004 1977 2032
f 1977 1951 2033
f 1977 2033 2032
f 2032 2033 2034
f 1951 1926 2035
f 1951 2035 2033
f 2033 2035 2036
f 2033 2036 2034
f 2034 2036 2037
f 1926 1902 2038
f 1926 2038 2035
f 2035 2038 2039
f 2035 2039 2036
f 2036 2039 2040
f 2036 2040 2037
f 2037 2040 2041
f 1902 1879 2042
f 1902 2042 2038
f 2038 2042 2043
f 2038 2043 2039
f 2039 2043 2044
f 2039 2044 2040
f 2040 2044 2045
f 2040 2045 2041
f 2041 2045 2046
f 1879 1857 2047
f 1879 2047 2042
f 2042 2047 2048
f 2042 2048 2043
f 2043 2048 2049
f 2043 2049 2044
f 2044 2049 2050
f 2044 2050 2045
f 2045 2050 2051
f 2045 2051 2046
f 2046 2051 2052
f 1857 1836 2053
f 1857 2053 2047
f 2047 2053 2054
f 2047 2054 2048
f 2048 2054 2055
f 2048 2055 2049
f 2049 2055 2056
f 2049 2056 2050
f 2050 2056 2057
f 2050 2057 2051
f 2051 2057 2058
f 2051 2058 2052
f 2052 2058 2059
f 1836 1816 2060
f 1836 2060 2053
f 2053 2060 2061
f 2053 2061 2054
f 2054 2061 2062
f 2054 2062 2055
f 2055 2062 2063
f 2055 2063 2056
f 2056 2063 2064
f 2056 2064 2057
f 2057 2064 2065
f 2057 2065 2058
f 2058 2065 2066
f 2058 2066 2059
f 2059 2066 2067
f 1816 1797 2068
f 1816 2068 2060
f 2060 2068 2069
f 2060 2069 2061
f 2061 2069 2070
f 2061 2070 2062
f 2062 2070 2071
f 2062 2071 2063
f 2063 2071 2072
f 2063 2072 2064
f 2064 2072 2073
f 2064 2073 2065
f 2065 2073 2074
f 2065 2074 2066
f 2066 2074 2075
f 2066 2075 2067
f 2067 2075 2076
f 1797 1779 2077
f 1797 2077 2068
f 2068 2077 2078
f 2068 2078 2069
f 2069 2078 2079
f 2069 2079 2070
f 2070 2079 2080
f 2070 2080 2071
f 2071 2080 2081
f 2071 2081 2072
f 2072 2081 2082
f 2072 2082 2073
f 2073 2082 2083
f 2073 2083 2074
f 2074 2083 2084
f 2074 2084 2075
f 2075 2084 2085
f 2075 2085 2076
f 2076 2085 2086
f 1779 1762 2087
f 1779 2087 2077
f 2077 2087 2088
f 2077 2088 2078
f 2078 2088 2089
f 2078 2089 2079
f 2079 2089 2090
f 2079 2090 2080
f 2080 2090 2091
f 2080 2091 2081
f 2081 2091 2092
f 2081 2092 2082
f 2082 2092 2093
f 2082 2093 2083
f 2083 2093 2094
f 2083 2094 2084
f 2084 2094 2095
f 2084 2095 2085
f 2085 2095 2096
f 2085 2096 2086
f 2086 2096 2097
f 1762 1746 2098
f 1762 2098 2087
f 2087 2098 2099
f 2087 2099 2088
f 2088 2099 2100
f 2088 2100 2089
f 2089 2100 2101
f 2089 2101 2090
f 2090 2101 2102
f 2090 2102 2091
f 2091 2102 2103
f 2091 2103 2092
f 2092 2103 2104
f 2092 2104 2093
f 2093 2104 2105
f 2093 2105 2094
f 2094 2105 2106
f 2094 2106 2095
f 2095 2106 2107
f 2095 2107 2096
f 2096 2107 2108
f 2096 2108 2097
f 2097 2108 2109
f 1746 1731 2110
f 1746 2110 2098
f 2098 2110 2111
f 2098 2111 2099
f 2099 2111 2112
f 2099 2112 2100
f 2100 2112 2113
f 2100 2113 2101
f 2101 2113 2114
f 2101 2114 2102
f 2102 2114 2115
f 2102 2115 2103
f 2103 2115 2116
f 2103 2116 2104
f 2104 2116 2117
f 2104 2117 2105
f 2105 2117 2118
f 2105 2118 2106
f 2106 2118 2119
f 2106 2119 2107
f 2107 2119 2120
f 2107 2120 2108
f 2108 2120 2121
f 2108 2121 2109
f 2109 2121 2122
f 1731 1717 2123
f 1731 2123 2110
f 2110 2123 2124
f 2110 2124 2111
f 2111 2124 2125
f 2111 2125 2112
f 2112 2125 2126
f 2112 2126 2113
f 2113 2126 2127
f 2113 2127 2114
f 2114 2127 2128
f 2114 2128 2115
f 2115 2128 2129
f 2115 2129 2116
f 2116 2129 2130
f 2116 2130 2117
f 2117 2130 2131
f 2117 2131 2118
f 2118 2131 2132
f 2118 2132 2119
f 2119 2132 2133
f 2119 2133 2120
f 2120 2133 2134
f 2120 2134 2121
f 2121 2134 2135
f 2121 2135 2122
f 2122 2135 2136
f 1717 1704 2137
f 1717 2137 2123
f 2123 2137 2138
f 2123 2138 2124
f 2124 2138 2139
f 2124 2139 2125
f 2125 2139 2140
f 2125 2140 2126
f 2126 2140 2141
f 2126 2141 2127
f 2127 2141 2142
f 2127 2142 2128
f 2128 2142 2143
f 2128 2143 2129
f 2129 2143 2144
f 2129 2144 2130
f 2130 2144 2145
f 2130 2145 2131
f 2131 2145 2146
f 2131 2146 2132
f 2132 2146 2147
f 2132 2147 2133
f 2133 2147 2148
f 2133 2148 2134
f 2134 2148 2149
f 2134 2149 2135
f 2135 2149 2150
f 2135 2150 2136
f 2136 2150 2151
f 1704 1692 2152
f 1704 2152 2137
f 2137 2152 2153
f 2137 2153 2138
f 2138 2153 2154
f 2138 2154 2139
f 2139 2154 2155
f 2139 2155 2140
f 2140 2155 2156
f 2140 2156 2141
f 2141 2156 2157
f 2141 2157 2142
f 2142 2157 2158
f 2142 2158 2143
f 2143 2158 2159
f 2143 2159 2144
f 2144 2159 2160
f 2144 2160 2145
f 2145 2160 2161
f 2145 2161 2146
f 2146 2161 2162
f 2146 2162 2147
f 2147 2162 2163
f 2147 2163 2148
f 2148 2163 2164
f 2148 2164 2149
f 2149 2164 2165
f 2149 2165 2150
f 2150 2165 2166
f 2150 2166 2151
f 2151 2166 2167
f 1692 1681 2168
f 1692 2168 2152
f 2152 2168 2169
f 2152 2169 2153
f 2153 2169 2170
f 2153 2170 2154
f 2154 2170 2171
f 2154 2171 2155
f 2155 2171 2172
f 2155 2172 2156
f 2156 2172 2173
f 2156 2173 2157
f 2157 2173 2174
f 2157 2174 2158
f 2158 2174 2175
f 2158 2175 2159
f 2159 2175 2176
f 2159 2176 2160
f 2160 2176 2177
f 2160 2177 2161
f 2161 2177 2178
f 2161 2178 2162
f 2162 2178 2179
f 2162 2179 2163
f 2163 2179 2180
f 2163 2180 2164
f 2164 2180 2181
f 2164 2181 2165
f 2165 2181 2182
f 2165 2182 2166
f 2166 2182 2183
f 2166 2183 2167
f 2167 2183 2184
f 1681 1671 2185
f 1681 2185 2168
f 2168 2185 2186
f 2168 2186 2169
f 2169 2186 2187
f 2169 2187 2170
f 2170 2187 2188
f 2170 2188 2171
f 2171 2188 2189
f 2171 2189 2172
f 2172 2189 2190
f 2172 2190 2173
f 2173 2190 2191
f 2173 2191 2174
f 2174 2191 2192
f 2174 2192 2175
f 2175 2192 2193
f 2175 2193 2176
f 2176 2193 2194
f 2176 2194 2177
f 2177 2194 2195
f 2177 2195 2178
f 2178 2195 2196
f 2178 2196 2179
f 2179 2196 2197
f 2179 2197 2180
f 2180 2197 2198
f 2180 2198 2181
f 2181 2198 2199
f 2181 2199 2182
f 2182 2199 2200
f 2182 2200 2183
f 2183 2200 2201
f 2183 2201 2184
f 2184 2201 2202
f 1671 1662 2203
f 1671 2203 2185
f 2185 2203 2204
f 2185 2204 2186
f 2186 2204 2205
f 2186 2205 2187
f 2187 2205 2206
f 2187 2206 2188
f 2188 2206 2207
f 2188 2207 2189
f 2189 2207 2208
f 2189 2208 2190
f 2190 2208 2209
f 2190 2209 2191
f 2191 2209 2210
f 2191 2210 2192
f 2192 2210 2211
f 2192 2211 2193
f 2193 2211 2212
f 2193 2212 2194
f 2194 2212 2213
f 2194 2213 2195
f 2195 2213 2214
f 2195 2214 2196
f 2196 2214 2215
f 2196 2215 2197
f 2197 2215 2216
f 2197 2216 2198
f 2198 2216 2217
f 2198 2217 2199
f 2199 2217 2218
f 2199 2218 2200
f 2200 2218 2219
f 2200 2219 2201
f 2201 2219 2220
f 2201 2220 2202
f 2202 2220 2221
f 1662 1654 2222
f 1662 2222 2203
f 2203 2222 2223
f 2203 2223 2204
f 2204 2223 2224
f 2204 2224 2205
f 2205 2224 2225
f 2205 2225 2206
f 2206 2225 2226
f 2206 2226 2207
f 2207 2226 2227
f 2207 2227 2208
f 2208 2227 2228
f 2208 2228 2209
f 2209 2228 2229
f 2209 2229 2210
f 2210 2229 2230
f 2210 2230 2211
f 2211 2230 2231
f 2211 2231 2212
f 2212 2231 2232
f 2212 2232 2213
f 2213 2232 2233
f 2213 2233 2214
f 2214 2233 2234
f 2214 2234 2215
f 2215 2234 2235
f 2215 2235 2216
f 2216 2235 2236
f 2216 2236 2217
f 2217 2236 2237
f 2217 2237 2218
f 2218 2237 2238
f 2218 2238 2219
f 2219 2238 2239
f 2219 2239 2220
f 2220 2239 2240
f 2220 2240 2221
f 2221 2240 2241
f 1654 1647 2242
f 1654 2242 2222
f 2222 2242 2243
f 2222 2243 2223
f 2223 2243 2244
f 2223 2244 2224
f 2224 2244 2245
f 2224 2245 2225
f 2225 2245 2246
f 2225 2246 2226
f 2226 2246 2247
f 2226 2247 2227
f 2227 2247 2248
f 2227 2248 2228
f 2228 2248 2249
f 2228 2249 2229
f 2229 2249 2250
f 2229 2250 2230
f 2230 2250 2251
f 2230 2251 2231
f 2231 2251 2252
f 2231 2252 2232
f 2232 2252 2253
f 2232 2253 2233
f 2233 2253 2254
f 2233 2254 2234
f 2234 2254 2255
f 2234 2255 2235
f 2235 2255 2256
f 2235 2256 2236
f 2236 2256 2257
f 2236 2257 2237
f 2237 2257 2258
f 2237 2258 2238
f 2238 2258 2259
f 2238 2259 2239
f 2239 2259 2260
f 2239 2260 2240
f 2240 2260 2261
f 2240 2261 2241
f 2241 2261 2262
f 1647 1641 2263
f 1647 2263 2242
f 2242 2263 2264
f 2242 2264 2243
f 2243 2264 2265
f 2243 2265 2244
f 2244 2265 2266
f 2244 2266 2245
f 2245 2266 2267
f 2245 2267 2246
f 2246 2267 2268
f 2246 2268 2247
f 2247 2268 2269
f 2247 2269 2248
f 2248 2269 2270
f 2248 2270 2249
f 2249 2270 2271
f 2249 2271 2250
f 2250 2271 2272
f 2250 2272 2251
f 2251 2272 2273
f 2251 2273 2252
f 2252 2273 2274
f 2252 2274 2253
f 2253 2274 2275
f 2253 2275 2254
f 2254 2275 2276
f 2254 2276 2255
f 2255 2276 2277
f 2255 2277 2256
f 2256 2277 2278
f 2256 2278 2257
f 2257 2278 2279
f 2257 2279 2258
f 2258 2279 2280
f 2258 2280 2259
f 2259 2280 2281
f 2259 2281 2260
f 2260 2281 2282
f 2260 2282 2261
f 2261 2282 2283
f 2261 2283 2262
f 2262 2283 2284
f 1641 1636 2285
f 1641 2285 2263
f 2263 2285 2286
f 2263 2286 2264
f 2264 2286 2287
f 2264 2287 2265
f 2265 2287 2288
f 2265 2288 2266
f 2266 2288 2289
f 2266 2289 2267
f 2267 2289 2290
f 2267 2290 2268
f 2268 2290 2291
f 2268 2291 2269
f 2269 2291 2292
f 2269 2292 2270
f 2270 2292 2293
f 2270 2293 2271
f 2271 2293 2294
f 2271 2294 2272
f 2272 2294 2295
f 2272 2295 2273
f 2273 2295 2296
f 2273 2296 2274
f 2274 2296 2297
f 2274 2297 2275
f 2275 2297 2298
f 2275 2298 2276
f 2276 2298 2299
f 2276 2299 2277
f 2277 2299 2300
f 2277 2300 2278
f 2278 2300 2301
f 2278 2301 2279
f 2279 2301 2302
f 2279 2302 2280
f 2280 2302 2303
f 2280 2303 2281
f 2281 2303 2304
f 2281 2304 2282
f 2282 2304 2305
f 2282 2305 2283
f 2283 2305 2306
f 2283 2306 2284
f 2284 2306 2307
f 1636 1632 2308
f 1636 2308 2285
f 2285 2308 2309
f 2285 2309 2286
f 2286 2309 2310
f 2286 2310 2287
f 2287 2310 2311
f 2287 2311 2288
f 2288 2311 2312
f 2288 2312 2289
f 2289 2312 2313
f 2289 2313 2290
f 2290 2313 2314
f 2290 2314 2291
f 2291 2314 2315
f 2291 2315 2292
f 2292 2315 2316
f 2292 2316 2293
f 2293 2316 2317
f 2293 2317 2294
f 2294 2317 2318
f 2294 2318 2295
f 2295 2318 2319
f 2295 2319 2296
f 2296 2319 2320
f 2296 2320 2297
f 2297 2320 2321
f 2297 2321 2298
f 2298 2321 2322
f 2298 2322 2299
f 2299 2322 2323
f 2299 2323 2300
f 2300 2323 2324
f 2300 2324 2301
f 2301 2324 2325
f 2301 2325 2302
f 2302 2325 2326
f 2302 2326 2303
f 2303 2326 2327
f 2303 2327 2304
f 2304 2327 2328
f 2304 2328 2305
f 2305 2328 2329
f 2305 2329 2306
f 2306 2329 2330
f 2306 2330 2307
f 2307 2330 2331
f 1632 1629 2332
f 1632 2332 2308
f 2308 2332 2333
f 2308 2333 2309
f 2309 2333 2334
f 2309 2334 2310
f 2310 2334 2335
f 2310 2335 2311
f 2311 2335 2336
f 2311 2336 2312
f 2312 2336 2337
f 2312 2337 2313
f 2313 2337 2338
f 2313 2338 2314
f 2314 2338 2339
f 2314 2339 2315
f 2315 2339 2340
f 2315 2340 2316
f 2316 2340 2341
f 2316 2341 2317
f 2317 2341 2342
f 2317 2342 2318
f 2318 2342 2343
f 2318 2343 2319
f 2319 2343 2344
f 2319 2344 2320
f 2320 2344 2345
f 2320 2345 2321
f 2321 2345 2346
f 2321 2346 2322
f 2322 2346 2347
f 2322 2347 2323
f 2323 2347 2348
f 2323 2348 2324
f 2324 2348 2349
f 2324 2349 2325
f 2325 2349 2350
f 2325 2350 2326
f 2326 2350 2351
f 2326 2351 2327
f 2327 2351 2352
f 2327 2352 2328
f 2328 2352 2353
f 2328 2353 2329
f 2329 2353 2354
f 2329 2354 2330
f 2330 2354 2355
f 2330 2355 2331
f 2331 2355 2356
f 1629 1627 2357
f 1629 2357 2332
f 2332 2357 2358
f 2332 2358 2333
f 2333 2358 2359
f 2333 2359 2334
f 2334 2359 2360
f 2334 2360 2335
f 2335 2360 2361
f 2335 2361 2336
f 2336 2361 2362
f 2336 2362 2337
f 2337 2362 2363
f 2337 2363 2338
f 2338 2363 2364
f 2338 2364 2339
f 2339 2364 2365
f 2339 2365 2340
f 2340 2365 2366
f 2340 2366 2341
f 2341 2366 2367
f 2341 2367 2342
f 2342 2367 2368
f 2342 2368 2343
f 2343 2368 2369
f 2343 2369 2344
f 2344 2369 2370
f 2344 2370 2345
f 2345 2370 2371
f 2345 2371 2346
f 2346 2371 2372
f 2346 2372 2347
f 2347 2372 2373
f 2347 2373 2348
f 2348 2373 2374
f 2348 2374 2349
f 2349 2374 2375
f 2349 2375 2350
f 2350 2375 2376
f 2350 2376 2351
f 2351 2376 2377
f 2351 2377 2352
f 2352 2377 2378
f 2352 2378 2353
f 2353 2378 2379
f 2353 2379 2354
f 2354 2379 2380
f 2354 2380 2355
f 2355 2380 2381
f 2355 2381 2356
f 2356 2381 2382
f 1627 1626 2383
f 1627 2383 2357
f 2357 2383 2384
f 2357 2384 2358
f 2358 2384 2385
f 2358 2385 2359
f 2359 2385 2386
f 2359 2386 2360
f 2360 2386 2387
f 2360 2387 2361
f 2361 2387 2388
f 2361 2388 2362
f 2362 2388 2389
f 2362 2389 2363
f 2363 2389 2390
f 2363 2390 2364
f 2364 2390 2391
f 2364 2391 2365
f 2365 2391 2392
f 2365 2392 2366
f 2366 2392 2393
f 2366 2393 2367
f 2367 2393 2394
f 2367 2394 2368
f 2368 2394 2395
f 2368 2395 2369
f 2369 2395 2396
f 2369 2396 2370
f 2370 2396 2397
f 2370 2397 2371
f 2371 2397 2398
f 2371 2398 2372
f 2372 2398 2399
f 2372 2399 2373
f 2373 2399 2400
f 2373 2400 2374
f 2374 2400 2401
f 2374 2401 2375
f 2375 2401 2402
f 2375 2402 2376
f 2376 2402 2403
f 2376 2403 2377
f 2377 2403 2404
f 2377 2404 2378
f 2378 2404 2405
f 2378 2405 2379
f 2379 2405 2406
f 2379 2406 2380
f 2380 2406 2407
f 2380 2407 2381
f 2381 2407 2408
f 2381 2408 2382
f 2382 2408 2409
f 1626 1220 1248
f 1626 1248 2383
f 2383 1248 1250
f 2383 1250 2384
f 2384 1250 1253
f 2384 1253 2385
f 2385 1253 1257
f 2385 1257 2386
f 2386 1257 1262
f 2386 1262 2387
f 2387 1262 1268
f 2387 1268 2388
f 2388 1268 1275
f 2388 1275 2389
f 2389 1275 1283
f 2389 1283 2390
f 2390 1283 1292
f 2390 1292 2391
f 2391 1292 1302
f 2391 1302 2392
f 2392 1302 1313
f 2392 1313 2393
f 2393 1313 1325
f 2393 1325 2394
f 2394 1325 1338
f 2394 1338 2395
f 2395 1338 1352
f 2395 1352 2396
f 2396 1352 1367
f 2396 1367 2397
f 2397 1367 1383
f 2397 1383 2398
f 2398 1383 1400
f 2398 1400 2399
f 2399 1400 1418
f 2399 1418 2400
f 2400 1418 1437
f 2400 1437 2401
f 2401 1437 1457
f 2401 1457 2402
f 2402 1457 1478
f 2402 1478 2403
f 2403 1478 1500
f 2403 1500 2404
f 2404 1500 1523
f 2404 1523 2405
f 2405 1523 1547
f 2405 1547 2406
f 2406 1547 1572
f 2406 1572 2407
f 2407 1572 1598
f 2407 1598 2408
f 2408 1598 1625
f 2408 1625 2409
f 2409 1625 841
f 2004 2410 2005
f 2410 2411 2412
f 2410 2412 2005
f 2005 2412 2006
f 2411 2413 2414
f 2411 2414 2412
f 2412 2414 2415
f 2412 2415 2006
f 2006 2415 2007
f 2413 2416 2417
f 2413 2417 2414
f 2414 2417 2418
f 2414 2418 2415
f 2415 2418 2419
f 2415 2419 2007
f 2007 2419 2008
f 2416 2420 2421
f 2416 2421 2417
f 2417 2421 2422
f 2417 2422 2418
f 2418 2422 2423
f 2418 2423 2419
f 2419 2423 2424
f 2419 2424 2008
f 2008 2424 2009
f 2420 2425 2426
f 2420 2426 2421
f 2421 2426 2427
f 2421 2427 2422
f 2422 2427 2428
f 2422 2428 2423
f 2423 2428 2429
f 2423 2429 2424
f 2424 2429 2430
f 2424 2430 2009
f 2009 2430 2010
f 2425 2431 2432
f 2425 2432 2426
f 2426 2432 2433
f 2426 2433 2427
f 2427 2433 2434
f 2427 2434 2428
f 2428 2434 2435
f 2428 2435 2429
f 2429 2435 2436
f 2429 2436 2430
f 2430 2436 2437
f 2430 2437 2010
f 2010 2437 2011
f 2431 2438 2439
f 2431 2439 2432
f 2432 2439 2440
f 2432 2440 2433
f 2433 2440 2441
f 2433 2441 2434
f 2434 2441 2442
f 2434 2442 2435
f 2435 2442 2443
f 2435 2443 2436
f 2436 2443 2444
f 2436 2444 2437
f 2437 2444 2445
f 2437 2445 2011
f 2011 2445 2012
f 2438 2446 2447
f 2438 2447 2439
f 2439 2447 2448
f 2439 2448 2440
f 2440 2448 2449
f 2440 2449 2441
f 2441 2449 2450
f 2441 2450 2442
f 2442 2450 2451
f 2442 2451 2443
f 2443 2451 2452
f 2443 2452 2444
f 2444 2452 2453
f 2444 2453 2445
f 2445 2453 2454
f 2445 2454 2012
f 2012 2454 2013
f 2446 2455 2456
f 2446 2456 2447
f 2447 2456 2457
f 2447 2457 2448
f 2448 2457 2458
f 2448 2458 2449
f 2449 2458 2459
f 2449 2459 2450
f 2450 2459 2460
f 2450 2460 2451
f 2451 2460 2461
f 2451 2461 2452
f 2452 2461 2462
f 2452 2462 2453
f 2453 2462 2463
f 2453 2463 2454
f 2454 2463 2464
f 2454 2464 2013
f 2013 2464 2014
f 2455 2465 2466
f 2455 2466 2456
f 2456 2466 2467
f 2456 2467 2457
f 2457 2467 2468
f 2457 2468 2458
f 2458 2468 2469
f 2458 2469 2459
f 2459 2469 2470
f 2459 2470 2460
f 2460 2470 2471
f 2460 2471 2461
f 2461 2471 2472
f 2461 2472 2462
f 2462 2472 2473
f 2462 2473 2463
f 2463 2473 2474
f 2463 2474 2464
f 2464 2474 2475
f 2464 2475 2014
f 2014 2475 2015
f 2465 2476 2477
f 2465 2477 2466
f 2466 2477 2478
f 2466 2478 2467
f 2467 2478 2479
f 2467 2479 2468
f 2468 2479 2480
f 2468 2480 2469
f 2469 2480 2481
f 2469 2481 2470
f 2470 2481 2482
f 2470 2482 2471
f 2471 2482 2483
f 2471 2483 2472
f 2472 2483 2484
f 2472 2484 2473
f 2473 2484 2485
f 2473 2485 2474
f 2474 2485 2486
f 2474 2486 2475
f 2475 2486 2487
f 2475 2487 2015
f 2015 2487 2016
f 2476 2488 2489
f 2476 2489 2477
f 2477 2489 2490
f 2477 2490 2478
f 2478 2490 2491
f 2478 2491 2479
f 2479 2491 2492
f 2479 2492 2480
f 2480 2492 2493
f 2480 2493 2481
f 2481 2493 2494
f 2481 2494 2482
f 2482 2494 2495
f 2482 2495 2483
f 2483 2495 2496
f 2483 2496 2484
f 2484 2496 2497
f 2484 2497 2485
f 2485 2497 2498
f 2485 2498 2486
f 2486 2498 2499
f 2486 2499 2487
f 2487 2499 2500
f 2487 2500 2016
f 2016 2500 2017
f 2488 2501 2502
f 2488 2502 2489
f 2489 2502 2503
f 2489 2503 2490
f 2490 2503 2504
f 2490 2504 2491
f 2491 2504 2505
f 2491 2505 2492
f 2492 2505 2506
f 2492 2506 2493
f 2493 2506 2507
f 2493 2507 2494
f 2494 2507 2508
f 2494 2508 2495
f 2495 2508 2509
f 2495 2509 2496
f 2496 2509 2510
f 2496 2510 2497
f 2497 2510 2511
f 2497 2511 2498
f 2498 2511 2512
f 2498 2512 2499
f 2499 2512 2513
f 2499 2513 2500
f 2500 2513 2514
f 2500 2514 2017
f 2017 2514 2018
f 2501 2515 2516
f 2501 2516 2502
f 2502 2516 2517
f 2502 2517 2503
f 2503 2517 2518
f 2503 2518 2504
f 2504 2518 2519
f 2504 2519 2505
f 2505 2519 2520
f 2505 2520 2506
f 2506 2520 2521
f 2506 2521 2507
f 2507 2521 2522
f 2507 2522 2508
f 2508 2522 2523
f 2508 2523 2509
f 2509 2523 2524
f 2509 2524 2510
f 2510 2524 2525
f 2510 2525 2511
f 2511 2525 2526
f 2511 2526 2512
f 2512 2526 2527
f 2512 2527 2513
f 2513 2527 2528
f 2513 2528 2514
f 2514 2528 2529
f 2514 2529 2018
f 2018 2529 2019
f 2515 2530 2531
f 2515 2531 2516
f 2516 2531 2532
f 2516 2532 2517
f 2517 2532 2533
f 2517 2533 2518
f 2518 2533 2534
f 2518 2534 2519
f 2519 2534 2535
f 2519 2535 2520
f 2520 2535 2536
f 2520 2536 2521
f 2521 2536 2537
f 2521 2537 2522
f 2522 2537 2538
f 2522 2538 2523
f 2523 2538 2539
f 2523 2539 2524
f 2524 2539 2540
f 2524 2540 2525
f 2525 2540 2541
f 2525 2541 2526
f 2526 2541 2542
f 2526 2542 2527
f 2527 2542 2543
f 2527 2543 2528
f 2528 2543 2544
f 2528 2544 2529
f 2529 2544 2545
f 2529 2545 2019
f 2019 2545 2020
f 2530 2546 2547
f 2530 2547 2531
f 2531 2547 2548
f 2531 2548 2532
f 2532 2548 2549
f 2532 2549 2533
f 2533 2549 2550
f 2533 2550 2534
f 2534 2550 2551
f 2534 2551 2535
f 2535 2551 2552
f 2535 2552 2536
f 2536 2552 2553
f 2536 2553 2537
f 2537 2553 2554
f 2537 2554 2538
f 2538 2554 2555
f 2538 2555 2539
f 2539 2555 2556
f 2539 2556 2540
f 2540 2556 2557
f 2540 2557 2541
f 2541 2557 2558
f 2541 2558 2542
f 2542 2558 2559
f 2542 2559 2543
f 2543 2559 2560
f 2543 2560 2544
f 2544 2560 2561
f 2544 2561 2545
f 2545 2561 2562
f 2545 2562 2020
f 2020 2562 2021
f 2546 2563 2564
f 2546 2564 2547
f 2547 2564 2565
f 2547 2565 2548
f 2548 2565 2566
f 2548 2566 2549
f 2549 2566 2567
f 2549 2567 2550
f 2550 2567 2568
f 2550 2568 2551
f 2551 2568 2569
f 2551 2569 2552
f 2552 2569 2570
f 2552 2570 2553
f 2553 2570 2571
f 2553 2571 2554
f 2554 2571 2572
f 2554 2572 2555
f 2555 2572 2573
f 2555 2573 2556
f 2556 2573 2574
f 2556 2574 2557
f 2557 2574 2575
f 2557 2575 2558
f 2558 2575 2576
f 2558 2576 2559
f 2559 2576 2577
f 2559 2577 2560
f 2560 2577 2578
f 2560 2578 2561
f 2561 2578 2579
f 2561 2579 2562
f 2562 2579 2580
f 2562 2580 2021
f 2021 2580 2022
f 2563 2581 2582
f 2563 2582 2564
f 2564 2582 2583
f 2564 2583 2565
f 2565 2583 2584
f 2565 2584 2566
f 2566 2584 2585
f 2566 2585 2567
f 2567 2585 2586
f 2567 2586 2568
f 2568 2586 2587
f 2568 2587 2569
f 2569 2587 2588
f 2569 2588 2570
f 2570 2588 2589
f 2570 2589 2571
f 2571 2589 2590
f 2571 2590 2572
f 2572 2590 2591
f 2572 2591 2573
f 2573 2591 2592
f 2573 2592 2574
f 2574 2592 2593
f 2574 2593 2575
f 2575 2593 2594
f 2575 2594 2576
f 2576 2594 2595
f 2576 2595 2577
f 2577 2595 2596
f 2577 2596 2578
f 2578 2596 2597
f 2578 2597 2579
f 2579 2597 2598
f 2579 2598 2580
f 2580 2598 2599
f 2580 2599 2022
f 2022 2599 2023
f 2581 2600 2601
f 2581 2601 2582
f 2582 2601 2602
f 2582 2602 2583
f 2583 2602 2603
f 2583 2603 2584
f 2584 2603 2604
f 2584 2604 2585
f 2585 2604 2605
f 2585 2605 2586
f 2586 2605 2606
f 2586 2606 2587
f 2587 2606 2607
f 2587 2607 2588
f 2588 2607 2608
f 2588 2608 2589
f 2589 2608 2609
f 2589 2609 2590
f 2590 2609 2610
f 2590 2610 2591
f 2591 2610 2611
f 2591 2611 2592
f 2592 2611 2612
f 2592 2612 2593
f 2593 2612 2613
f 2593 2613 2594
f 2594 2613 2614
f 2594 2614 2595
f 2595 2614 2615
f 2595 2615 2596
f 2596 2615 2616
f 2596 2616 2597
f 2597 2616 2617
f 2597 2617 2598
f 2598 2617 2618
f 2598 2618 2599
f 2599 2618 2619
f 2599 2619 2023
f 2023 2619 2024
f 2600 2620 2621
f 2600 2621 2601
f 2601 2621 2622
f 2601 2622 2602
f 2602 2622 2623
f 2602 2623 2603
f 2603 2623 2624
f 2603 2624 2604
f 2604 2624 2625
f 2604 2625 2605
f 2605 2625 2626
f 2605 2626 2606
f 2606 2626 2627
f 2606 2627 2607
f 2607 2627 2628
f 2607 2628 2608
f 2608 2628 2629
f 2608 2629 2609
f 2609 2629 2630
f 2609 2630 2610
f 2610 2630 2631
f 2610 2631 2611
f 2611 2631 2632
f 2611 2632 2612
f 2612 2632 2633
f 2612 2633 2613
f 2613 2633 2634
f 2613 2634 2614
f 2614 2634 2635
f 2614 2635 2615
f 2615 2635 2636
f 2615 2636 2616
f 2616 2636 2637
f 2616 2637 2617
f 2617 2637 2638
f 2617 2638 2618
f 2618 2638 2639
f 2618 2639 2619
f 2619 2639 2640
f 2619 2640 2024
f 2024 2640 2025
f 2620 2641 2642
f 2620 2642 2621
f 2621 2642 2643
f 2621 2643 2622
f 2622 2643 2644
f 2622 2644 2623
f 2623 2644 2645
f 2623 2645 2624
f 2624 2645 2646
f 2624 2646 2625
f 2625 2646 2647
f 2625 2647 2626
f 2626 2647 2648
f 2626 2648 2627
f 2627 2648 2649
f 2627 2649 2628
f 2628 2649 2650
f 2628 2650 2629
f 2629 2650 2651
f 2629 2651 2630
f 2630 2651 2652
f 2630 2652 2631
f 2631 2652 2653
f 2631 2653 2632
f 2632 2653 2654
f 2632 2654 2633
f 2633 2654 2655
f 2633 2655 2634
f 2634 2655 2656
f 2634 2656 2635
f 2635 2656 2657
f 2635 2657 2636
f 2636 2657 2658
f 2636 2658 2637
f 2637 2658 2659
f 2637 2659 2638
f 2638 2659 2660
f 2638 2660 2639
f 2639 2660 2661
f 2639 2661 2640
f 2640 2661 2662
f 2640 2662 2025
f 2025 2662 2026
f 2641 2663 2664
f 2641 2664 2642
f 2642 2664 2665
f 2642 2665 2643
f 2643 2665 2666
f 2643 2666 2644
f 2644 2666 2667
f 2644 2667 2645
f 2645 2667 2668
f 2645 2668 2646
f 2646 2668 2669
f 2646 2669 2647
f 2647 2669 2670
f 2647 2670 2648
f 2648 2670 2671
f 2648 2671 2649
f 2649 2671 2672
f 2649 2672 2650
f 2650 2672 2673
f 2650 2673 2651
f 2651 2673 2674
f 2651 2674 2652
f 2652 2674 2675
f 2652 2675 2653
f 2653 2675 2676
f 2653 2676 2654
f 2654 2676 2677
f 2654 2677 2655
f 2655 2677 2678
f 2655 2678 2656
f 2656 2678 2679
f 2656 2679 2657
f 2657 2679 2680
f 2657 2680 2658
f 2658 2680 2681
f 2658 2681 2659
f 2659 2681 2682
f 2659 2682 2660
f 2660 2682 2683
f 2660 2683 2661
f 2661 2683 2684
f 2661 2684 2662
f 2662 2684 2685
f 2662 2685 2026
f 2026 2685 2027
f 2663 2686 2687
f 2663 2687 2664
f 2664 2687 2688
f 2664 2688 2665
f 2665 2688 2689
f 2665 2689 2666
f 2666 2689 2690
f 2666 2690 2667
f 2667 2690 2691
f 2667 2691 2668
f 2668 2691 2692
f 2668 2692 2669
f 2669 2692 2693
f 2669 2693 2670
f 2670 2693 2694
f 2670 2694 2671
f 2671 2694 2695
f 2671 2695 2672
f 2672 2695 2696
f 2672 2696 2673
f 2673 2696 2697
f 2673 2697 2674
f 2674 2697 2698
f 2674 2698 2675
f 2675 2698 2699
f 2675 2699 2676
f 2676 2699 2700
f 2676 2700 2677
f 2677 2700 2701
f 2677 2701 2678
f 2678 2701 2702
f 2678 2702 2679
f 2679 2702 2703
f 2679 2703 2680
f 2680 2703 2704
f 2680 2704 2681
f 2681 2704 2705
f 2681 2705 2682
f 2682 2705 2706
f 2682 2706 2683
f 2683 2706 2707
f 2683 2707 2684
f 2684 2707 2708
f 2684 2708 2685
f 2685 2708 2709
f 2685 2709 2027
f 2027 2709 2028
f 2686 2710 2711
f 2686 2711 2687
f 2687 2711 2712
f 2687 2712 2688
f 2688 2712 2713
f 2688 2713 2689
f 2689 2713 2714
f 2689 2714 2690
f 2690 2714 2715
f 2690 2715 2691
f 2691 2715 2716
f 2691 2716 2692
f 2692 2716 2717
f 2692 2717 2693
f 2693 2717 2718
f 2693 2718 2694
f 2694 2718 2719
f 2694 2719 2695
f 2695 2719 2720
f 2695 2720 2696
f 2696 2720 2721
f 2696 2721 2697
f 2697 2721 2722
f 2697 2722 2698
f 2698 2722 2723
f 2698 2723 2699
f 2699 2723 2724
f 2699 2724 2700
f 2700 2724 2725
f 2700 2725 2701
f 2701 2725 2726
f 2701 2726 2702
f 2702 2726 2727
f 2702 2727 2703
f 2703 2727 2728
f 2703 2728 2704
f 2704 2728 2729
f 2704 2729 2705
f 2705 2729 2730
f 2705 2730 2706
f 2706 2730 2731
f 2706 2731 2707
f 2707 2731 2732
f 2707 2732 2708
f 2708 2732 2733
f 2708 2733 2709
f 2709 2733 2734
f 2709 2734 2028
f 2028 2734 2029
f 2710 2735 2736
f 2710 2736 2711
f 2711 2736 2737
f 2711 2737 2712
f 2712 2737 2738
f 2712 2738 2713
f 2713 2738 2739
f 2713 2739 2714
f 2714 2739 2740
f 2714 2740 2715
f 2715 2740 2741
f 2715 2741 2716
f 2716 2741 2742
f 2716 2742 2717
f 2717 2742 2743
f 2717 2743 2718
f 2718 2743 2744
f 2718 2744 2719
f 2719 2744 2745
f 2719 2745 2720
f 2720 2745 2746
f 2720 2746 2721
f 2721 2746 2747
f 2721 2747 2722
f 2722 2747 2748
f 2722 2748 2723
f 2723 2748 2749
f 2723 2749 2724
f 2724 2749 2750
f 2724 2750 2725
f 2725 2750 2751
f 2725 2751 2726
f 2726 2751 2752
f 2726 2752 2727
f 2727 2752 2753
f 2727 2753 2728
f 2728 2753 2754
f 2728 2754 2729
f 2729 2754 2755
f 2729 2755 2730
f 2730 2755 2756
f 2730 2756 2731
f 2731 2756 2757
f 2731 2757 2732
f 2732 2757 2758
f 2732 2758 2733
f 2733 2758 2759
f 2733 2759 2734
f 2734 2759 2760
f 2734 2760 2029
f 2029 2760 2030
f 2735 2761 2762
f 2735 2762 2736
f 2736 2762 2763
f 2736 2763 2737
f 2737 2763 2764
f 2737 2764 2738
f 2738 2764 2765
f 2738 2765 2739
f 2739 2765 2766
f 2739 2766 2740
f 2740 2766 2767
f 2740 2767 2741
f 2741 2767 2768
f 2741 2768 2742
f 2742 2768 2769
f 2742 2769 2743
f 2743 2769 2770
f 2743 2770 2744
f 2744 2770 2771
f 2744 2771 2745
f 2745 2771 2772
f 2745 2772 2746
f 2746 2772 2773
f 2746 2773 2747
f 2747 2773 2774
f 2747 2774 2748
f 2748 2774 2775
f 2748 2775 2749
f 2749 2775 2776
f 2749 2776 2750
f 2750 2776 2777
f 2750 2777 2751
f 2751 2777 2778
f 2751 2778 2752
f 2752 2778 2779
f 2752 2779 2753
f 2753 2779 2780
f 2753 2780 2754
f 2754 2780 2781
f 2754 2781 2755
f 2755 2781 2782
f 2755 2782 2756
f 2756 2782 2783
f 2756 2783 2757
f 2757 2783 2784
f 2757 2784 2758
f 2758 2784 2785
f 2758 2785 2759
f 2759 2785 2786
f 2759 2786 2760
f 2760 2786 2787
f 2760 2787 2030
f 2030 2787 2031
f 2761 2788 2789
f 2761 2789 2762
f 2762 2789 2790
f 2762 2790 2763
f 2763 2790 2791
f 2763 2791 2764
f 2764 2791 2792
f 2764 2792 2765
f 2765 2792 2793
f 2765 2793 2766
f 2766 2793 2794
f 2766 2794 2767
f 2767 2794 2795
f 2767 2795 2768
f 2768 2795 2796
f 2768 2796 2769
f 2769 2796 2797
f 2769 2797 2770
f 2770 2797 2798
f 2770 2798 2771
f 2771 2798 2799
f 2771 2799 2772
f 2772 2799 2800
f 2772 2800 2773
f 2773 2800 2801
f 2773 2801 2774
f 2774 2801 2802
f 2774 2802 2775
f 2775 2802 2803
f 2775 2803 2776
f 2776 2803 2804
f 2776 2804 2777
f 2777 2804 2805
f 2777 2805 2778
f 2778 2805 2806
f 2778 2806 2779
f 2779 2806 2807
f 2779 2807 2780
f 2780 2807 2808
f 2780 2808 2781
f 2781 2808 2809
f 2781 2809 2782
f 2782 2809 2810
f 2782 2810 2783
f 2783 2810 2811
f 2783 2811 2784
f 2784 2811 2812
f 2784 2812 2785
f 2785 2812 2813
f 2785 2813 2786
f 2786 2813 2814
f 2786 2814 2787
f 2787 2814 2815
f 2787 2815 2031
f 2031 2815 435
f 2788 2761 2816
f 2761 2735 2817
f 2761 2817 2816
f 2816 2817 2818
f 2735 2710 2819
f 2735 2819 2817
f 2817 2819 2820
f 2817 2820 2818
f 2818 2820 2821
f 2710 2686 2822
f 2710 2822 2819
f 2819 2822 2823
f 2819 2823 2820
f 2820 2823 2824
f 2820 2824 2821
f 2821 2824 2825
f 2686 2663 2826
f 2686 2826 2822
f 2822 2826 2827
f 2822 2827 2823
f 2823 2827 2828
f 2823 2828 2824
f 2824 2828 2829
f 2824 2829 2825
f 2825 2829 2830
f 2663 2641 2831
f 2663 2831 2826
f 2826 2831 2832
f 2826 2832 2827
f 2827 2832 2833
f 2827 2833 2828
f 2828 2833 2834
f 2828 2834 2829
f 2829 2834 2835
f 2829 2835 2830
f 2830 2835 2836
f 2641 2620 2837
f 2641 2837 2831
f 2831 2837 2838
f 2831 2838 2832
f 2832 2838 2839
f 2832 2839 2833
f 2833 2839 2840
f 2833 2840 2834
f 2834 2840 2841
f 2834 2841 2835
f 2835 2841 2842
f 2835 2842 2836
f 2836 2842 2843
f 2620 2600 2844
f 2620 2844 2837
f 2837 2844 2845
f 2837 2845 2838
f 2838 2845 2846
f 2838 2846 2839
f 2839 2846 2847
f 2839 2847 2840
f 2840 2847 2848
f 2840 2848 2841
f 2841 2848 2849
f 2841 2849 2842
f 2842 2849 2850
f 2842 2850 2843
f 2843 2850 2851
f 2600 2581 2852
f 2600 2852 2844
f 2844 2852 2853
f 2844 2853 2845
f 2845 2853 2854
f 2845 2854 2846
f 2846 2854 2855
f 2846 2855 2847
f 2847 2855 2856
f 2847 2856 2848
f 2848 2856 2857
f 2848 2857 2849
f 2849 2857 2858
f 2849 2858 2850
f 2850 2858 2859
f 2850 2859 2851
f 2851 2859 2860
f 2581 2563 2861
f 2581 2861 2852
f 2852 2861 2862
f 2852 2862 2853
f 2853 2862 2863
f 2853 2863 2854
f 2854 2863 2864
f 2854 2864 2855
f 2855 2864 2865
f 2855 2865 2856
f 2856 2865 2866
f 2856 2866 2857
f 2857 2866 2867
f 2857 2867 2858
f 2858 2867 2868
f 2858 2868 2859
f 2859 2868 2869
f 2859 2869 2860
f 2860 2869 2870
f 2563 2546 2871
f 2563 2871 2861
f 2861 2871 2872
f 2861 2872 2862
f 2862 2872 2873
f 2862 2873 2863
f 2863 2873 2874
f 2863 2874 2864
f 2864 2874 2875
f 2864 2875 2865
f 2865 2875 2876
f 2865 2876 2866
f 2866 2876 2877
f 2866 2877 2867
f 2867 2877 2878
f 2867 2878 2868
f 2868 2878 2879
f 2868 2879 2869
f 2869 2879 2880
f 2869 2880 2870
f 2870 2880 2881
f 2546 2530 2882
f 2546 2882 2871
f 2871 2882 2883
f 2871 2883 2872
f 2872 2883 2884
f 2872 2884 2873
f 2873 2884 2885
f 2873 2885 2874
f 2874 2885 2886
f 2874 2886 2875
f 2875 2886 2887
f 2875 2887 2876
f 2876 2887 2888
f 2876 2888 2877
f 2877 2888 2889
f 2877 2889 2878
f 2878 2889 2890
f 2878 2890 2879
f 2879 2890 2891
f 2879 2891 2880
f 2880 2891 2892
f 2880 2892 2881
f 2881 2892 2893
f 2530 2515 2894
f 2530 2894 2882
f 2882 2894 2895
f 2882 2895 2883
f 2883 2895 2896
f 2883 2896 2884
f 2884 2896 2897
f 2884 2897 2885
f 2885 2897 2898
f 2885 2898 2886
f 2886 2898 2899
f 2886 2899 2887
f 2887 2899 2900
f 2887 2900 2888
f 2888 2900 2901
f 2888 2901 2889
f 2889 2901 2902
f 2889 2902 2890
f 2890 2902 2903
f 2890 2903 2891
f 2891 2903 2904
f 2891 2904 2892
f 2892 2904 2905
f 2892 2905 2893
f 2893 2905 2906
f 2515 2501 2907
f 2515 2907 2894
f 2894 2907 2908
f 2894 2908 2895
f 2895 2908 2909
f 2895 2909 2896
f 2896 2909 2910
f 2896 2910 2897
f 2897 2910 2911
f 2897 2911 2898
f 2898 2911 2912
f 2898 2912 2899
f 2899 2912 2913
f 2899 2913 2900
f 2900 2913 2914
f 2900 2914 2901
f 2901 2914 2915
f 2901 2915 2902
f 2902 2915 2916
f 2902 2916 2903
f 2903 2916 2917
f 2903 2917 2904
f 2904 2917 2918
f 2904 2918 2905
f 2905 2918 2919
f 2905 2919 2906
f 2906 2919 2920
f 2501 2488 2921
f 2501 2921 2907
f 2907 2921 2922
f 2907 2922 2908
f 2908 2922 2923
f 2908 2923 2909
f 2909 2923 2924
f 2909 2924 2910
f 2910 2924 2925
f 2910 2925 2911
f 2911 2925 2926
f 2911 2926 2912
f 2912 2926 2927
f 2912 2927 2913
f 2913 2927 2928
f 2913 2928 2914
f 2914 2928 2929
f 2914 2929 2915
f 2915 2929 2930
f 2915 2930 2916
f 2916 2930 2931
f 2916 2931 2917
f 2917 2931 2932
f 2917 2932 2918
f 2918 2932 2933
f 2918 2933 2919
f 2919 2933 2934
f 2919 2934 2920
f 2920 2934 2935
f 2488 2476 2936
f 2488 2936 2921
f 2921 2936 2937
f 2921 2937 2922
f 2922 2937 2938
f 2922 2938 2923
f 2923 2938 2939
f 2923 2939 2924
f 2924 2939 2940
f 2924 2940 2925
f 2925 2940 2941
f 2925 2941 2926
f 2926 2941 2942
f 2926 2942 2927
f 2927 2942 2943
f 2927 2943 2928
f 2928 2943 2944
f 2928 2944 2929
f 2929 2944 2945
f 2929 2945 2930
f 2930 2945 2946
f 2930 2946 2931
f 2931 2946 2947
f 2931 2947 2932
f 2932 2947 2948
f 2932 2948 2933
f 2933 2948 2949
f 2933 2949 2934
f 2934 2949 2950
f 2934 2950 2935
f 2935 2950 2951
f 2476 2465 2952
f 2476 2952 2936
f 2936 2952 2953
f 2936 2953 2937
f 2937 2953 2954
f 2937 2954 2938
f 2938 2954 2955
f 2938 2955 2939
f 2939 2955 2956
f 2939 2956 2940
f 2940 2956 2957
f 2940 2957 2941
f 2941 2957 2958
f 2941 2958 2942
f 2942 2958 2959
f 2942 2959 2943
f 2943 2959 2960
f 2943 2960 2944
f 2944 2960 2961
f 2944 2961 2945
f 2945 2961 2962
f 2945 2962 2946
f 2946 2962 2963
f 2946 2963 2947
f 2947 2963 2964
f 2947 2964 2948
f 2948 2964 2965
f 2948 2965 2949
f 2949 2965 2966
f 2949 2966 2950
f 2950 2966 2967
f 2950 2967 2951
f 2951 2967 2968
f 2465 2455 2969
f 2465 2969 2952
f 2952 2969 2970
f 2952 2970 2953
f 2953 2970 2971
f 2953 2971 2954
f 2954 2971 2972
f 2954 2972 2955
f 2955 2972 2973
f 2955 2973 2956
f 2956 2973 2974
f 2956 2974 2957
f 2957 2974 2975
f 2957 2975 2958
f 2958 2975 2976
f 2958 2976 2959
f 2959 2976 2977
f 2959 2977 2960
f 2960 2977 2978
f 2960 2978 2961
f 2961 2978 2979
f 2961 2979 2962
f 2962 2979 2980
f 2962 2980 2963
f 2963 2980 2981
f 2963 2981 2964
f 2964 2981 2982
f 2964 2982 2965
f 2965 2982 2983
f 2965 2983 2966
f 2966 2983 2984
f 2966 2984 2967
f 2967 2984 2985
f 2967 2985 2968
f 2968 2985 2986
f 2455 2446 2987
f 2455 2987 2969
f 2969 2987 2988
f 2969 2988 2970
f 2970 2988 2989
f 2970 2989 2971
f 2971 2989 2990
f 2971 2990 2972
f 2972 2990 2991
f 2972 2991 2973
f 2973 2991 2992
f 2973 2992 2974
f 2974 2992 2993
f 2974 2993 2975
f 2975 2993 2994
f 2975 2994 2976
f 2976 2994 2995
f 2976 2995 2977
f 2977 2995 2996
f 2977 2996 2978
f 2978 2996 2997
f 2978 2997 2979
f 2979 2997 2998
f 2979 2998 2980
f 2980 2998 2999
f 2980 2999 2981
f 2981 2999 3000
f 2981 3000 2982
f 2982 3000 3001
f 2982 3001 2983
f 2983 3001 3002
f 2983 3002 2984
f 2984 3002 3003
f 2984 3003 2985
f 2985 3003 3004
f 2985 3004 2986
f 2986 3004 3005
f 2446 2438 3006
f 2446 3006 2987
f 2987 3006 3007
f 2987 3007 2988
f 2988 3007 3008
f 2988 3008 2989
f 2989 3008 3009
f 2989 3009 2990
f 2990 3009 3010
f 2990 3010 2991
f 2991 3010 3011
f 2991 3011 2992
f 2992 3011 3012
f 2992 3012 2993
f 2993 3012 3013
f 2993 3013 2994
f 2994 3013 3014
f 2994 3014 2995
f 2995 3014 3015
f 2995 3015 2996
f 2996 3015 3016
f 2996 3016 2997
f 2997 3016 3017
f 2997 3017 2998
f 2998 3017 3018
f 2998 3018 2999
f 2999 3018 3019
f 2999 3019 3000
f 3000 3019 3020
f 3000 3020 3001
f 3001 3020 3021
f 3001 3021 3002
f 3002 3021 3022
f 3002 3022 3003
f 3003 3022 3023
f 3003 3023 3004
f 3004 3023 3024
f 3004 3024 3005
f 3005 3024 3025
f 2438 2431 3026
f 2438 3026 3006
f 3006 3026 3027
f 3006 3027 3007
f 3007 3027 3028
f 3007 3028 3008
f 3008 3028 3029
f 3008 3029 3009
f 3009 3029 3030
f 3009 3030 3010
f 3010 3030 3031
f 3010 3031 3011
f 3011 3031 3032
f 3011 3032 3012
f 3012 3032 3033
f 3012 3033 3013
f 3013 3033 3034
f 3013 3034 3014
f 3014 3034 3035
f 3014 3035 3015
f 3015 3035 3036
f 3015 3036 3016
f 3016 3036 3037
f 3016 3037 3017
f 3017 3037 3038
f 3017 3038 3018
f 3018 3038 3039
f 3018 3039 3019
f 3019 3039 3040
f 3019 3040 3020
f 3020 3040 3041
f 3020 3041 3021
f 3021 3041 3042
f 3021 3042 3022
f 3022 3042 3043
f 3022 3043 3023
f 3023 3043 3044
f 3023 3044 3024
f 3024 3044 3045
f 3024 3045 3025
f 3025 3045 3046
f 2431 2425 3047
f 2431 3047 3026
f 3026 3047 3048
f 3026 3048 3027
f 3027 3048 3049
f 3027 3049 3028
f 3028 3049 3050
f 3028 3050 3029
f 3029 3050 3051
f 3029 3051 3030
f 3030 3051 3052
f 3030 3052 3031
f 3031 3052 3053
f 3031 3053 3032
f 3032 3053 3054
f 3032 3054 3033
f 3033 3054 3055
f 3033 3055 3034
f 3034 3055 3056
f 3034 3056 3035
f 3035 3056 3057
f 3035 3057 3036
f 3036 3057 3058
f 3036 3058 3037
f 3037 3058 3059
f 3037 3059 3038
f 3038 3059 3060
f 3038 3060 3039
f 3039 3060 3061
f 3039 3061 3040
f 3040 3061 3062
f 3040 3062 3041
f 3041 3062 3063
f 3041 3063 3042
f 3042 3063 3064
f 3042 3064 3043
f 3043 3064 3065
f 3043 3065 3044
f 3044 3065 3066
f 3044 3066 3045
f 3045 3066 3067
f 3045 3067 3046
f 3046 3067 3068
f 2425 2420 3069
f 2425 3069 3047
f 3047 3069 3070
f 3047 3070 3048
f 3048 3070 3071
f 3048 3071 3049
f 3049 3071 3072
f 3049 3072 3050
f 3050 3072 3073
f 3050 3073 3051
f 3051 3073 3074
f 3051 3074 3052
f 3052 3074 3075
f 3052 3075 3053
f 3053 3075 3076
f 3053 3076 3054
f 3054 3076 3077
f 3054 3077 3055
f 3055 3077 3078
f 3055 3078 3056
f 3056 3078 3079
f 3056 3079 3057
f 3057 3079 3080
f 3057 3080 3058
f 3058 3080 3081
f 3058 3081 3059
f 3059 3081 3082
f 3059 3082 3060
f 3060 3082 3083
f 3060 3083 3061
f 3061 3083 3084
f 3061 3084 3062
f 3062 3084 3085
f 3062 3085 3063
f 3063 3085 3086
f 3063 3086 3064
f 3064 3086 3087
f 3064 3087 3065
f 3065 3087 3088
f 3065 3088 3066
f 3066 3088 3089
f 3066 3089 3067
f 3067 3089 3090
f 3067 3090 3068
f 3068 3090 3091
f 2420 2416 3092
f 2420 3092 3069
f 3069 3092 3093
f 3069 3093 3070
f 3070 3093 3094
f 3070 3094 3071
f 3071 3094 3095
f 3071 3095 3072
f 3072 3095 3096
f 3072 3096 3073
f 3073 3096 3097
f 3073 3097 3074
f 3074 3097 3098
f 3074 3098 3075
f 3075 3098 3099
f 3075 3099 3076
f 3076 3099 3100
f 3076 3100 3077
f 3077 3100 3101
f 3077 3101 3078
f 3078 3101 3102
f 3078 3102 3079
f 3079 3102 3103
f 3079 3103 3080
f 3080 3103 3104
f 3080 3104 3081
f 3081 3104 3105
f 3081 3105 3082
f 3082 3105 3106
f 3082 3106 3083
f 3083 3106 3107
f 3083 3107 3084
f 3084 3107 3108
f 3084 3108 3085
f 3085 3108 3109
f 3085 3109 3086
f 3086 3109 3110
f 3086 3110 3087
f 3087 3110 3111
f 3087 3111 3088
f 3088 3111 3112
f 3088 3112 3089
f 3089 3112 3113
f 3089 3113 3090
f 3090 3113 3114
f 3090 3114 3091
f 3091 3114 3115
f 2416 2413 3116
f 2416 3116 3092
f 3092 3116 3117
f 3092 3117 3093
f 3093 3117 3118
f 3093 3118 3094
f 3094 3118 3119
f 3094 3119 3095
f 3095 3119 3120
f 3095 3120 3096
f 3096 3120 3121
f 3096 3121 3097
f 3097 3121 3122
f 3097 3122 3098
f 3098 3122 3123
f 3098 3123 3099
f 3099 3123 3124
f 3099 3124 3100
f 3100 3124 3125
f 3100 3125 3101
f 3101 3125 3126
f 3101 3126 3102
f 3102 3126 3127
f 3102 3127 3103
f 3103 3127 3128
f 3103 3128 3104
f 3104 3128 3129
f 3104 3129 3105
f 3105 3129 3130
f 3105 3130 3106
f 3106 3130 3131
f 3106 3131 3107
f 3107 3131 3132
f 3107 3132 3108
f 3108 3132 3133
f 3108 3133 3109
f 3109 3133 3134
f 3109 3134 3110
f 3110 3134 3135
f 3110 3135 3111
f 3111 3135 3136
f 3111 3136 3112
f 3112 3136 3137
f 3112 3137 3113
f 3113 3137 3138
f 3113 3138 3114
f 3114 3138 3139
f 3114 3139 3115
f 3115 3139 3140
f 2413 2411 3141
f 2413 3141 3116
f 3116 3141 3142
f 3116 3142 3117
f 3117 3142 3143
f 3117 3143 3118
f 3118 3143 3144
f 3118 3144 3119
f 3119 3144 3145
f 3119 3145 3120
f 3120 3145 3146
f 3120 3146 3121
f 3121 3146 3147
f 3121 3147 3122
f 3122 3147 3148
f 3122 3148 3123
f 3123 3148 3149
f 3123 3149 3124
f 3124 3149 3150
f 3124 3150 3125
f 3125 3150 3151
f 3125 3151 3126
f 3126 3151 3152
f 3126 3152 3127
f 3127 3152 3153
f 3127 3153 3128
f 3128 3153 3154
f 3128 3154 3129
f 3129 3154 3155
f 3129 3155 3130
f 3130 3155 3156
f 3130 3156 3131
f 3131 3156 3157
f 3131 3157 3132
f 3132 3157 3158
f 3132 3158 3133
f 3133 3158 3159
f 3133 3159 3134
f 3134 3159 3160
f 3134 3160 3135
f 3135 3160 3161
f 3135 3161 3136
f 3136 3161 3162
f 3136 3162 3137
f 3137 3162 3163
f 3137 3163 3138
f 3138 3163 3164
f 3138 3164 3139
f 3139 3164 3165
f 3139 3165 3140
f 3140 3165 3166
f 2411 2410 3167
f 2411 3167 3141
f 3141 3167 3168
f 3141 3168 3142
f 3142 3168 3169
f 3142 3169 3143
f 3143 3169 3170
f 3143 3170 3144
f 3144 3170 3171
f 3144 3171 3145
f 3145 3171 3172
f 3145 3172 3146
f 3146 3172 3173
f 3146 3173 3147
f 3147 3173 3174
f 3147 3174 3148
f 3148 3174 3175
f 3148 3175 3149
f 3149 3175 3176
f 3149 3176 3150
f 3150 3176 3177
f 3150 3177 3151
f 3151 3177 3178
f 3151 3178 3152
f 3152 3178 3179
f 3152 3179 3153
f 3153 3179 3180
f 3153 3180 3154
f 3154 3180 3181
f 3154 3181 3155
f 3155 3181 3182
f 3155 3182 3156
f 3156 3182 3183
f 3156 3183 3157
f 3157 3183 3184
f 3157 3184 3158
f 3158 3184 3185
f 3158 3185 3159
f 3159 3185 3186
f 3159 3186 3160
f 3160 3186 3187
f 3160 3187 3161
f 3161 3187 3188
f 3161 3188 3162
f 3162 3188 3189
f 3162 3189 3163
f 3163 3189 3190
f 3163 3190 3164
f 3164 3190 3191
f 3164 3191 3165
f 3165 3191 3192
f 3165 3192 3166
f 3166 3192 3193
f 2410 2004 2032
f 2410 2032 3167
f 3167 2032 2034
f 3167 2034 3168
f 3168 2034 2037
f 3168 2037 3169
f 3169 2037 2041
f 3169 2041 3170
f 3170 2041 2046
f 3170 2046 3171
f 3171 2046 2052
f 3171 2052 3172
f 3172 2052 2059
f 3172 2059 3173
f 3173 2059 2067
f 3173 2067 3174
f 3174 2067 2076
f 3174 2076 3175
f 3175 2076 2086
f 3175 2086 3176
f 3176 2086 2097
f 3176 2097 3177
f 3177 2097 2109
f 3177 2109 3178
f 3178 2109 2122
f 3178 2122 3179
f 3179 2122 2136
f 3179 2136 3180
f 3180 2136 2151
f 3180 2151 3181
f 3181 2151 2167
f 3181 2167 3182
f 3182 2167 2184
f 3182 2184 3183
f 3183 2184 2202
f 3183 2202 3184
f 3184 2202 2221
f 3184 2221 3185
f 3185 2221 2241
f 3185 2241 3186
f 3186 2241 2262
f 3186 2262 3187
f 3187 2262 2284
f 3187 2284 3188
f 3188 2284 2307
f 3188 2307 3189
f 3189 2307 2331
f 3189 2331 3190
f 3190 2331 2356
f 3190 2356 3191
f 3191 2356 2382
f 3191 2382 3192
f 3192 2382 2409
f 3192 2409 3193
f 3193 2409 841
f 2788 3194 2789
f 3194 3195 3196
f 3194 3196 2789
f 2789 3196 2790
f 3195 3197 3198
f 3195 3198 3196
f 3196 3198 3199
f 3196 3199 2790
f 2790 3199 2791
f 3197 3200 3201
f 3197 3201 3198
f 3198 3201 3202
f 3198 3202 3199
f 3199 3202 3203
f 3199 3203 2791
f 2791 3203 2792
f 3200 3204 3205
f 3200 3205 3201
f 3201 3205 3206
f 3201 3206 3202
f 3202 3206 3207
f 3202 3207 3203
f 3203 3207 3208
f 3203 3208 2792
f 2792 3208 2793
f 3204 3209 3210
f 3204 3210 3205
f 3205 3210 3211
f 3205 3211 3206
f 3206 3211 3212
f 3206 3212 3207
f 3207 3212 3213
f 3207 3213 3208
f 3208 3213 3214
f 3208 3214 2793
f 2793 3214 2794
f 3209 3215 3216
f 3209 3216 3210
f 3210 3216 3217
f 3210 3217 3211
f 3211 3217 3218
f 3211 3218 3212
f 3212 3218 3219
f 3212 3219 3213
f 3213 3219 3220
f 3213 3220 3214
f 3214 3220 3221
f 3214 3221 2794
f 2794 3221 2795
f 3215 3222 3223
f 3215 3223 3216
f 3216 3223 3224
f 3216 3224 3217
f 3217 3224 3225
f 3217 3225 3218
f 3218 3225 3226
f 3218 3226 3219
f 3219 3226 3227
f 3219 3227 3220
f 3220 3227 3228
f 3220 3228 3221
f 3221 3228 3229
f 3221 3229 2795
f 2795 3229 2796
f 3222 3230 3231
f 3222 3231 3223
f 3223 3231 3232
f 3223 3232 3224
f 3224 3232 3233
f 3224 3233 3225
f 3225 3233 3234
f 3225 3234 3226
f 3226 3234 3235
f 3226 3235 3227
f 3227 3235 3236
f 3227 3236 3228
f 3228 3236 3237
f 3228 3237 3229
f 3229 3237 3238
f 3229 3238 2796
f 2796 3238 2797
f 3230 3239 3240
f 3230 3240 3231
f 3231 3240 3241
f 3231 3241 3232
f 3232 3241 3242
f 3232 3242 3233
f 3233 3242 3243
f 3233 3243 3234
f 3234 3243 3244
f 3234 3244 3235
f 3235 3244 3245
f 3235 3245 3236
f 3236 3245 3246
f 3236 3246 3237
f 3237 3246 3247
f 3237 3247 3238
f 3238 3247 3248
f 3238 3248 2797
f 2797 3248 2798
f 3239 3249 3250
f 3239 3250 3240
f 3240 3250 3251
f 3240 3251 3241
f 3241 3251 3252
f 3241 3252 3242
f 3242 3252 3253
f 3242 3253 3243
f 3243 3253 3254
f 3243 3254 3244
f 3244 3254 3255
f 3244 3255 3245
f 3245 3255 3256
f 3245 3256 3246
f 3246 3256 3257
f 3246 3257 3247
f 3247 3257 3258
f 3247 3258 3248
f 3248 3258 3259
f 3248 3259 2798
f 2798 3259 2799
f 3249 3260 3261
f 3249 3261 3250
f 3250 3261 3262
f 3250 3262 3251
f 3251 3262 3263
f 3251 3263 3252
f 3252 3263 3264
f 3252 3264 3253
f 3253 3264 3265
f 3253 3265 3254
f 3254 3265 3266
f 3254 3266 3255
f 3255 3266 3267
f 3255 3267 3256
f 3256 3267 3268
f 3256 3268 3257
f 3257 3268 3269
f 3257 3269 3258
f 3258 3269 3270
f 3258 3270 3259
f 3259 3270 3271
f 3259 3271 2799
f 2799 3271 2800
f 3260 3272 3273
f 3260 3273 3261
f 3261 3273 3274
f 3261 3274 3262
f 3262 3274 3275
f 3262 3275 3263
f 3263 3275 3276
f 3263 3276 3264
f 3264 3276 3277
f 3264 3277 3265
f 3265 3277 3278
f 3265 3278 3266
f 3266 3278 3279
f 3266 3279 3267
f 3267 3279 3280
f 3267 3280 3268
f 3268 3280 3281
f 3268 3281 3269
f 3269 3281 3282
f 3269 3282 3270
f 3270 3282 3283
f 3270 3283 3271
f 3271 3283 3284
f 3271 3284 2800
f 2800 3284 2801
f 3272 3285 3286
f 3272 3286 3273
f 3273 3286 3287
f 3273 3287 3274
f 3274 3287 3288
f 3274 3288 3275
f 3275 3288 3289
f 3275 3289 3276
f 3276 3289 3290
f 3276 3290 3277
f 3277 3290 3291
f 3277 3291 3278
f 3278 3291 3292
f 3278 3292 3279
f 3279 3292 3293
f 3279 3293 3280
f 3280 3293 3294
f 3280 3294 3281
f 3281 3294 3295
f 3281 3295 3282
f 3282 3295 3296
f 3282 3296 3283
f 3283 3296 3297
f 3283 3297 3284
f 3284 3297 3298
f 3284 3298 2801
f 2801 3298 2802
f 3285 3299 3300
f 3285 3300 3286
f 3286 3300 3301
f 3286 3301 3287
f 3287 3301 3302
f 3287 3302 3288
f 3288 3302 3303
f 3288 3303 3289
f 3289 3303 3304
f 3289 3304 3290
f 3290 3304 3305
f 3290 3305 3291
f 3291 3305 3306
f 3291 3306 3292
f 3292 3306 3307
f 3292 3307 3293
f 3293 3307 3308
f 3293 3308 3294
f 3294 3308 3309
f 3294 3309 3295
f 3295 3309 3310
f 3295 3310 3296
f 3296 3310 3311
f 3296 3311 3297
f 3297 3311 3312
f 3297 3312 3298
f 3298 3312 3313
f 3298 3313 2802
f 2802 3313 2803
f 3299 3314 3315
f 3299 3315 3300
f 3300 3315 3316
f 3300 3316 3301
f 3301 3316 3317
f 3301 3317 3302
f 3302 3317 3318
f 3302 3318 3303
f 3303 3318 3319
f 3303 3319 3304
f 3304 3319 3320
f 3304 3320 3305
f 3305 3320 3321
f 3305 3321 3306
f 3306 3321 3322
f 3306 3322 3307
f 3307 3322 3323
f 3307 3323 3308
f 3308 3323 3324
f 3308 3324 3309
f 3309 3324 3325
f 3309 3325 3310
f 3310 3325 3326
f 3310 3326 3311
f 3311 3326 3327
f 3311 3327 3312
f 3312 3327 3328
f 3312 3328 3313
f 3313 3328 3329
f 3313 3329 2803
f 2803 3329 2804
f 3314 3330 3331
f 3314 3331 3315
f 3315 3331 3332
f 3315 3332 3316
f 3316 3332 3333
f 3316 3333 3317
f 3317 3333 3334
f 3317 3334 3318
f 3318 3334 3335
f 3318 3335 3319
f 3319 3335 3336
f 3319 3336 3320
f 3320 3336 3337
f 3320 3337 3321
f 3321 3337 3338
f 3321 3338 3322
f 3322 3338 3339
f 3322 3339 3323
f 3323 3339 3340
f 3323 3340 3324
f 3324 3340 3341
f 3324 3341 3325
f 3325 3341 3342
f 3325 3342 3326
f 3326 3342 3343
f 3326 3343 3327
f 3327 3343 3344
f 3327 3344 3328
f 3328 3344 3345
f 3328 3345 3329
f 3329 3345 3346
f 3329 3346 2804
f 2804 3346 2805
f 3330 3347 3348
f 3330 3348 3331
f 3331 3348 3349
f 3331 3349 3332
f 3332 3349 3350
f 3332 3350 3333
f 3333 3350 3351
f 3333 3351 3334
f 3334 3351 3352
f 3334 3352 3335
f 3335 3352 3353
f 3335 3353 3336
f 3336 3353 3354
f 3336 3354 3337
f 3337 3354 3355
f 3337 3355 3338
f 3338 3355 3356
f 3338 3356 3339
f 3339 3356 3357
f 3339 3357 3340
f 3340 3357 3358
f 3340 3358 3341
f 3341 3358 3359
f 3341 3359 3342
f 3342 3359 3360
f 3342 3360 3343
f 3343 3360 3361
f 3343 3361 3344
f 3344 3361 3362
f 3344 3362 3345
f 3345 3362 3363
f 3345 3363 3346
f 3346 3363 3364
f 3346 3364 2805
f 2805 3364 2806
f 3347 3365 3366
f 3347 3366 3348
f 3348 3366 3367
f 3348 3367 3349
f 3349 3367 3368
f 3349 3368 3350
f 3350 3368 3369
f 3350 3369 3351
f 3351 3369 3370
f 3351 3370 3352
f 3352 3370 3371
f 3352 3371 3353
f 3353 3371 3372
f 3353 3372 3354
f 3354 3372 3373
f 3354 3373 3355
f 3355 3373 3374
f 3355 3374 3356
f 3356 3374 3375
f 3356 3375 3357
f 3357 3375 3376
f 3357 3376 3358
f 3358 3376 3377
f 3358 3377 3359
f 3359 3377 3378
f 3359 3378 3360
f 3360 3378 3379
f 3360 3379 3361
f 3361 3379 3380
f 3361 3380 3362
f 3362 3380 3381
f 3362 3381 3363
f 3363 3381 3382
f 3363 3382 3364
f 3364 3382 3383
f 3364 3383 2806
f 2806 3383 2807
f 3365 3384 3385
f 3365 3385 3366
f 3366 3385 3386
f 3366 3386 3367
f 3367 3386 3387
f 3367 3387 3368
f 3368 3387 3388
f 3368 3388 3369
f 3369 3388 3389
f 3369 3389 3370
f 3370 3389 3390
f 3370 3390 3371
f 3371 3390 3391
f 3371 3391 3372
f 3372 3391 3392
f 3372 3392 3373
f 3373 3392 3393
f 3373 3393 3374
f 3374 3393 3394
f 3374 3394 3375
f 3375 3394 3395
f 3375 3395 3376
f 3376 3395 3396
f 3376 3396 3377
f 3377 3396 3397
f 3377 3397 3378
f 3378 3397 3398
f 3378 3398 3379
f 3379 3398 3399
f 3379 3399 3380
f 3380 3399 3400
f 3380 3400 3381
f 3381 3400 3401
f 3381 3401 3382
f 3382 3401 3402
f 3382 3402 3383
f 3383 3402 3403
f 3383 3403 2807
f 2807 3403 2808
f 3384 3404 3405
f 3384 3405 3385
f 3385 3405 3406
f 3385 3406 3386
f 3386 3406 3407
f 3386 3407 3387
f 3387 3407 3408
f 3387 3408 3388
f 3388 3408 3409
f 3388 3409 3389
f 3389 3409 3410
f 3389 3410 3390
f 3390 3410 3411
f 3390 3411 3391
f 3391 3411 3412
f 3391 3412 3392
f 3392 3412 3413
f 3392 3413 3393
f 3393 3413 3414
f 3393 3414 3394
f 3394 3414 3415
f 3394 3415 3395
f 3395 3415 3416
f 3395 3416 3396
f 3396 3416 3417
f 3396 3417 3397
f 3397 3417 3418
f 3397 3418 3398
f 3398 3418 3419
f 3398 3419 3399
f 3399 3419 3420
f 3399 3420 3400
f 3400 3420 3421
f 3400 3421 3401
f 3401 3421 3422
f 3401 3422 3402
f 3402 3422 3423
f 3402 3423 3403
f 3403 3423 3424
f 3403 3424 2808
f 2808 3424 2809
f 3404 3425 3426
f 3404 3426 3405
f 3405 3426 3427
f 3405 3427 3406
f 3406 3427 3428
f 3406 3428 3407
f 3407 3428 3429
f 3407 3429 3408
f 3408 3429 3430
f 3408 3430 3409
f 3409 3430 3431
f 3409 3431 3410
f 3410 3431 3432
f 3410 3432 3411
f 3411 3432 3433
f 3411 3433 3412
f 3412 3433 3434
f 3412 3434 3413
f 3413 3434 3435
f 3413 3435 3414
f 3414 3435 3436
f 3414 3436 3415
f 3415 3436 3437
f 3415 3437 3416
f 3416 3437 3438
f 3416 3438 3417
f 3417 3438 3439
f 3417 3439 3418
f 3418 3439 3440
f 3418 3440 3419
f 3419 3440 3441
f 3419 3441 3420
f 3420 3441 3442
f 3420 3442 3421
f 3421 3442 3443
f 3421 3443 3422
f 3422 3443 3444
f 3422 3444 3423
f 3423 3444 3445
f 3423 3445 3424
f 3424 3445 3446
f 3424 3446 2809
f 2809 3446 2810
f 3425 3447 3448
f 3425 3448 3426
f 3426 3448 3449
f 3426 3449 3427
f 3427 3449 3450
f 3427 3450 3428
f 3428 3450 3451
f 3428 3451 3429
f 3429 3451 3452
f 3429 3452 3430
f 3430 3452 3453
f 3430 3453 3431
f 3431 3453 3454
f 3431 3454 3432
f 3432 3454 3455
f 3432 3455 3433
f 3433 3455 3456
f 3433 3456 3434
f 3434 3456 3457
f 3434 3457 3435
f 3435 3457 3458
f 3435 3458 3436
f 3436 3458 3459
f 3436 3459 3437
f 3437 3459 3460
f 3437 3460 3438
f 3438 3460 3461
f 3438 3461 3439
f 3439 3461 3462
f 3439 3462 3440
f 3440 3462 3463
f 3440 3463 3441
f 3441 3463 3464
f 3441 3464 3442
f 3442 3464 3465
f 3442 3465 3443
f 3443 3465 3466
f 3443 3466 3444
f 3444 3466 3467
f 3444 3467 3445
f 3445 3467 3468
f 3445 3468 3446
f 3446 3468 3469
f 3446 3469 2810
f 2810 3469 2811
f 3447 3470 3471
f 3447 3471 3448
f 3448 3471 3472
f 3448 3472 3449
f 3449 3472 3473
f 3449 3473 3450
f 3450 3473 3474
f 3450 3474 3451
f 3451 3474 3475
f 3451 3475 3452
f 3452 3475 3476
f 3452 3476 3453
f 3453 3476 3477
f 3453 3477 3454
f 3454 3477 3478
f 3454 3478 3455
f 3455 3478 3479
f 3455 3479 3456
f 3456 3479 3480
f 3456 3480 3457
f 3457 3480 3481
f 3457 3481 3458
f 3458 3481 3482
f 3458 3482 3459
f 3459 3482 3483
f 3459 3483 3460
f 3460 3483 3484
f 3460 3484 3461
f 3461 3484 3485
f 3461 3485 3462
f 3462 3485 3486
f 3462 3486 3463
f 3463 3486 3487
f 3463 3487 3464
f 3464 3487 3488
f 3464 3488 3465
f 3465 3488 3489
f 3465 3489 3466
f 3466 3489 3490
f 3466 3490 3467
f 3467 3490 3491
f 3467 3491 3468
f 3468 3491 3492
f 3468 3492 3469
f 3469 3492 3493
f 3469 3493 2811
f 2811 3493 2812
f 3470 3494 3495
f 3470 3495 3471
f 3471 3495 3496
f 3471 3496 3472
f 3472 3496 3497
f 3472 3497 3473
f 3473 3497 3498
f 3473 3498 3474
f 3474 3498 3499
f 3474 3499 3475
f 3475 3499 3500
f 3475 3500 3476
f 3476 3500 3501
f 3476 3501 3477
f 3477 3501 3502
f 3477 3502 3478
f 3478 3502 3503
f 3478 3503 3479
f 3479 3503 3504
f 3479 3504 3480
f 3480 3504 3505
f 3480 3505 3481
f 3481 3505 3506
f 3481 3506 3482
f 3482 3506 3507
f 3482 3507 3483
f 3483 3507 3508
f 3483 3508 3484
f 3484 3508 3509
f 3484 3509 3485
f 3485 3509 3510
f 3485 3510 3486
f 3486 3510 3511
f 3486 3511 3487
f 3487 3511 3512
f 3487 3512 3488
f 3488 3512 3513
f 3488 3513 3489
f 3489 3513 3514
f 3489 3514 3490
f 3490 3514 3515
f 3490 3515 3491
f 3491 3515 3516
f 3491 3516 3492
f 3492 3516 3517
f 3492 3517 3493
f 3493 3517 3518
f 3493 3518 2812
f 2812 3518 2813
f 3494 3519 3520
f 3494 3520 3495
f 3495 3520 3521
f 3495 3521 3496
f 3496 3521 3522
f 3496 3522 3497
f 3497 3522 3523
f 3497 3523 3498
f 3498 3523 3524
f 3498 3524 3499
f 3499 3524 3525
f 3499 3525 3500
f 3500 3525 3526
f 3500 3526 3501
f 3501 3526 3527
f 3501 3527 3502
f 3502 3527 3528
f 3502 3528 3503
f 3503 3528 3529
f 3503 3529 3504
f 3504 3529 3530
f 3504 3530 3505
f 3505 3530 3531
f 3505 3531 3506
f 3506 3531 3532
f 3506 3532 3507
f 3507 3532 3533
f 3507 3533 3508
f 3508 3533 3534
f 3508 3534 3509
f 3509 3534 3535
f 3509 3535 3510
f 3510 3535 3536
f 3510 3536 3511
f 3511 3536 3537
f 3511 3537 3512
f 3512 3537 3538
f 3512 3538 3513
f 3513 3538 3539
f 3513 3539 3514
f 3514 3539 3540
f 3514 3540 3515
f 3515 3540 3541
f 3515 3541 3516
f 3516 3541 3542
f 3516 3542 3517
f 3517 3542 3543
f 3517 3543 3518
f 3518 3543 3544
f 3518 3544 2813
f 2813 3544 2814
f 3519 3545 3546
f 3519 3546 3520
f 3520 3546 3547
f 3520 3547 3521
f 3521 3547 3548
f 3521 3548 3522
f 3522 3548 3549
f 3522 3549 3523
f 3523 3549 3550
f 3523 3550 3524
f 3524 3550 3551
f 3524 3551 3525
f 3525 3551 3552
f 3525 3552 3526
f 3526 3552 3553
f 3526 3553 3527
f 3527 3553 3554
f 3527 3554 3528
f 3528 3554 3555
f 3528 3555 3529
f 3529 3555 3556
f 3529 3556 3530
f 3530 3556 3557
f 3530 3557 3531
f 3531 3557 3558
f 3531 3558 3532
f 3532 3558 3559
f 3532 3559 3533
f 3533 3559 3560
f 3533 3560 3534
f 3534 3560 3561
f 3534 3561 3535
f 3535 3561 3562
f 3535 3562 3536
f 3536 3562 3563
f 3536 3563 3537
f 3537 3563 3564
f 3537 3564 3538
f 3538 3564 3565
f 3538 3565 3539
f 3539 3565 3566
f 3539 3566 3540
f 3540 3566 3567
f 3540 3567 3541
f 3541 3567 3568
f 3541 3568 3542
f 3542 3568 3569
f 3542 3569 3543
f 3543 3569 3570
f 3543 3570 3544
f 3544 3570 3571
f 3544 3571 2814
f 2814 3571 2815
f 3545 3572 3573
f 3545 3573 3546
f 3546 3573 3574
f 3546 3574 3547
f 3547 3574 3575
f 3547 3575 3548
f 3548 3575 3576
f 3548 3576 3549
f 3549 3576 3577
f 3549 3577 3550
f 3550 3577 3578
f 3550 3578 3551
f 3551 3578 3579
f 3551 3579 3552
f 3552 3579 3580
f 3552 3580 3553
f 3553 3580 3581
f 3553 3581 3554
f 3554 3581 3582
f 3554 3582 3555
f 3555 3582 3583
f 3555 3583 3556
f 3556 3583 3584
f 3556 3584 3557
f 3557 3584 3585
f 3557 3585 3558
f 3558 3585 3586
f 3558 3586 3559
f 3559 3586 3587
f 3559 3587 3560
f 3560 3587 3588
f 3560 3588 3561
f 3561 3588 3589
f 3561 3589 3562
f 3562 3589 3590
f 3562 3590 3563
f 3563 3590 3591
f 3563 3591 3564
f 3564 3591 3592
f 3564 3592 3565
f 3565 3592 3593
f 3565 3593 3566
f 3566 3593 3594
f 3566 3594 3567
f 3567 3594 3595
f 3567 3595 3568
f 3568 3595 3596
f 3568 3596 3569
f 3569 3596 3597
f 3569 3597 3570
f 3570 3597 3598
f 3570 3598 3571
f 3571 3598 3599
f 3571 3599 2815
f 2815 3599 435
f 3572 3545 3600
f 3545 3519 3601
f 3545 3601 3600
f 3600 3601 3602
f 3519 3494 3603
f 3519 3603 3601
f 3601 3603 3604
f 3601 3604 3602
f 3602 3604 3605
f 3494 3470 3606
f 3494 3606 3603
f 3603 3606 3607
f 3603 3607 3604
f 3604 3607 3608
f 3604 3608 3605
f 3605 3608 3609
f 3470 3447 3610
f 3470 3610 3606
f 3606 3610 3611
f 3606 3611 3607
f 3607 3611 3612
f 3607 3612 3608
f 3608 3612 3613
f 3608 3613 3609
f 3609 3613 3614
f 3447 3425 3615
f 3447 3615 3610
f 3610 3615 3616
f 3610 3616 3611
f 3611 3616 3617
f 3611 3617 3612
f 3612 3617 3618
f 3612 3618 3613
f 3613 3618 3619
f 3613 3619 3614
f 3614 3619 3620
f 3425 3404 3621
f 3425 3621 3615
f 3615 3621 3622
f 3615 3622 3616
f 3616 3622 3623
f 3616 3623 3617
f 3617 3623 3624
f 3617 3624 3618
f 3618 3624 3625
f 3618 3625 3619
f 3619 3625 3626
f 3619 3626 3620
f 3620 3626 3627
f 3404 3384 3628
f 3404 3628 3621
f 3621 3628 3629
f 3621 3629 3622
f 3622 3629 3630
f 3622 3630 3623
f 3623 3630 3631
f 3623 3631 3624
f 3624 3631 3632
f 3624 3632 3625
f 3625 3632 3633
f 3625 3633 3626
f 3626 3633 3634
f 3626 3634 3627
f 3627 3634 3635
f 3384 3365 3636
f 3384 3636 3628
f 3628 3636 3637
f 3628 3637 3629
f 3629 3637 3638
f 3629 3638 3630
f 3630 3638 3639
f 3630 3639 3631
f 3631 3639 3640
f 3631 3640 3632
f 3632 3640 3641
f 3632 3641 3633
f 3633 3641 3642
f 3633 3642 3634
f 3634 3642 3643
f 3634 3643 3635
f 3635 3643 3644
f 3365 3347 3645
f 3365 3645 3636
f 3636 3645 3646
f 3636 3646 3637
f 3637 3646 3647
f 3637 3647 3638
f 3638 3647 3648
f 3638 3648 3639
f 3639 3648 3649
f 3639 3649 3640
f 3640 3649 3650
f 3640 3650 3641
f 3641 3650 3651
f 3641 3651 3642
f 3642 3651 3652
f 3642 3652 3643
f 3643 3652 3653
f 3643 3653 3644
f 3644 3653 3654
f 3347 3330 3655
f 3347 3655 3645
f 3645 3655 3656
f 3645 3656 3646
f 3646 3656 3657
f 3646 3657 3647
f 3647 3657 3658
f 3647 3658 3648
f 3648 3658 3659
f 3648 3659 3649
f 3649 3659 3660
f 3649 3660 3650
f 3650 3660 3661
f 3650 3661 3651
f 3651 3661 3662
f 3651 3662 3652
f 3652 3662 3663
f 3652 3663 3653
f 3653 3663 3664
f 3653 3664 3654
f 3654 3664 3665
f 3330 3314 3666
f 3330 3666 3655
f 3655 3666 3667
f 3655 3667 3656
f 3656 3667 3668
f 3656 3668 3657
f 3657 3668 3669
f 3657 3669 3658
f 3658 3669 3670
f 3658 3670 3659
f 3659 3670 3671
f 3659 3671 3660
f 3660 3671 3672
f 3660 3672 3661
f 3661 3672 3673
f 3661 3673 3662
f 3662 3673 3674
f 3662 3674 3663
f 3663 3674 3675
f 3663 3675 3664
f 3664 3675 3676
f 3664 3676 3665
f 3665 3676 3677
f 3314 3299 3678
f 3314 3678 3666
f 3666 3678 3679
f 3666 3679 3667
f 3667 3679 3680
f 3667 3680 3668
f 3668 3680 3681
f 3668 3681 3669
f 3669 3681 3682
f 3669 3682 3670
f 3670 3682 3683
f 3670 3683 3671
f 3671 3683 3684
f 3671 3684 3672
f 3672 3684 3685
f 3672 3685 3673
f 3673 3685 3686
f 3673 3686 3674
f 3674 3686 3687
f 3674 3687 3675
f 3675 3687 3688
f 3675 3688 3676
f 3676 3688 3689
f 3676 3689 3677
f 3677 3689 3690
f 3299 3285 3691
f 3299 3691 3678
f 3678 3691 3692
f 3678 3692 3679
f 3679 3692 3693
f 3679 3693 3680
f 3680 3693 3694
f 3680 3694 3681
f 3681 3694 3695
f 3681 3695 3682
f 3682 3695 3696
f 3682 3696 3683
f 3683 3696 3697
f 3683 3697 3684
f 3684 3697 3698
f 3684 3698 3685
f 3685 3698 3699
f 3685 3699 3686
f 3686 3699 3700
f 3686 3700 3687
f 3687 3700 3701
f 3687 3701 3688
f 3688 3701 3702
f 3688 3702 3689
f 3689 3702 3703
f 3689 3703 3690
f 3690 3703 3704
f 3285 3272 3705
f 3285 3705 3691
f 3691 3705 3706
f 3691 3706 3692
f 3692 3706 3707
f 3692 3707 3693
f 3693 3707 3708
f 3693 3708 3694
f 3694 3708 3709
f 3694 3709 3695
f 3695 3709 3710
f 3695 3710 3696
f 3696 3710 3711
f 3696 3711 3697
f 3697 3711 3712
f 3697 3712 3698
f 3698 3712 3713
f 3698 3713 3699
f 3699 3713 3714
f 3699 3714 3700
f 3700 3714 3715
f 3700 3715 3701
f 3701 3715 3716
f 3701 3716 3702
f 3702 3716 3717
f 3702 3717 3703
f 3703 3717 3718
f 3703 3718 3704
f 3704 3718 3719
f 3272 3260 3720
f 3272 3720 3705
f 3705 3720 3721
f 3705 3721 3706
f 3706 3721 3722
f 3706 3722 3707
f 3707 3722 3723
f 3707 3723 3708
f 3708 3723 3724
f 3708 3724 3709
f 3709 3724 3725
f 3709 3725 3710
f 3710 3725 3726
f 3710 3726 3711
f 3711 3726 3727
f 3711 3727 3712
f 3712 3727 3728
f 3712 3728 3713
f 3713 3728 3729
f 3713 3729 3714
f 3714 3729 3730
f 3714 3730 3715
f 3715 3730 3731
f 3715 3731 3716
f 3716 3731 3732
f 3716 3732 3717
f 3717 3732 3733
f 3717 3733 3718
f 3718 3733 3734
f 3718 3734 3719
f 3719 3734 3735
f 3260 3249 3736
f 3260 3736 3720
f 3720 3736 3737
f 3720 3737 3721
f 3721 3737 3738
f 3721 3738 3722
f 3722 3738 3739
f 3722 3739 3723
f 3723 3739 3740
f 3723 3740 3724
f 3724 3740 3741
f 3724 3741 3725
f 3725 3741 3742
f 3725 3742 3726
f 3726 3742 3743
f 3726 3743 3727
f 3727 3743 3744
f 3727 3744 3728
f 3728 3744 3745
f 3728 3745 3729
f 3729 3745 3746
f 3729 3746 3730
f 3730 3746 3747
f 3730 3747 3731
f 3731 3747 3748
f 3731 3748 3732
f 3732 3748 3749
f 3732 3749 3733
f 3733 3749 3750
f 3733 3750 3734
f 3734 3750 3751
f 3734 3751 3735
f 3735 3751 3752
f 3249 3239 3753
f 3249 3753 3736
f 3736 3753 3754
f 3736 3754 3737
f 3737 3754 3755
f 3737 3755 3738
f 3738 3755 3756
f 3738 3756 3739
f 3739 3756 3757
f 3739 3757 3740
f 3740 3757 3758
f 3740 3758 3741
f 3741 3758 3759
f 3741 3759 3742
f 3742 3759 3760
f 3742 3760 3743
f 3743 3760 3761
f 3743 3761 3744
f 3744 3761 3762
f 3744 3762 3745
f 3745 3762 3763
f 3745 3763 3746
f 3746 3763 3764
f 3746 3764 3747
f 3747 3764 3765
f 3747 3765 3748
f 3748 3765 3766
f 3748 3766 3749
f 3749 3766 3767
f 3749 3767 3750
f 3750 3767 3768
f 3750 3768 3751
f 3751 3768 3769
f 3751 3769 3752
f 3752 3769 3770
f 3239 3230 3771
f 3239 3771 3753
f 3753 3771 3772
f 3753 3772 3754
f 3754 3772 3773
f 3754 3773 3755
f 3755 3773 3774
f 3755 3774 3756
f 3756 3774 3775
f 3756 3775 3757
f 3757 3775 3776
f 3757 3776 3758
f 3758 3776 3777
f 3758 3777 3759
f 3759 3777 3778
f 3759 3778 3760
f 3760 3778 3779
f 3760 3779 3761
f 3761 3779 3780
f 3761 3780 3762
f 3762 3780 3781
f 3762 3781 3763
f 3763 3781 3782
f 3763 3782 3764
f 3764 3782 3783
f 3764 3783 3765
f 3765 3783 3784
f 3765 3784 3766
f 3766 3784 3785
f 3766 3785 3767
f 3767 3785 3786
f 3767 3786 3768
f 3768 3786 3787
f 3768 3787 3769
f 3769 3787 3788
f 3769 3788 3770
f 3770 3788 3789
f 3230 3222 3790
f 3230 3790 3771
f 3771 3790 3791
f 3771 3791 3772
f 3772 3791 3792
f 3772 3792 3773
f 3773 3792 3793
f 3773 3793 3774
f 3774 3793 3794
f 3774 3794 3775
f 3775 3794 3795
f 3775 3795 3776
f 3776 3795 3796
f 3776 3796 3777
f 3777 3796 3797
f 3777 3797 3778
f 3778 3797 3798
f 3778 3798 3779
f 3779 3798 3799
f 3779 3799 3780
f 3780 3799 3800
f 3780 3800 3781
f 3781 3800 3801
f 3781 3801 3782
f 3782 3801 3802
f 3782 3802 3783
f 3783 3802 3803
f 3783 3803 3784
f 3784 3803 3804
f 3784 3804 3785
f 3785 3804 3805
f 3785 3805 3786
f 3786 3805 3806
f 3786 3806 3787
f 3787 3806 3807
f 3787 3807 3788
f 3788 3807 3808
f 3788 3808 3789
f 3789 3808 3809
f 3222 3215 3810
f 3222 3810 3790
f 3790 3810 3811
f 3790 3811 3791
f 3791 3811 3812
f 3791 3812 3792
f 3792 3812 3813
f 3792 3813 3793
f 3793 3813 3814
f 3793 3814 3794
f 3794 3814 3815
f 3794 3815 3795
f 3795 3815 3816
f 3795 3816 3796
f 3796 3816 3817
f 3796 3817 3797
f 3797 3817 3818
f 3797 3818 3798
f 3798 3818 3819
f 3798 3819 3799
f 3799 3819 3820
f 3799 3820 3800
f 3800 3820 3821
f 3800 3821 3801
f 3801 3821 3822
f 3801 3822 3802
f 3802 3822 3823
f 3802 3823 3803
f 3803 3823 3824
f 3803 3824 3804
f 3804 3824 3825
f 3804 3825 3805
f 3805 3825 3826
f 3805 3826 3806
f 3806 3826 3827
f 3806 3827 3807
f 3807 3827 3828
f 3807 3828 3808
f 3808 3828 3829
f 3808 3829 3809
f 3809 3829 3830
f 3215 3209 3831
f 3215 3831 3810
f 3810 3831 3832
f 3810 3832 3811
f 3811 3832 3833
f 3811 3833 3812
f 3812 3833 3834
f 3812 3834 3813
f 3813 3834 3835
f 3813 3835 3814
f 3814 3835 3836
f 3814 3836 3815
f 3815 3836 3837
f 3815 3837 3816
f 3816 3837 3838
f 3816 3838 3817
f 3817 3838 3839
f 3817 3839 3818
f 3818 3839 3840
f 3818 3840 3819
f 3819 3840 3841
f 3819 3841 3820
f 3820 3841 3842
f 3820 3842 3821
f 3821 3842 3843
f 3821 3843 3822
f 3822 3843 3844
f 3822 3844 3823
f 3823 3844 3845
f 3823 3845 3824
f 3824 3845 3846
f 3824 3846 3825
f 3825 3846 3847
f 3825 3847 3826
f 3826 3847 3848
f 3826 3848 3827
f 3827 3848 3849
f 3827 3849 3828
f 3828 3849 3850
f 3828 3850 3829
f 3829 3850 3851
f 3829 3851 3830
f 3830 3851 3852
f 3209 3204 3853
f 3209 3853 3831
f 3831 3853 3854
f 3831 3854 3832
f 3832 3854 3855
f 3832 3855 3833
f 3833 3855 3856
f 3833 3856 3834
f 3834 3856 3857
f 3834 3857 3835
f 3835 3857 3858
f 3835 3858 3836
f 3836 3858 3859
f 3836 3859 3837
f 3837 3859 3860
f 3837 3860 3838
f 3838 3860 3861
f 3838 3861 3839
f 3839 3861 3862
f 3839 3862 3840
f 3840 3862 3863
f 3840 3863 3841
f 3841 3863 3864
f 3841 3864 3842
f 3842 3864 3865
f 3842 3865 3843
f 3843 3865 3866
f 3843 3866 3844
f 3844 3866 3867
f 3844 3867 3845
f 3845 3867 3868
f 3845 3868 3846
f 3846 3868 3869
f 3846 3869 3847
f 3847 3869 3870
f 3847 3870 3848
f 3848 3870 3871
f 3848 3871 3849
f 3849 3871 3872
f 3849 3872 3850
f 3850 3872 3873
f 3850 3873 3851
f 3851 3873 3874
f 3851 3874 3852
f 3852 3874 3875
f 3204 3200 3876
f 3204 3876 3853
f 3853 3876 3877
f 3853 3877 3854
f 3854 3877 3878
f 3854 3878 3855
f 3855 3878 3879
f 3855 3879 3856
f 3856 3879 3880
f 3856 3880 3857
f 3857 3880 3881
f 3857 3881 3858
f 3858 3881 3882
f 3858 3882 3859
f 3859 3882 3883
f 3859 3883 3860
f 3860 3883 3884
f 3860 3884 3861
f 3861 3884 3885
f 3861 3885 3862
f 3862 3885 3886
f 3862 3886 3863
f 3863 3886 3887
f 3863 3887 3864
f 3864 3887 3888
f 3864 3888 3865
f 3865 3888 3889
f 3865 3889 3866
f 3866 3889 3890
f 3866 3890 3867
f 3867 3890 3891
f 3867 3891 3868
f 3868 3891 3892
f 3868 3892 3869
f 3869 3892 3893
f 3869 3893 3870
f 3870 3893 3894
f 3870 3894 3871
f 3871 3894 3895
f 3871 3895 3872
f 3872 3895 3896
f 3872 3896 3873
f 3873 3896 3897
f 3873 3897 3874
f 3874 3897 3898
f 3874 3898 3875
f 3875 3898 3899
f 3200 3197 3900
f 3200 3900 3876
f 3876 3900 3901
f 3876 3901 3877
f 3877 3901 3902
f 3877 3902 3878
f 3878 3902 3903
f 3878 3903 3879
f 3879 3903 3904
f 3879 3904 3880
f 3880 3904 3905
f 3880 3905 3881
f 3881 3905 3906
f 3881 3906 3882
f 3882 3906 3907
f 3882 3907 3883
f 3883 3907 3908
f 3883 3908 3884
f 3884 3908 3909
f 3884 3909 3885
f 3885 3909 3910
f 3885 3910 3886
f 3886 3910 3911
f 3886 3911 3887
f 3887 3911 3912
f 3887 3912 3888
f 3888 3912 3913
f 3888 3913 3889
f 3889 3913 3914
f 3889 3914 3890
f 3890 3914 3915
f 3890 3915 3891
f 3891 3915 3916
f 3891 3916 3892
f 3892 3916 3917
f 3892 3917 3893
f 3893 3917 3918
f 3893 3918 3894
f 3894 3918 3919
f 3894 3919 3895
f 3895 3919 3920
f 3895 3920 3896
f 3896 3920 3921
f 3896 3921 3897
f 3897 3921 3922
f 3897 3922 3898
f 3898 3922 3923
f 3898 3923 3899
f 3899 3923 3924
f 3197 3195 3925
f 3197 3925 3900
f 3900 3925 3926
f 3900 3926 3901
f 3901 3926 3927
f 3901 3927 3902
f 3902 3927 3928
f 3902 3928 3903
f 3903 3928 3929
f 3903 3929 3904
f 3904 3929 3930
f 3904 3930 3905
f 3905 3930 3931
f 3905 3931 3906
f 3906 3931 3932
f 3906 3932 3907
f 3907 3932 3933
f 3907 3933 3908
f 3908 3933 3934
f 3908 3934 3909
f 3909 3934 3935
f 3909 3935 3910
f 3910 3935 3936
f 3910 3936 3911
f 3911 3936 3937
f 3911 3937 3912
f 3912 3937 3938
f 3912 3938 3913
f 3913 3938 3939
f 3913 3939 3914
f 3914 3939 3940
f 3914 3940 3915
f 3915 3940 3941
f 3915 3941 3916
f 3916 3941 3942
f 3916 3942 3917
f 3917 3942 3943
f 3917 3943 3918
f 3918 3943 3944
f 3918 3944 3919
f 3919 3944 3945
f 3919 3945 3920
f 3920 3945 3946
f 3920 3946 3921
f 3921 3946 3947
f 3921 3947 3922
f 3922 3947 3948
f 3922 3948 3923
f 3923 3948 3949
f 3923 3949 3924
f 3924 3949 3950
f 3195 3194 3951
f 3195 3951 3925
f 3925 3951 3952
f 3925 3952 3926
f 3926 3952 3953
f 3926 3953 3927
f 3927 3953 3954
f 3927 3954 3928
f 3928 3954 3955
f 3928 3955 3929
f 3929 3955 3956
f 3929 3956 3930
f 3930 3956 3957
f 3930 3957 3931
f 3931 3957 3958
f 3931 3958 3932
f 3932 3958 3959
f 3932 3959 3933
f 3933 3959 3960
f 3933 3960 3934
f 3934 3960 3961
f 3934 3961 3935
f 3935 3961 3962
f 3935 3962 3936
f 3936 3962 3963
f 3936 3963 3937
f 3937 3963 3964
f 3937 3964 3938
f 3938 3964 3965
f 3938 3965 3939
f 3939 3965 3966
f 3939 3966 3940
f 3940 3966 3967
f 3940 3967 3941
f 3941 3967 3968
f 3941 3968 3942
f 3942 3968 3969
f 3942 3969 3943
f 3943 3969 3970
f 3943 3970 3944
f 3944 3970 3971
f 3944 3971 3945
f 3945 3971 3972
f 3945 3972 3946
f 3946 3972 3973
f 3946 3973 3947
f 3947 3973 3974
f 3947 3974 3948
f 3948 3974 3975
f 3948 3975 3949
f 3949 3975 3976
f 3949 3976 3950
f 3950 3976 3977
f 3194 2788 2816
f 3194 2816 3951
f 3951 2816 2818
f 3951 2818 3952
f 3952 2818 2821
f 3952 2821 3953
f 3953 2821 2825
f 3953 2825 3954
f 3954 2825 2830
f 3954 2830 3955
f 3955 2830 2836
f 3955 2836 3956
f 3956 2836 2843
f 3956 2843 3957
f 3957 2843 2851
f 3957 2851 3958
f 3958 2851 2860
f 3958 2860 3959
f 3959 2860 2870
f 3959 2870 3960
f 3960 2870 2881
f 3960 2881 3961
f 3961 2881 2893
f 3961 2893 3962
f 3962 2893 2906
f 3962 2906 3963
f 3963 2906 2920
f 3963 2920 3964
f 3964 2920 2935
f 3964 2935 3965
f 3965 2935 2951
f 3965 2951 3966
f 3966 2951 2968
f 3966 2968 3967
f 3967 2968 2986
f 3967 2986 3968
f 3968 2986 3005
f 3968 3005 3969
f 3969 3005 3025
f 3969 3025 3970
f 3970 3025 3046
f 3970 3046 3971
f 3971 3046 3068
f 3971 3068 3972
f 3972 3068 3091
f 3972 3091 3973
f 3973 3091 3115
f 3973 3115 3974
f 3974 3115 3140
f 3974 3140 3975
f 3975 3140 3166
f 3975 3166 3976
f 3976 3166 3193
f 3976 3193 3977
f 3977 3193 841
f 3572 3978 3573
f 3978 3979 3980
f 3978 3980 3573
f 3573 3980 3574
f 3979 3981 3982
f 3979 3982 3980
f 3980 3982 3983
f 3980 3983 3574
f 3574 3983 3575
f 3981 3984 3985
f 3981 3985 3982
f 3982 3985 3986
f 3982 3986 3983
f 3983 3986 3987
f 3983 3987 3575
f 3575 3987 3576
f 3984 3988 3989
f 3984 3989 3985
f 3985 3989 3990
f 3985 3990 3986
f 3986 3990 3991
f 3986 3991 3987
f 3987 3991 3992
f 3987 3992 3576
f 3576 3992 3577
f 3988 3993 3994
f 3988 3994 3989
f 3989 3994 3995
f 3989 3995 3990
f 3990 3995 3996
f 3990 3996 3991
f 3991 3996 3997
f 3991 3997 3992
f 3992 3997 3998
f 3992 3998 3577
f 3577 3998 3578
f 3993 3999 4000
f 3993 4000 3994
f 3994 4000 4001
f 3994 4001 3995
f 3995 4001 4002
f 3995 4002 3996
f 3996 4002 4003
f 3996 4003 3997
f 3997 4003 4004
f 3997 4004 3998
f 3998 4004 4005
f 3998 4005 3578
f 3578 4005 3579
f 3999 4006 4007
f 3999 4007 4000
f 4000 4007 4008
f 4000 4008 4001
f 4001 4008 4009
f 4001 4009 4002
f 4002 4009 4010
f 4002 4010 4003
f 4003 4010 4011
f 4003 4011 4004
f 4004 4011 4012
f 4004 4012 4005
f 4005 4012 4013
f 4005 4013 3579
f 3579 4013 3580
f 4006 4014 4015
f 4006 4015 4007
f 4007 4015 4016
f 4007 4016 4008
f 4008 4016 4017
f 4008 4017 4009
f 4009 4017 4018
f 4009 4018 4010
f 4010 4018 4019
f 4010 4019 4011
f 4011 4019 4020
f 4011 4020 4012
f 4012 4020 4021
f 4012 4021 4013
f 4013 4021 4022
f 4013 4022 3580
f 3580 4022 3581
f 4014 4023 4024
f 4014 4024 4015
f 4015 4024 4025
f 4015 4025 4016
f 4016 4025 4026
f 4016 4026 4017
f 4017 4026 4027
f 4017 4027 4018
f 4018 4027 4028
f 4018 4028 4019
f 4019 4028 4029
f 4019 4029 4020
f 4020 4029 4030
f 4020 4030 4021
f 4021 4030 4031
f 4021 4031 4022
f 4022 4031 4032
f 4022 4032 3581
f 3581 4032 3582
f 4023 4033 4034
f 4023 4034 4024
f 4024 4034 4035
f 4024 4035 4025
f 4025 4035 4036
f 4025 4036 4026
f 4026 4036 4037
f 4026 4037 4027
f 4027 4037 4038
f 4027 4038 4028
f 4028 4038 4039
f 4028 4039 4029
f 4029 4039 4040
f 4029 4040 4030
f 4030 4040 4041
f 4030 4041 4031
f 4031 4041 4042
f 4031 4042 4032
f 4032 4042 4043
f 4032 4043 3582
f 3582 4043 3583
f 4033 4044 4045
f 4033 4045 4034
f 4034 4045 4046
f 4034 4046 4035
f 4035 4046 4047
f 4035 4047 4036
f 4036 4047 4048
f 4036 4048 4037
f 4037 4048 4049
f 4037 4049 4038
f 4038 4049 4050
f 4038 4050 4039
f 4039 4050 4051
f 4039 4051 4040
f 4040 4051 4052
f 4040 4052 4041
f 4041 4052 4053
f 4041 4053 4042
f 4042 4053 4054
f 4042 4054 4043
f 4043 4054 4055
f 4043 4055 3583
f 3583 4055 3584
f 4044 4056 4057
f 4044 4057 4045
f 4045 4057 4058
f 4045 4058 4046
f 4046 4058 4059
f 4046 4059 4047
f 4047 4059 4060
f 4047 4060 4048
f 4048 4060 4061
f 4048 4061 4049
f 4049 4061 4062
f 4049 4062 4050
f 4050 4062 4063
f 4050 4063 4051
f 4051 4063 4064
f 4051 4064 4052
f 4052 4064 4065
f 4052 4065 4053
f 4053 4065 4066
f 4053 4066 4054
f 4054 4066 4067
f 4054 4067 4055
f 4055 4067 4068
f 4055 4068 3584
f 3584 4068 3585
f 4056 4069 4070
f 4056 4070 4057
f 4057 4070 4071
f 4057 4071 4058
f 4058 4071 4072
f 4058 4072 4059
f 4059 4072 4073
f 4059 4073 4060
f 4060 4073 4074
f 4060 4074 4061
f 4061 4074 4075
f 4061 4075 4062
f 4062 4075 4076
f 4062 4076 4063
f 4063 4076 4077
f 4063 4077 4064
f 4064 4077 4078
f 4064 4078 4065
f 4065 4078 4079
f 4065 4079 4066
f 4066 4079 4080
f 4066 4080 4067
f 4067 4080 4081
f 4067 4081 4068
f 4068 4081 4082
f 4068 4082 3585
f 3585 4082 3586
f 4069 4083 4084
f 4069 4084 4070
f 4070 4084 4085
f 4070 4085 4071
f 4071 4085 4086
f 4071 4086 4072
f 4072 4086 4087
f 4072 4087 4073
f 4073 4087 4088
f 4073 4088 4074
f 4074 4088 4089
f 4074 4089 4075
f 4075 4089 4090
f 4075 4090 4076
f 4076 4090 4091
f 4076 4091 4077
f 4077 4091 4092
f 4077 4092 4078
f 4078 4092 4093
f 4078 4093 4079
f 4079 4093 4094
f 4079 4094 4080
f 4080 4094 4095
f 4080 4095 4081
f 4081 4095 4096
f 4081 4096 4082
f 4082 4096 4097
f 4082 4097 3586
f 3586 4097 3587
f 4083 4098 4099
f 4083 4099 4084
f 4084 4099 4100
f 4084 4100 4085
f 4085 4100 4101
f 4085 4101 4086
f 4086 4101 4102
f 4086 4102 4087
f 4087 4102 4103
f 4087 4103 4088
f 4088 4103 4104
f 4088 4104 4089
f 4089 4104 4105
f 4089 4105 4090
f 4090 4105 4106
f 4090 4106 4091
f 4091 4106 4107
f 4091 4107 4092
f 4092 4107 4108
f 4092 4108 4093
f 4093 4108 4109
f 4093 4109 4094
f 4094 4109 4110
f 4094 4110 4095
f 4095 4110 4111
f 4095 4111 4096
f 4096 4111 4112
f 4096 4112 4097
f 4097 4112 4113
f 4097 4113 3587
f 3587 4113 3588
f 4098 4114 4115
f 4098 4115 4099
f 4099 4115 4116
f 4099 4116 4100
f 4100 4116 4117
f 4100 4117 4101
f 4101 4117 4118
f 4101 4118 4102
f 4102 4118 4119
f 4102 4119 4103
f 4103 4119 4120
f 4103 4120 4104
f 4104 4120 4121
f 4104 4121 4105
f 4105 4121 4122
f 4105 4122 4106
f 4106 4122 4123
f 4106 4123 4107
f 4107 4123 4124
f 4107 4124 4108
f 4108 4124 4125
f 4108 4125 4109
f 4109 4125 4126
f 4109 4126 4110
f 4110 4126 4127
f 4110 4127 4111
f 4111 4127 4128
f 4111 4128 4112
f 4112 4128 4129
f 4112 4129 4113
f 4113 4129 4130
f 4113 4130 3588
f 3588 4130 3589
f 4114 4131 4132
f 4114 4132 4115
f 4115 4132 4133
f 4115 4133 4116
f 4116 4133 4134
f 4116 4134 4117
f 4117 4134 4135
f 4117 4135 4118
f 4118 4135 4136
f 4118 4136 4119
f 4119 4136 4137
f 4119 4137 4120
f 4120 4137 4138
f 4120 4138 4121
f 4121 4138 4139
f 4121 4139 4122
f 4122 4139 4140
f 4122 4140 4123
f 4123 4140 4141
f 4123 4141 4124
f 4124 4141 4142
f 4124 4142 4125
f 4125 4142 4143
f 4125 4143 4126
f 4126 4143 4144
f 4126 4144 4127
f 4127 4144 4145
f 4127 4145 4128
f 4128 4145 4146
f 4128 4146 4129
f 4129 4146 4147
f 4129 4147 4130
f 4130 4147 4148
f 4130 4148 3589
f 3589 4148 3590
f 4131 4149 4150
f 4131 4150 4132
f 4132 4150 4151
f 4132 4151 4133
f 4133 4151 4152
f 4133 4152 4134
f 4134 4152 4153
f 4134 4153 4135
f 4135 4153 4154
f 4135 4154 4136
f 4136 4154 4155
f 4136 4155 4137
f 4137 4155 4156
f 4137 4156 4138
f 4138 4156 4157
f 4138 4157 4139
f 4139 4157 4158
f 4139 4158 4140
f 4140 4158 4159
f 4140 4159 4141
f 4141 4159 4160
f 4141 4160 4142
f 4142 4160 4161
f 4142 4161 4143
f 4143 4161 4162
f 4143 4162 4144
f 4144 4162 4163
f 4144 4163 4145
f 4145 4163 4164
f 4145 4164 4146
f 4146 4164 4165
f 4146 4165 4147
f 4147 4165 4166
f 4147 4166 4148
f 4148 4166 4167
f 4148 4167 3590
f 3590 4167 4168
f 4149 4169 4170
f 4149 4170 4150
f 4150 4170 4171
f 4150 4171 4151
f 4151 4171 4172
f 4151 4172 4152
f 4152 4172 4173
f 4152 4173 4153
f 4153 4173 4174
f 4153 4174 4154
f 4154 4174 4175
f 4154 4175 4155
f 4155 4175 4176
f 4155 4176 4156
f 4156 4176 4177
f 4156 4177 4157
f 4157 4177 4178
f 4157 4178 4158
f 4158 4178 4179
f 4158 4179 4159
f 4159 4179 4180
f 4159 4180 4160
f 4160 4180 4181
f 4160 4181 4161
f 4161 4181 4182
f 4161 4182 4162
f 4162 4182 4183
f 4162 4183 4163
f 4163 4183 4184
f 4163 4184 4164
f 4164 4184 4185
f 4164 4185 4165
f 4165 4185 4186
f 4165 4186 4166
f 4166 4186 4187
f 4166 4187 4167
f 4167 4187 4188
f 4167 4188 4168
f 4168 4188 4189
f 4169 4190 4191
f 4169 4191 4170
f 4170 4191 4192
f 4170 4192 4171
f 4171 4192 4193
f 4171 4193 4172
f 4172 4193 4194
f 4172 4194 4173
f 4173 4194 4195
f 4173 4195 4174
f 4174 4195 4196
f 4174 4196 4175
f 4175 4196 4197
f 4175 4197 4176
f 4176 4197 4198
f 4176 4198 4177
f 4177 4198 4199
f 4177 4199 4178
f 4178 4199 4200
f 4178 4200 4179
f 4179 4200 4201
f 4179 4201 4180
f 4180 4201 4202
f 4180 4202 4181
f 4181 4202 4203
f 4181 4203 4182
f 4182 4203 4204
f 4182 4204 4183
f 4183 4204 4205
f 4183 4205 4184
f 4184 4205 4206
f 4184 4206 4185
f 4185 4206 4207
f 4185 4207 4186
f 4186 4207 4208
f 4186 4208 4187
f 4187 4208 4209
f 4187 4209 4188
f 4188 4209 4210
f 4188 4210 4189
f 4189 4210 4211
f 4190 4212 4213
f 4190 4213 4191
f 4191 4213 4214
f 4191 4214 4192
f 4192 4214 4215
f 4192 4215 4193
f 4193 4215 4216
f 4193 4216 4194
f 4194 4216 4217
f 4194 4217 4195
f 4195 4217 4218
f 4195 4218 4196
f 4196 4218 4219
f 4196 4219 4197
f 4197 4219 4220
f 4197 4220 4198
f 4198 4220 4221
f 4198 4221 4199
f 4199 4221 4222
f 4199 4222 4200
f 4200 4222 4223
f 4200 4223 4201
f 4201 4223 4224
f 4201 4224 4202
f 4202 4224 4225
f 4202 4225 4203
f 4203 4225 4226
f 4203 4226 4204
f 4204 4226 4227
f 4204 4227 4205
f 4205 4227 4228
f 4205 4228 4206
f 4206 4228 4229
f 4206 4229 4207
f 4207 4229 4230
f 4207 4230 4208
f 4208 4230 4231
f 4208 4231 4209
f 4209 4231 4232
f 4209 4232 4210
f 4210 4232 4233
f 4210 4233 4211
f 4211 4233 4234
f 4212 4235 4236
f 4212 4236 4213
f 4213 4236 4237
f 4213 4237 4214
f 4214 4237 4238
f 4214 4238 4215
f 4215 4238 4239
f 4215 4239 4216
f 4216 4239 4240
f 4216 4240 4217
f 4217 4240 4241
f 4217 4241 4218
f 4218 4241 4242
f 4218 4242 4219
f 4219 4242 4243
f 4219 4243 4220
f 4220 4243 4244
f 4220 4244 4221
f 4221 4244 4245
f 4221 4245 4222
f 4222 4245 4246
f 4222 4246 4223
f 4223 4246 4247
f 4223 4247 4224
f 4224 4247 4248
f 4224 4248 4225
f 4225 4248 4249
f 4225 4249 4226
f 4226 4249 4250
f 4226 4250 4227
f 4227 4250 4251
f 4227 4251 4228
f 4228 4251 4252
f 4228 4252 4229
f 4229 4252 4253
f 4229 4253 4230
f 4230 4253 4254
f 4230 4254 4231
f 4231 4254 4255
f 4231 4255 4232
f 4232 4255 4256
f 4232 4256 4233
f 4233 4256 4257
f 4233 4257 4234
f 4234 4257 4258
f 4235 4259 4260
f 4235 4260 4236
f 4236 4260 4261
f 4236 4261 4237
f 4237 4261 4262
f 4237 4262 4238
f 4238 4262 4263
f 4238 4263 4239
f 4239 4263 4264
f 4239 4264 4240
f 4240 4264 4265
f 4240 4265 4241
f 4241 4265 4266
f 4241 4266 4242
f 4242 4266 4267
f 4242 4267 4243
f 4243 4267 4268
f 4243 4268 4244
f 4244 4268 4269
f 4244 4269 4245
f 4245 4269 4270
f 4245 4270 4246
f 4246 4270 4271
f 4246 4271 4247
f 4247 4271 4272
f 4247 4272 4248
f 4248 4272 4273
f 4248 4273 4249
f 4249 4273 4274
f 4249 4274 4250
f 4250 4274 4275
f 4250 4275 4251
f 4251 4275 4276
f 4251 4276 4252
f 4252 4276 4277
f 4252 4277 4253
f 4253 4277 4278
f 4253 4278 4254
f 4254 4278 4279
f 4254 4279 4255
f 4255 4279 4280
f 4255 4280 4256
f 4256 4280 4281
f 4256 4281 4257
f 4257 4281 4282
f 4257 4282 4258
f 4258 4282 4283
f 4259 4284 4285
f 4259 4285 4260
f 4260 4285 4286
f 4260 4286 4261
f 4261 4286 4287
f 4261 4287 4262
f 4262 4287 4288
f 4262 4288 4263
f 4263 4288 4289
f 4263 4289 4264
f 4264 4289 4290
f 4264 4290 4265
f 4265 4290 4291
f 4265 4291 4266
f 4266 4291 4292
f 4266 4292 4267
f 4267 4292 4293
f 4267 4293 4268
f 4268 4293 4294
f 4268 4294 4269
f 4269 4294 4295
f 4269 4295 4270
f 4270 4295 4296
f 4270 4296 4271
f 4271 4296 4297
f 4271 4297 4272
f 4272 4297 4298
f 4272 4298 4273
f 4273 4298 4299
f 4273 4299 4274
f 4274 4299 4300
f 4274 4300 4275
f 4275 4300 4301
f 4275 4301 4276
f 4276 4301 4302
f 4276 4302 4277
f 4277 4302 4303
f 4277 4303 4278
f 4278 4303 4304
f 4278 4304 4279
f 4279 4304 4305
f 4279 4305 4280
f 4280 4305 4306
f 4280 4306 4281
f 4281 4306 4307
f 4281 4307 4282
f 4282 4307 4308
f 4282 4308 4283
f 4283 4308 4309
f 4284 4310 4311
f 4284 4311 4285
f 4285 4311 4312
f 4285 4312 4286
f 4286 4312 4313
f 4286 4313 4287
f 4287 4313 4314
f 4287 4314 4288
f 4288 4314 4315
f 4288 4315 4289
f 4289 4315 4316
f 4289 4316 4290
f 4290 4316 4317
f 4290 4317 4291
f 4291 4317 4318
f 4291 4318 4292
f 4292 4318 4319
f 4292 4319 4293
f 4293 4319 4320
f 4293 4320 4294
f 4294 4320 4321
f 4294 4321 4295
f 4295 4321 4322
f 4295 4322 4296
f 4296 4322 4323
f 4296 4323 4297
f 4297 4323 4324
f 4297 4324 4298
f 4298 4324 4325
f 4298 4325 4299
f 4299 4325 4326
f 4299 4326 4300
f 4300 4326 4327
f 4300 4327 4301
f 4301 4327 4328
f 4301 4328 4302
f 4302 4328 4329
f 4302 4329 4303
f 4303 4329 4330
f 4303 4330 4304
f 4304 4330 4331
f 4304 4331 4305
f 4305 4331 4332
f 4305 4332 4306
f 4306 4332 4333
f 4306 4333 4307
f 4307 4333 4334
f 4307 4334 4308
f 4308 4334 4335
f 4308 4335 4309
f 4309 4335 4336
f 4310 4337 4338
f 4310 4338 4311
f 4311 4338 4339
f 4311 4339 4312
f 4312 4339 4340
f 4312 4340 4313
f 4313 4340 4341
f 4313 4341 4314
f 4314 4341 4342
f 4314 4342 4315
f 4315 4342 4343
f 4315 4343 4316
f 4316 4343 4344
f 4316 4344 4317
f 4317 4344 4345
f 4317 4345 4318
f 4318 4345 4346
f 4318 4346 4319
f 4319 4346 4347
f 4319 4347 4320
f 4320 4347 4348
f 4320 4348 4321
f 4321 4348 4349
f 4321 4349 4322
f 4322 4349 4350
f 4322 4350 4323
f 4323 4350 4351
f 4323 4351 4324
f 4324 4351 4352
f 4324 4352 4325
f 4325 4352 4353
f 4325 4353 4326
f 4326 4353 4354
f 4326 4354 4327
f 4327 4354 4355
f 4327 4355 4328
f 4328 4355 4356
f 4328 4356 4329
f 4329 4356 4357
f 4329 4357 4330
f 4330 4357 4358
f 4330 4358 4331
f 4331 4358 4359
f 4331 4359 4332
f 4332 4359 4360
f 4332 4360 4333
f 4333 4360 4361
f 4333 4361 4334
f 4334 4361 4362
f 4334 4362 4335
f 4335 4362 4363
f 4335 4363 4336
f 4336 4363 4364
f 4337 4365 4366
f 4337 4366 4338
f 4338 4366 4367
f 4338 4367 4339
f 4339 4367 4368
f 4339 4368 4340
f 4340 4368 4369
f 4340 4369 4341
f 4341 4369 4370
f 4341 4370 4342
f 4342 4370 4371
f 4342 4371 4343
f 4343 4371 4372
f 4343 4372 4344
f 4344 4372 4373
f 4344 4373 4345
f 4345 4373 4374
f 4345 4374 4346
f 4346 4374 4375
f 4346 4375 4347
f 4347 4375 4376
f 4347 4376 4348
f 4348 4376 4377
f 4348 4377 4349
f 4349 4377 4378
f 4349 4378 4350
f 4350 4378 4379
f 4350 4379 4351
f 4351 4379 4380
f 4351 4380 4352
f 4352 4380 4381
f 4352 4381 4353
f 4353 4381 4382
f 4353 4382 4354
f 4354 4382 4383
f 4354 4383 4355
f 4355 4383 4384
f 4355 4384 4356
f 4356 4384 4385
f 4356 4385 4357
f 4357 4385 4386
f 4357 4386 4358
f 4358 4386 4387
f 4358 4387 4359
f 4359 4387 4388
f 4359 4388 4360
f 4360 4388 4389
f 4360 4389 4361
f 4361 4389 4390
f 4361 4390 4362
f 4362 4390 4391
f 4362 4391 4363
f 4363 4391 4392
f 4363 4392 4364
f 4364 4392 435
f 4365 4337 4393
f 4337 4310 4394
f 4337 4394 4393
f 4393 4394 4395
f 4310 4284 4396
f 4310 4396 4394
f 4394 4396 4397
f 4394 4397 4395
f 4395 4397 4398
f 4284 4259 4399
f 4284 4399 4396
f 4396 4399 4400
f 4396 4400 4397
f 4397 4400 4401
f 4397 4401 4398
f 4398 4401 4402
f 4259 4235 4403
f 4259 4403 4399
f 4399 4403 4404
f 4399 4404 4400
f 4400 4404 4405
f 4400 4405 4401
f 4401 4405 4406
f 4401 4406 4402
f 4402 4406 4407
f 4235 4212 4408
f 4235 4408 4403
f 4403 4408 4409
f 4403 4409 4404
f 4404 4409 4410
f 4404 4410 4405
f 4405 4410 4411
f 4405 4411 4406
f 4406 4411 4412
f 4406 4412 4407
f 4407 4412 4413
f 4212 4190 4414
f 4212 4414 4408
f 4408 4414 4415
f 4408 4415 4409
f 4409 4415 4416
f 4409 4416 4410
f 4410 4416 4417
f 4410 4417 4411
f 4411 4417 4418
f 4411 4418 4412
f 4412 4418 4419
f 4412 4419 4413
f 4413 4419 4420
f 4190 4169 4421
f 4190 4421 4414
f 4414 4421 4422
f 4414 4422 4415
f 4415 4422 4423
f 4415 4423 4416
f 4416 4423 4424
f 4416 4424 4417
f 4417 4424 4425
f 4417 4425 4418
f 4418 4425 4426
f 4418 4426 4419
f 4419 4426 4427
f 4419 4427 4420
f 4420 4427 4428
f 4169 4149 4429
f 4169 4429 4421
f 4421 4429 4430
f 4421 4430 4422
f 4422 4430 4431
f 4422 4431 4423
f 4423 4431 4432
f 4423 4432 4424
f 4424 4432 4433
f 4424 4433 4425
f 4425 4433 4434
f 4425 4434 4426
f 4426 4434 4435
f 4426 4435 4427
f 4427 4435 4436
f 4427 4436 4428
f 4428 4436 4437
f 4149 4131 4438
f 4149 4438 4429
f 4429 4438 4439
f 4429 4439 4430
f 4430 4439 4440
f 4430 4440 4431
f 4431 4440 4441
f 4431 4441 4432
f 4432 4441 4442
f 4432 4442 4433
f 4433 4442 4443
f 4433 4443 4434
f 4434 4443 4444
f 4434 4444 4435
f 4435 4444 4445
f 4435 4445 4436
f 4436 4445 4446
f 4436 4446 4437
f 4437 4446 4447
f 4131 4114 4448
f 4131 4448 4438
f 4438 4448 4449
f 4438 4449 4439
f 4439 4449 4450
f 4439 4450 4440
f 4440 4450 4451
f 4440 4451 4441
f 4441 4451 4452
f 4441 4452 4442
f 4442 4452 4453
f 4442 4453 4443
f 4443 4453 4454
f 4443 4454 4444
f 4444 4454 4455
f 4444 4455 4445
f 4445 4455 4456
f 4445 4456 4446
f 4446 4456 4457
f 4446 4457 4447
f 4447 4457 4458
f 4114 4098 4459
f 4114 4459 4448
f 4448 4459 4460
f 4448 4460 4449
f 4449 4460 4461
f 4449 4461 4450
f 4450 4461 4462
f 4450 4462 4451
f 4451 4462 4463
f 4451 4463 4452
f 4452 4463 4464
f 4452 4464 4453
f 4453 4464 4465
f 4453 4465 4454
f 4454 4465 4466
f 4454 4466 4455
f 4455 4466 4467
f 4455 4467 4456
f 4456 4467 4468
f 4456 4468 4457
f 4457 4468 4469
f 4457 4469 4458
f 4458 4469 4470
f 4098 4083 4471
f 4098 4471 4459
f 4459 4471 4472
f 4459 4472 4460
f 4460 4472 4473
f 4460 4473 4461
f 4461 4473 4474
f 4461 4474 4462
f 4462 4474 4475
f 4462 4475 4463
f 4463 4475 4476
f 4463 4476 4464
f 4464 4476 4477
f 4464 4477 4465
f 4465 4477 4478
f 4465 4478 4466
f 4466 4478 4479
f 4466 4479 4467
f 4467 4479 4480
f 4467 4480 4468
f 4468 4480 4481
f 4468 4481 4469
f 4469 4481 4482
f 4469 4482 4470
f 4470 4482 4483
f 4083 4069 4484
f 4083 4484 4471
f 4471 4484 4485
f 4471 4485 4472
f 4472 4485 4486
f 4472 4486 4473
f 4473 4486 4487
f 4473 4487 4474
f 4474 4487 4488
f 4474 4488 4475
f 4475 4488 4489
f 4475 4489 4476
f 4476 4489 4490
f 4476 4490 4477
f 4477 4490 4491
f 4477 4491 4478
f 4478 4491 4492
f 4478 4492 4479
f 4479 4492 4493
f 4479 4493 4480
f 4480 4493 4494
f 4480 4494 4481
f 4481 4494 4495
f 4481 4495 4482
f 4482 4495 4496
f 4482 4496 4483
f 4483 4496 4497
f 4069 4056 4498
f 4069 4498 4484
f 4484 4498 4499
f 4484 4499 4485
f 4485 4499 4500
f 4485 4500 4486
f 4486 4500 4501
f 4486 4501 4487
f 4487 4501 4502
f 4487 4502 4488
f 4488 4502 4503
f 4488 4503 4489
f 4489 4503 4504
f 4489 4504 4490
f 4490 4504 4505
f 4490 4505 4491
f 4491 4505 4506
f 4491 4506 4492
f 4492 4506 4507
f 4492 4507 4493
f 4493 4507 4508
f 4493 4508 4494
f 4494 4508 4509
f 4494 4509 4495
f 4495 4509 4510
f 4495 4510 4496
f 4496 4510 4511
f 4496 4511 4497
f 4497 4511 4512
f 4056 4044 4513
f 4056 4513 4498
f 4498 4513 4514
f 4498 4514 4499
f 4499 4514 4515
f 4499 4515 4500
f 4500 4515 4516
f 4500 4516 4501
f 4501 4516 4517
f 4501 4517 4502
f 4502 4517 4518
f 4502 4518 4503
f 4503 4518 4519
f 4503 4519 4504
f 4504 4519 4520
f 4504 4520 4505
f 4505 4520 4521
f 4505 4521 4506
f 4506 4521 4522
f 4506 4522 4507
f 4507 4522 4523
f 4507 4523 4508
f 4508 4523 4524
f 4508 4524 4509
f 4509 4524 4525
f 4509 4525 4510
f 4510 4525 4526
f 4510 4526 4511
f 4511 4526 4527
f 4511 4527 4512
f 4512 4527 4528
f 4044 4033 4529
f 4044 4529 4513
f 4513 4529 4530
f 4513 4530 4514
f 4514 4530 4531
f 4514 4531 4515
f 4515 4531 4532
f 4515 4532 4516
f 4516 4532 4533
f 4516 4533 4517
f 4517 4533 4534
f 4517 4534 4518
f 4518 4534 4535
f 4518 4535 4519
f 4519 4535 4536
f 4519 4536 4520
f 4520 4536 4537
f 4520 4537 4521
f 4521 4537 4538
f 4521 4538 4522
f 4522 4538 4539
f 4522 4539 4523
f 4523 4539 4540
f 4523 4540 4524
f 4524 4540 4541
f 4524 4541 4525
f 4525 4541 4542
f 4525 4542 4526
f 4526 4542 4543
f 4526 4543 4527
f 4527 4543 4544
f 4527 4544 4528
f 4528 4544 4545
f 4033 4023 4546
f 4033 4546 4529
f 4529 4546 4547
f 4529 4547 4530
f 4530 4547 4548
f 4530 4548 4531
f 4531 4548 4549
f 4531 4549 4532
f 4532 4549 4550
f 4532 4550 4533
f 4533 4550 4551
f 4533 4551 4534
f 4534 4551 4552
f 4534 4552 4535
f 4535 4552 4553
f 4535 4553 4536
f 4536 4553 4554
f 4536 4554 4537
f 4537 4554 4555
f 4537 4555 4538
f 4538 4555 4556
f 4538 4556 4539
f 4539 4556 4557
f 4539 4557 4540
f 4540 4557 4558
f 4540 4558 4541
f 4541 4558 4559
f 4541 4559 4542
f 4542 4559 4560
f 4542 4560 4543
f 4543 4560 4561
f 4543 4561 4544
f 4544 4561 4562
f 4544 4562 4545
f 4545 4562 4563
f 4023 4014 4564
f 4023 4564 4546
f 4546 4564 4565
f 4546 4565 4547
f 4547 4565 4566
f 4547 4566 4548
f 4548 4566 4567
f 4548 4567 4549
f 4549 4567 4568
f 4549 4568 4550
f 4550 4568 4569
f 4550 4569 4551
f 4551 4569 4570
f 4551 4570 4552
f 4552 4570 4571
f 4552 4571 4553
f 4553 4571 4572
f 4553 4572 4554
f 4554 4572 4573
f 4554 4573 4555
f 4555 4573 4574
f 4555 4574 4556
f 4556 4574 4575
f 4556 4575 4557
f 4557 4575 4576
f 4557 4576 4558
f 4558 4576 4577
f 4558 4577 4559
f 4559 4577 4578
f 4559 4578 4560
f 4560 4578 4579
f 4560 4579 4561
f 4561 4579 4580
f 4561 4580 4562
f 4562 4580 4581
f 4562 4581 4563
f 4563 4581 4582
f 4014 4006 4583
f 4014 4583 4564
f 4564 4583 4584
f 4564 4584 4565
f 4565 4584 4585
f 4565 4585 4566
f 4566 4585 4586
f 4566 4586 4567
f 4567 4586 4587
f 4567 4587 4568
f 4568 4587 4588
f 4568 4588 4569
f 4569 4588 4589
f 4569 4589 4570
f 4570 4589 4590
f 4570 4590 4571
f 4571 4590 4591
f 4571 4591 4572
f 4572 4591 4592
f 4572 4592 4573
f 4573 4592 4593
f 4573 4593 4574
f 4574 4593 4594
f 4574 4594 4575
f 4575 4594 4595
f 4575 4595 4576
f 4576 4595 4596
f 4576 4596 4577
f 4577 4596 4597
f 4577 4597 4578
f 4578 4597 4598
f 4578 4598 4579
f 4579 4598 4599
f 4579 4599 4580
f 4580 4599 4600
f 4580 4600 4581
f 4581 4600 4601
f 4581 4601 4582
f 4582 4601 4602
f 4006 3999 4603
f 4006 4603 4583
f 4583 4603 4604
f 4583 4604 4584
f 4584 4604 4605
f 4584 4605 4585
f 4585 4605 4606
f 4585 4606 4586
f 4586 4606 4607
f 4586 4607 4587
f 4587 4607 4608
f 4587 4608 4588
f 4588 4608 4609
f 4588 4609 4589
f 4589 4609 4610
f 4589 4610 4590
f 4590 4610 4611
f 4590 4611 4591
f 4591 4611 4612
f 4591 4612 4592
f 4592 4612 4613
f 4592 4613 4593
f 4593 4613 4614
f 4593 4614 4594
f 4594 4614 4615
f 4594 4615 4595
f 4595 4615 4616
f 4595 4616 4596
f 4596 4616 4617
f 4596 4617 4597
f 4597 4617 4618
f 4597 4618 4598
f 4598 4618 4619
f 4598 4619 4599
f 4599 4619 4620
f 4599 4620 4600
f 4600 4620 4621
f 4600 4621 4601
f 4601 4621 4622
f 4601 4622 4602
f 4602 4622 4623
f 3999 3993 4624
f 3999 4624 4603
f 4603 4624 4625
f 4603 4625 4604
f 4604 4625 4626
f 4604 4626 4605
f 4605 4626 4627
f 4605 4627 4606
f 4606 4627 4628
f 4606 4628 4607
f 4607 4628 4629
f 4607 4629 4608
f 4608 4629 4630
f 4608 4630 4609
f 4609 4630 4631
f 4609 4631 4610
f 4610 4631 4632
f 4610 4632 4611
f 4611 4632 4633
f 4611 4633 4612
f 4612 4633 4634
f 4612 4634 4613
f 4613 4634 4635
f 4613 4635 4614
f 4614 4635 4636
f 4614 4636 4615
f 4615 4636 4637
f 4615 4637 4616
f 4616 4637 4638
f 4616 4638 4617
f 4617 4638 4639
f 4617 4639 4618
f 4618 4639 4640
f 4618 4640 4619
f 4619 4640 4641
f 4619 4641 4620
f 4620 4641 4642
f 4620 4642 4621
f 4621 4642 4643
f 4621 4643 4622
f 4622 4643 4644
f 4622 4644 4623
f 4623 4644 4645
f 3993 3988 4646
f 3993 4646 4624
f 4624 4646 4647
f 4624 4647 4625
f 4625 4647 4648
f 4625 4648 4626
f 4626 4648 4649
f 4626 4649 4627
f 4627 4649 4650
f 4627 4650 4628
f 4628 4650 4651
f 4628 4651 4629
f 4629 4651 4652
f 4629 4652 4630
f 4630 4652 4653
f 4630 4653 4631
f 4631 4653 4654
f 4631 4654 4632
f 4632 4654 4655
f 4632 4655 4633
f 4633 4655 4656
f 4633 4656 4634
f 4634 4656 4657
f 4634 4657 4635
f 4635 4657 4658
f 4635 4658 4636
f 4636 4658 4659
f 4636 4659 4637
f 4637 4659 4660
f 4637 4660 4638
f 4638 4660 4661
f 4638 4661 4639
f 4639 4661 4662
f 4639 4662 4640
f 4640 4662 4663
f 4640 4663 4641
f 4641 4663 4664
f 4641 4664 4642
f 4642 4664 4665
f 4642 4665 4643
f 4643 4665 4666
f 4643 4666 4644
f 4644 4666 4667
f 4644 4667 4645
f 4645 4667 4668
f 3988 3984 4669
f 3988 4669 4646
f 4646 4669 4670
f 4646 4670 4647
f 4647 4670 4671
f 4647 4671 4648
f 4648 4671 4672
f 4648 4672 4649
f 4649 4672 4673
f 4649 4673 4650
f 4650 4673 4674
f 4650 4674 4651
f 4651 4674 4675
f 4651 4675 4652
f 4652 4675 4676
f 4652 4676 4653
f 4653 4676 4677
f 4653 4677 4654
f 4654 4677 4678
f 4654 4678 4655
f 4655 4678 4679
f 4655 4679 4656
f 4656 4679 4680
f 4656 4680 4657
f 4657 4680 4681
f 4657 4681 4658
f 4658 4681 4682
f 4658 4682 4659
f 4659 4682 4683
f 4659 4683 4660
f 4660 4683 4684
f 4660 4684 4661
f 4661 4684 4685
f 4661 4685 4662
f 4662 4685 4686
f 4662 4686 4663
f 4663 4686 4687
f 4663 4687 4664
f 4664 4687 4688
f 4664 4688 4665
f 4665 4688 4689
f 4665 4689 4666
f 4666 4689 4690
f 4666 4690 4667
f 4667 4690 4691
f 4667 4691 4668
f 4668 4691 4692
f 3984 3981 4693
f 3984 4693 4669
f 4669 4693 4694
f 4669 4694 4670
f 4670 4694 4695
f 4670 4695 4671
f 4671 4695 4696
f 4671 4696 4672
f 4672 4696 4697
f 4672 4697 4673
f 4673 4697 4698
f 4673 4698 4674
f 4674 4698 4699
f 4674 4699 4675
f 4675 4699 4700
f 4675 4700 4676
f 4676 4700 4701
f 4676 4701 4677
f 4677 4701 4702
f 4677 4702 4678
f 4678 4702 4703
f 4678 4703 4679
f 4679 4703 4704
f 4679 4704 4680
f 4680 4704 4705
f 4680 4705 4681
f 4681 4705 4706
f 4681 4706 4682
f 4682 4706 4707
f 4682 4707 4683
f 4683 4707 4708
f 4683 4708 4684
f 4684 4708 4709
f 4684 4709 4685
f 4685 4709 4710
f 4685 4710 4686
f 4686 4710 4711
f 4686 4711 4687
f 4687 4711 4712
f 4687 4712 4688
f 4688 4712 4713
f 4688 4713 4689
f 4689 4713 4714
f 4689 4714 4690
f 4690 4714 4715
f 4690 4715 4691
f 4691 4715 4716
f 4691 4716 4692
f 4692 4716 4717
f 3981 3979 4718
f 3981 4718 4693
f 4693 4718 4719
f 4693 4719 4694
f 4694 4719 4720
f 4694 4720 4695
f 4695 4720 4721
f 4695 4721 4696
f 4696 4721 4722
f 4696 4722 4697
f 4697 4722 4723
f 4697 4723 4698
f 4698 4723 4724
f 4698 4724 4699
f 4699 4724 4725
f 4699 4725 4700
f 4700 4725 4726
f 4700 4726 4701
f 4701 4726 4727
f 4701 4727 4702
f 4702 4727 4728
f 4702 4728 4703
f 4703 4728 4729
f 4703 4729 4704
f 4704 4729 4730
f 4704 4730 4705
f 4705 4730 4731
f 4705 4731 4706
f 4706 4731 4732
f 4706 4732 4707
f 4707 4732 4733
f 4707 4733 4708
f 4708 4733 4734
f 4708 4734 4709
f 4709 4734 4735
f 4709 4735 4710
f 4710 4735 4736
f 4710 4736 4711
f 4711 4736 4737
f 4711 4737 4712
f 4712 4737 4738
f 4712 4738 4713
f 4713 4738 4739
f 4713 4739 4714
f 4714 4739 4740
f 4714 4740 4715
f 4715 4740 4741
f 4715 4741 4716
f 4716 4741 4742
f 4716 4742 4717
f 4717 4742 4743
f 3979 3978 4744
f 3979 4744 4718
f 4718 4744 4745
f 4718 4745 4719
f 4719 4745 4746
f 4719 4746 4720
f 4720 4746 4747
f 4720 4747 4721
f 4721 4747 4748
f 4721 4748 4722
f 4722 4748 4749
f 4722 4749 4723
f 4723 4749 4750
f 4723 4750 4724
f 4724 4750 4751
f 4724 4751 4725
f 4725 4751 4752
f 4725 4752 4726
f 4726 4752 4753
f 4726 4753 4727
f 4727 4753 4754
f 4727 4754 4728
f 4728 4754 4755
f 4728 4755 4729
f 4729 4755 4756
f 4729 4756 4730
f 4730 4756 4757
f 4730 4757 4731
f 4731 4757 4758
f 4731 4758 4732
f 4732 4758 4759
f 4732 4759 4733
f 4733 4759 4760
f 4733 4760 4734
f 4734 4760 4761
f 4734 4761 4735
f 4735 4761 4762
f 4735 4762 4736
f 4736 4762 4763
f 4736 4763 4737
f 4737 4763 4764
f 4737 4764 4738
f 4738 4764 4765
f 4738 4765 4739
f 4739 4765 4766
f 4739 4766 4740
f 4740 4766 4767
f 4740 4767 4741
f 4741 4767 4768
f 4741 4768 4742
f 4742 4768 4769
f 4742 4769 4743
f 4743 4769 4770
f 3978 3572 3600
f 3978 3600 4744
f 4744 3600 3602
f 4744 3602 4745
f 4745 3602 3605
f 4745 3605 4746
f 4746 3605 3609
f 4746 3609 4747
f 4747 3609 3614
f 4747 3614 4748
f 4748 3614 3620
f 4748 3620 4749
f 4749 3620 3627
f 4749 3627 4750
f 4750 3627 3635
f 4750 3635 4751
f 4751 3635 3644
f 4751 3644 4752
f 4752 3644 3654
f 4752 3654 4753
f 4753 3654 3665
f 4753 3665 4754
f 4754 3665 3677
f 4754 3677 4755
f 4755 3677 3690
f 4755 3690 4756
f 4756 3690 3704
f 4756 3704 4757
f 4757 3704 3719
f 4757 3719 4758
f 4758 3719 3735
f 4758 3735 4759
f 4759 3735 3752
f 4759 3752 4760
f 4760 3752 3770
f 4760 3770 4761
f 4761 3770 4771
f 4761 4771 4762
f 4762 4771 4772
f 4762 4772 4763
f 4763 4772 4773
f 4763 4773 4764
f 4764 4773 4774
f 4764 4774 4765
f 4765 4774 4775
f 4765 4775 4766
f 4766 4775 4776
f 4766 4776 4767
f 4767 4776 4777
f 4767 4777 4768
f 4768 4777 4778
f 4768 4778 4769
f 4769 4778 4779
f 4769 4779 4770
f 4770 4779 841
f 4365 4780 4366
f 4780 4781 4782
f 4780 4782 4366
f 4366 4782 4367
f 4781 4783 4784
f 4781 4784 4782
f 4782 4784 4785
f 4782 4785 4367
f 4367 4785 4368
f 4783 4786 4787
f 4783 4787 4784
f 4784 4787 4788
f 4784 4788 4785
f 4785 4788 4789
f 4785 4789 4368
f 4368 4789 4369
f 4786 4790 4791
f 4786 4791 4787
f 4787 4791 4792
f 4787 4792 4788
f 4788 4792 4793
f 4788 4793 4789
f 4789 4793 4794
f 4789 4794 4369
f 4369 4794 4370
f 4790 4795 4796
f 4790 4796 4791
f 4791 4796 4797
f 4791 4797 4792
f 4792 4797 4798
f 4792 4798 4793
f 4793 4798 4799
f 4793 4799 4794
f 4794 4799 4800
f 4794 4800 4370
f 4370 4800 4371
f 4795 4801 4802
f 4795 4802 4796
f 4796 4802 4803
f 4796 4803 4797
f 4797 4803 4804
f 4797 4804 4798
f 4798 4804 4805
f 4798 4805 4799
f 4799 4805 4806
f 4799 4806 4800
f 4800 4806 4807
f 4800 4807 4371
f 4371 4807 4372
f 4801 4808 4809
f 4801 4809 4802
f 4802 4809 4810
f 4802 4810 4803
f 4803 4810 4811
f 4803 4811 4804
f 4804 4811 4812
f 4804 4812 4805
f 4805 4812 4813
f 4805 4813 4806
f 4806 4813 4814
f 4806 4814 4807
f 4807 4814 4815
f 4807 4815 4372
f 4372 4815 4373
f 4808 4816 4817
f 4808 4817 4809
f 4809 4817 4818
f 4809 4818 4810
f 4810 4818 4819
f 4810 4819 4811
f 4811 4819 4820
f 4811 4820 4812
f 4812 4820 4821
f 4812 4821 4813
f 4813 4821 4822
f 4813 4822 4814
f 4814 4822 4823
f 4814 4823 4815
f 4815 4823 4824
f 4815 4824 4373
f 4373 4824 4374
f 4816 4825 4826
f 4816 4826 4817
f 4817 4826 4827
f 4817 4827 4818
f 4818 4827 4828
f 4818 4828 4819
f 4819 4828 4829
f 4819 4829 4820
f 4820 4829 4830
f 4820 4830 4821
f 4821 4830 4831
f 4821 4831 4822
f 4822 4831 4832
f 4822 4832 4823
f 4823 4832 4833
f 4823 4833 4824
f 4824 4833 4834
f 4824 4834 4374
f 4374 4834 4375
f 4825 4835 4836
f 4825 4836 4826
f 4826 4836 4837
f 4826 4837 4827
f 4827 4837 4838
f 4827 4838 4828
f 4828 4838 4839
f 4828 4839 4829
f 4829 4839 4840
f 4829 4840 4830
f 4830 4840 4841
f 4830 4841 4831
f 4831 4841 4842
f 4831 4842 4832
f 4832 4842 4843
f 4832 4843 4833
f 4833 4843 4844
f 4833 4844 4834
f 4834 4844 4845
f 4834 4845 4375
f 4375 4845 4376
f 4835 4846 4847
f 4835 4847 4836
f 4836 4847 4848
f 4836 4848 4837
f 4837 4848 4849
f 4837 4849 4838
f 4838 4849 4850
f 4838 4850 4839
f 4839 4850 4851
f 4839 4851 4840
f 4840 4851 4852
f 4840 4852 4841
f 4841 4852 4853
f 4841 4853 4842
f 4842 4853 4854
f 4842 4854 4843
f 4843 4854 4855
f 4843 4855 4844
f 4844 4855 4856
f 4844 4856 4845
f 4845 4856 4857
f 4845 4857 4376
f 4376 4857 4377
f 4846 4858 4859
f 4846 4859 4847
f 4847 4859 4860
f 4847 4860 4848
f 4848 4860 4861
f 4848 4861 4849
f 4849 4861 4862
f 4849 4862 4850
f 4850 4862 4863
f 4850 4863 4851
f 4851 4863 4864
f 4851 4864 4852
f 4852 4864 4865
f 4852 4865 4853
f 4853 4865 4866
f 4853 4866 4854
f 4854 4866 4867
f 4854 4867 4855
f 4855 4867 4868
f 4855 4868 4856
f 4856 4868 4869
f 4856 4869 4857
f 4857 4869 4870
f 4857 4870 4377
f 4377 4870 4378
f 4858 4871 4872
f 4858 4872 4859
f 4859 4872 4873
f 4859 4873 4860
f 4860 4873 4874
f 4860 4874 4861
f 4861 4874 4875
f 4861 4875 4862
f 4862 4875 4876
f 4862 4876 4863
f 4863 4876 4877
f 4863 4877 4864
f 4864 4877 4878
f 4864 4878 4865
f 4865 4878 4879
f 4865 4879 4866
f 4866 4879 4880
f 4866 4880 4867
f 4867 4880 4881
f 4867 4881 4868
f 4868 4881 4882
f 4868 4882 4869
f 4869 4882 4883
f 4869 4883 4870
f 4870 4883 4884
f 4870 4884 4378
f 4378 4884 4379
f 4871 4885 4886
f 4871 4886 4872
f 4872 4886 4887
f 4872 4887 4873
f 4873 4887 4888
f 4873 4888 4874
f 4874 4888 4889
f 4874 4889 4875
f 4875 4889 4890
f 4875 4890 4876
f 4876 4890 4891
f 4876 4891 4877
f 4877 4891 4892
f 4877 4892 4878
f 4878 4892 4893
f 4878 4893 4879
f 4879 4893 4894
f 4879 4894 4880
f 4880 4894 4895
f 4880 4895 4881
f 4881 4895 4896
f 4881 4896 4882
f 4882 4896 4897
f 4882 4897 4883
f 4883 4897 4898
f 4883 4898 4884
f 4884 4898 4899
f 4884 4899 4379
f 4379 4899 4380
f 4885 4900 4901
f 4885 4901 4886
f 4886 4901 4902
f 4886 4902 4887
f 4887 4902 4903
f 4887 4903 4888
f 4888 4903 4904
f 4888 4904 4889
f 4889 4904 4905
f 4889 4905 4890
f 4890 4905 4906
f 4890 4906 4891
f 4891 4906 4907
f 4891 4907 4892
f 4892 4907 4908
f 4892 4908 4893
f 4893 4908 4909
f 4893 4909 4894
f 4894 4909 4910
f 4894 4910 4895
f 4895 4910 4911
f 4895 4911 4896
f 4896 4911 4912
f 4896 4912 4897
f 4897 4912 4913
f 4897 4913 4898
f 4898 4913 4914
f 4898 4914 4899
f 4899 4914 4915
f 4899 4915 4380
f 4380 4915 4381
f 4900 4916 4917
f 4900 4917 4901
f 4901 4917 4918
f 4901 4918 4902
f 4902 4918 4919
f 4902 4919 4903
f 4903 4919 4920
f 4903 4920 4904
f 4904 4920 4921
f 4904 4921 4905
f 4905 4921 4922
f 4905 4922 4906
f 4906 4922 4923
f 4906 4923 4907
f 4907 4923 4924
f 4907 4924 4908
f 4908 4924 4925
f 4908 4925 4909
f 4909 4925 4926
f 4909 4926 4910
f 4910 4926 4927
f 4910 4927 4911
f 4911 4927 4928
f 4911 4928 4912
f 4912 4928 4929
f 4912 4929 4913
f 4913 4929 4930
f 4913 4930 4914
f 4914 4930 4931
f 4914 4931 4915
f 4915 4931 4932
f 4915 4932 4381
f 4381 4932 4382
f 4916 4933 4934
f 4916 4934 4917
f 4917 4934 4935
f 4917 4935 4918
f 4918 4935 4936
f 4918 4936 4919
f 4919 4936 4937
f 4919 4937 4920
f 4920 4937 4938
f 4920 4938 4921
f 4921 4938 4939
f 4921 4939 4922
f 4922 4939 4940
f 4922 4940 4923
f 4923 4940 4941
f 4923 4941 4924
f 4924 4941 4942
f 4924 4942 4925
f 4925 4942 4943
f 4925 4943 4926
f 4926 4943 4944
f 4926 4944 4927
f 4927 4944 4945
f 4927 4945 4928
f 4928 4945 4946
f 4928 4946 4929
f 4929 4946 4947
f 4929 4947 4930
f 4930 4947 4948
f 4930 4948 4931
f 4931 4948 4949
f 4931 4949 4932
f 4932 4949 4950
f 4932 4950 4382
f 4382 4950 4383
f 4933 4951 4952
f 4933 4952 4934
f 4934 4952 4953
f 4934 4953 4935
f 4935 4953 4954
f 4935 4954 4936
f 4936 4954 4955
f 4936 4955 4937
f 4937 4955 4956
f 4937 4956 4938
f 4938 4956 4957
f 4938 4957 4939
f 4939 4957 4958
f 4939 4958 4940
f 4940 4958 4959
f 4940 4959 4941
f 4941 4959 4960
f 4941 4960 4942
f 4942 4960 4961
f 4942 4961 4943
f 4943 4961 4962
f 4943 4962 4944
f 4944 4962 4963
f 4944 4963 4945
f 4945 4963 4964
f 4945 4964 4946
f 4946 4964 4965
f 4946 4965 4947
f 4947 4965 4966
f 4947 4966 4948
f 4948 4966 4967
f 4948 4967 4949
f 4949 4967 4968
f 4949 4968 4950
f 4950 4968 4969
f 4950 4969 4383
f 4383 4969 4384
f 4951 4970 4971
f 4951 4971 4952
f 4952 4971 4972
f 4952 4972 4953
f 4953 4972 4973
f 4953 4973 4954
f 4954 4973 4974
f 4954 4974 4955
f 4955 4974 4975
f 4955 4975 4956
f 4956 4975 4976
f 4956 4976 4957
f 4957 4976 4977
f 4957 4977 4958
f 4958 4977 4978
f 4958 4978 4959
f 4959 4978 4979
f 4959 4979 4960
f 4960 4979 4980
f 4960 4980 4961
f 4961 4980 4981
f 4961 4981 4962
f 4962 4981 4982
f 4962 4982 4963
f 4963 4982 4983
f 4963 4983 4964
f 4964 4983 4984
f 4964 4984 4965
f 4965 4984 4985
f 4965 4985 4966
f 4966 4985 4986
f 4966 4986 4967
f 4967 4986 4987
f 4967 4987 4968
f 4968 4987 4988
f 4968 4988 4969
f 4969 4988 4989
f 4969 4989 4384
f 4384 4989 4385
f 4970 4990 4991
f 4970 4991 4971
f 4971 4991 4992
f 4971 4992 4972
f 4972 4992 4993
f 4972 4993 4973
f 4973 4993 4994
f 4973 4994 4974
f 4974 4994 4995
f 4974 4995 4975
f 4975 4995 4996
f 4975 4996 4976
f 4976 4996 4997
f 4976 4997 4977
f 4977 4997 4998
f 4977 4998 4978
f 4978 4998 4999
f 4978 4999 4979
f 4979 4999 5000
f 4979 5000 4980
f 4980 5000 5001
f 4980 5001 4981
f 4981 5001 5002
f 4981 5002 4982
f 4982 5002 5003
f 4982 5003 4983
f 4983 5003 5004
f 4983 5004 4984
f 4984 5004 5005
f 4984 5005 4985
f 4985 5005 5006
f 4985 5006 4986
f 4986 5006 5007
f 4986 5007 4987
f 4987 5007 5008
f 4987 5008 4988
f 4988 5008 5009
f 4988 5009 4989
f 4989 5009 5010
f 4989 5010 4385
f 4385 5010 4386
f 4990 5011 5012
f 4990 5012 4991
f 4991 5012 5013
f 4991 5013 4992
f 4992 5013 5014
f 4992 5014 4993
f 4993 5014 5015
f 4993 5015 4994
f 4994 5015 5016
f 4994 5016 4995
f 4995 5016 5017
f 4995 5017 4996
f 4996 5017 5018
f 4996 5018 4997
f 4997 5018 5019
f 4997 5019 4998
f 4998 5019 5020
f 4998 5020 4999
f 4999 5020 5021
f 4999 5021 5000
f 5000 5021 5022
f 5000 5022 5001
f 5001 5022 5023
f 5001 5023 5002
f 5002 5023 5024
f 5002 5024 5003
f 5003 5024 5025
f 5003 5025 5004
f 5004 5025 5026
f 5004 5026 5005
f 5005 5026 5027
f 5005 5027 5006
f 5006 5027 5028
f 5006 5028 5007
f 5007 5028 5029
f 5007 5029 5008
f 5008 5029 5030
f 5008 5030 5009
f 5009 5030 5031
f 5009 5031 5010
f 5010 5031 5032
f 5010 5032 4386
f 4386 5032 4387
f 5011 5033 5034
f 5011 5034 5012
f 5012 5034 5035
f 5012 5035 5013
f 5013 5035 5036
f 5013 5036 5014
f 5014 5036 5037
f 5014 5037 5015
f 5015 5037 5038
f 5015 5038 5016
f 5016 5038 5039
f 5016 5039 5017
f 5017 5039 5040
f 5017 5040 5018
f 5018 5040 5041
f 5018 5041 5019
f 5019 5041 5042
f 5019 5042 5020
f 5020 5042 5043
f 5020 5043 5021
f 5021 5043 5044
f 5021 5044 5022
f 5022 5044 5045
f 5022 5045 5023
f 5023 5045 5046
f 5023 5046 5024
f 5024 5046 5047
f 5024 5047 5025
f 5025 5047 5048
f 5025 5048 5026
f 5026 5048 5049
f 5026 5049 5027
f 5027 5049 5050
f 5027 5050 5028
f 5028 5050 5051
f 5028 5051 5029
f 5029 5051 5052
f 5029 5052 5030
f 5030 5052 5053
f 5030 5053 5031
f 5031 5053 5054
f 5031 5054 5032
f 5032 5054 5055
f 5032 5055 4387
f 4387 5055 4388
f 5033 5056 5057
f 5033 5057 5034
f 5034 5057 5058
f 5034 5058 5035
f 5035 5058 5059
f 5035 5059 5036
f 5036 5059 5060
f 5036 5060 5037
f 5037 5060 5061
f 5037 5061 5038
f 5038 5061 5062
f 5038 5062 5039
f 5039 5062 5063
f 5039 5063 5040
f 5040 5063 5064
f 5040 5064 5041
f 5041 5064 5065
f 5041 5065 5042
f 5042 5065 5066
f 5042 5066 5043
f 5043 5066 5067
f 5043 5067 5044
f 5044 5067 5068
f 5044 5068 5045
f 5045 5068 5069
f 5045 5069 5046
f 5046 5069 5070
f 5046 5070 5047
f 5047 5070 5071
f 5047 5071 5048
f 5048 5071 5072
f 5048 5072 5049
f 5049 5072 5073
f 5049 5073 5050
f 5050 5073 5074
f 5050 5074 5051
f 5051 5074 5075
f 5051 5075 5052
f 5052 5075 5076
f 5052 5076 5053
f 5053 5076 5077
f 5053 5077 5054
f 5054 5077 5078
f 5054 5078 5055
f 5055 5078 5079
f 5055 5079 4388
f 4388 5079 4389
f 5056 5080 5081
f 5056 5081 5057
f 5057 5081 5082
f 5057 5082 5058
f 5058 5082 5083
f 5058 5083 5059
f 5059 5083 5084
f 5059 5084 5060
f 5060 5084 5085
f 5060 5085 5061
f 5061 5085 5086
f 5061 5086 5062
f 5062 5086 5087
f 5062 5087 5063
f 5063 5087 5088
f 5063 5088 5064
f 5064 5088 5089
f 5064 5089 5065
f 5065 5089 5090
f 5065 5090 5066
f 5066 5090 5091
f 5066 5091 5067
f 5067 5091 5092
f 5067 5092 5068
f 5068 5092 5093
f 5068 5093 5069
f 5069 5093 5094
f 5069 5094 5070
f 5070 5094 5095
f 5070 5095 5071
f 5071 5095 5096
f 5071 5096 5072
f 5072 5096 5097
f 5072 5097 5073
f 5073 5097 5098
f 5073 5098 5074
f 5074 5098 5099
f 5074 5099 5075
f 5075 5099 5100
f 5075 5100 5076
f 5076 5100 5101
f 5076 5101 5077
f 5077 5101 5102
f 5077 5102 5078
f 5078 5102 5103
f 5078 5103 5079
f 5079 5103 5104
f 5079 5104 4389
f 4389 5104 4390
f 5080 5105 5106
f 5080 5106 5081
f 5081 5106 5107
f 5081 5107 5082
f 5082 5107 5108
f 5082 5108 5083
f 5083 5108 5109
f 5083 5109 5084
f 5084 5109 5110
f 5084 5110 5085
f 5085 5110 5111
f 5085 5111 5086
f 5086 5111 5112
f 5086 5112 5087
f 5087 5112 5113
f 5087 5113 5088
f 5088 5113 5114
f 5088 5114 5089
f 5089 5114 5115
f 5089 5115 5090
f 5090 5115 5116
f 5090 5116 5091
f 5091 5116 5117
f 5091 5117 5092
f 5092 5117 5118
f 5092 5118 5093
f 5093 5118 5119
f 5093 5119 5094
f 5094 5119 5120
f 5094 5120 5095
f 5095 5120 5121
f 5095 5121 5096
f 5096 5121 5122
f 5096 5122 5097
f 5097 5122 5123
f 5097 5123 5098
f 5098 5123 5124
f 5098 5124 5099
f 5099 5124 5125
f 5099 5125 5100
f 5100 5125 5126
f 5100 5126 5101
f 5101 5126 5127
f 5101 5127 5102
f 5102 5127 5128
f 5102 5128 5103
f 5103 5128 5129
f 5103 5129 5104
f 5104 5129 5130
f 5104 5130 4390
f 4390 5130 4391
f 5105 5131 5132
f 5105 5132 5106
f 5106 5132 5133
f 5106 5133 5107
f 5107 5133 5134
f 5107 5134 5108
f 5108 5134 5135
f 5108 5135 5109
f 5109 5135 5136
f 5109 5136 5110
f 5110 5136 5137
f 5110 5137 5111
f 5111 5137 5138
f 5111 5138 5112
f 5112 5138 5139
f 5112 5139 5113
f 5113 5139 5140
f 5113 5140 5114
f 5114 5140 5141
f 5114 5141 5115
f 5115 5141 5142
f 5115 5142 5116
f 5116 5142 5143
f 5116 5143 5117
f 5117 5143 5144
f 5117 5144 5118
f 5118 5144 5145
f 5118 5145 5119
f 5119 5145 5146
f 5119 5146 5120
f 5120 5146 5147
f 5120 5147 5121
f 5121 5147 5148
f 5121 5148 5122
f 5122 5148 5149
f 5122 5149 5123
f 5123 5149 5150
f 5123 5150 5124
f 5124 5150 5151
f 5124 5151 5125
f 5125 5151 5152
f 5125 5152 5126
f 5126 5152 5153
f 5126 5153 5127
f 5127 5153 5154
f 5127 5154 5128
f 5128 5154 5155
f 5128 5155 5129
f 5129 5155 5156
f 5129 5156 5130
f 5130 5156 5157
f 5130 5157 4391
f 4391 5157 4392
f 5131 5158 5159
f 5131 5159 5132
f 5132 5159 5160
f 5132 5160 5133
f 5133 5160 5161
f 5133 5161 5134
f 5134 5161 5162
f 5134 5162 5135
f 5135 5162 5163
f 5135 5163 5136
f 5136 5163 5164
f 5136 5164 5137
f 5137 5164 5165
f 5137 5165 5138
f 5138 5165 5166
f 5138 5166 5139
f 5139 5166 5167
f 5139 5167 5140
f 5140 5167 5168
f 5140 5168 5141
f 5141 5168 5169
f 5141 5169 5142
f 5142 5169 5170
f 5142 5170 5143
f 5143 5170 5171
f 5143 5171 5144
f 5144 5171 5172
f 5144 5172 5145
f 5145 5172 5173
f 5145 5173 5146
f 5146 5173 5174
f 5146 5174 5147
f 5147 5174 5175
f 5147 5175 5148
f 5148 5175 5176
f 5148 5176 5149
f 5149 5176 5177
f 5149 5177 5150
f 5150 5177 5178
f 5150 5178 5151
f 5151 5178 5179
f 5151 5179 5152
f 5152 5179 5180
f 5152 5180 5153
f 5153 5180 5181
f 5153 5181 5154
f 5154 5181 5182
f 5154 5182 5155
f 5155 5182 5183
f 5155 5183 5156
f 5156 5183 5184
f 5156 5184 5157
f 5157 5184 5185
f 5157 5185 4392
f 4392 5185 435
f 5158 5131 5186
f 5131 5105 5187
f 5131 5187 5186
f 5186 5187 5188
f 5105 5080 5189
f 5105 5189 5187
f 5187 5189 5190
f 5187 5190 5188
f 5188 5190 5191
f 5080 5056 5192
f 5080 5192 5189
f 5189 5192 5193
f 5189 5193 5190
f 5190 5193 5194
f 5190 5194 5191
f 5191 5194 5195
f 5056 5033 5196
f 5056 5196 5192
f 5192 5196 5197
f 5192 5197 5193
f 5193 5197 5198
f 5193 5198 5194
f 5194 5198 5199
f 5194 5199 5195
f 5195 5199 5200
f 5033 5011 5201
f 5033 5201 5196
f 5196 5201 5202
f 5196 5202 5197
f 5197 5202 5203
f 5197 5203 5198
f 5198 5203 5204
f 5198 5204 5199
f 5199 5204 5205
f 5199 5205 5200
f 5200 5205 5206
f 5011 4990 5207
f 5011 5207 5201
f 5201 5207 5208
f 5201 5208 5202
f 5202 5208 5209
f 5202 5209 5203
f 5203 5209 5210
f 5203 5210 5204
f 5204 5210 5211
f 5204 5211 5205
f 5205 5211 5212
f 5205 5212 5206
f 5206 5212 5213
f 4990 4970 5214
f 4990 5214 5207
f 5207 5214 5215
f 5207 5215 5208
f 5208 5215 5216
f 5208 5216 5209
f 5209 5216 5217
f 5209 5217 5210
f 5210 5217 5218
f 5210 5218 5211
f 5211 5218 5219
f 5211 5219 5212
f 5212 5219 5220
f 5212 5220 5213
f 5213 5220 5221
f 4970 4951 5222
f 4970 5222 5214
f 5214 5222 5223
f 5214 5223 5215
f 5215 5223 5224
f 5215 5224 5216
f 5216 5224 5225
f 5216 5225 5217
f 5217 5225 5226
f 5217 5226 5218
f 5218 5226 5227
f 5218 5227 5219
f 5219 5227 5228
f 5219 5228 5220
f 5220 5228 5229
f 5220 5229 5221
f 5221 5229 5230
f 4951 4933 5231
f 4951 5231 5222
f 5222 5231 5232
f 5222 5232 5223
f 5223 5232 5233
f 5223 5233 5224
f 5224 5233 5234
f 5224 5234 5225
f 5225 5234 5235
f 5225 5235 5226
f 5226 5235 5236
f 5226 5236 5227
f 5227 5236 5237
f 5227 5237 5228
f 5228 5237 5238
f 5228 5238 5229
f 5229 5238 5239
f 5229 5239 5230
f 5230 5239 5240
f 4933 4916 5241
f 4933 5241 5231
f 5231 5241 5242
f 5231 5242 5232
f 5232 5242 5243
f 5232 5243 5233
f 5233 5243 5244
f 5233 5244 5234
f 5234 5244 5245
f 5234 5245 5235
f 5235 5245 5246
f 5235 5246 5236
f 5236 5246 5247
f 5236 5247 5237
f 5237 5247 5248
f 5237 5248 5238
f 5238 5248 5249
f 5238 5249 5239
f 5239 5249 5250
f 5239 5250 5240
f 5240 5250 5251
f 4916 4900 5252
f 4916 5252 5241
f 5241 5252 5253
f 5241 5253 5242
f 5242 5253 5254
f 5242 5254 5243
f 5243 5254 5255
f 5243 5255 5244
f 5244 5255 5256
f 5244 5256 5245
f 5245 5256 5257
f 5245 5257 5246
f 5246 5257 5258
f 5246 5258 5247
f 5247 5258 5259
f 5247 5259 5248
f 5248 5259 5260
f 5248 5260 5249
f 5249 5260 5261
f 5249 5261 5250
f 5250 5261 5262
f 5250 5262 5251
f 5251 5262 5263
f 4900 4885 5264
f 4900 5264 5252
f 5252 5264 5265
f 5252 5265 5253
f 5253 5265 5266
f 5253 5266 5254
f 5254 5266 5267
f 5254 5267 5255
f 5255 5267 5268
f 5255 5268 5256
f 5256 5268 5269
f 5256 5269 5257
f 5257 5269 5270
f 5257 5270 5258
f 5258 5270 5271
f 5258 5271 5259
f 5259 5271 5272
f 5259 5272 5260
f 5260 5272 5273
f 5260 5273 5261
f 5261 5273 5274
f 5261 5274 5262
f 5262 5274 5275
f 5262 5275 5263
f 5263 5275 5276
f 4885 4871 5277
f 4885 5277 5264
f 5264 5277 5278
f 5264 5278 5265
f 5265 5278 5279
f 5265 5279 5266
f 5266 5279 5280
f 5266 5280 5267
f 5267 5280 5281
f 5267 5281 5268
f 5268 5281 5282
f 5268 5282 5269
f 5269 5282 5283
f 5269 5283 5270
f 5270 5283 5284
f 5270 5284 5271
f 5271 5284 5285
f 5271 5285 5272
f 5272 5285 5286
f 5272 5286 5273
f 5273 5286 5287
f 5273 5287 5274
f 5274 5287 5288
f 5274 5288 5275
f 5275 5288 5289
f 5275 5289 5276
f 5276 5289 5290
f 4871 4858 5291
f 4871 5291 5277
f 5277 5291 5292
f 5277 5292 5278
f 5278 5292 5293
f 5278 5293 5279
f 5279 5293 5294
f 5279 5294 5280
f 5280 5294 5295
f 5280 5295 5281
f 5281 5295 5296
f 5281 5296 5282
f 5282 5296 5297
f 5282 5297 5283
f 5283 5297 5298
f 5283 5298 5284
f 5284 5298 5299
f 5284 5299 5285
f 5285 5299 5300
f 5285 5300 5286
f 5286 5300 5301
f 5286 5301 5287
f 5287 5301 5302
f 5287 5302 5288
f 5288 5302 5303
f 5288 5303 5289
f 5289 5303 5304
f 5289 5304 5290
f 5290 5304 5305
f 4858 4846 5306
f 4858 5306 5291
f 5291 5306 5307
f 5291 5307 5292
f 5292 5307 5308
f 5292 5308 5293
f 5293 5308 5309
f 5293 5309 5294
f 5294 5309 5310
f 5294 5310 5295
f 5295 5310 5311
f 5295 5311 5296
f 5296 5311 5312
f 5296 5312 5297
f 5297 5312 5313
f 5297 5313 5298
f 5298 5313 5314
f 5298 5314 5299
f 5299 5314 5315
f 5299 5315 5300
f 5300 5315 5316
f 5300 5316 5301
f 5301 5316 5317
f 5301 5317 5302
f 5302 5317 5318
f 5302 5318 5303
f 5303 5318 5319
f 5303 5319 5304
f 5304 5319 5320
f 5304 5320 5305
f 5305 5320 5321
f 4846 4835 5322
f 4846 5322 5306
f 5306 5322 5323
f 5306 5323 5307
f 5307 5323 5324
f 5307 5324 5308
f 5308 5324 5325
f 5308 5325 5309
f 5309 5325 5326
f 5309 5326 5310
f 5310 5326 5327
f 5310 5327 5311
f 5311 5327 5328
f 5311 5328 5312
f 5312 5328 5329
f 5312 5329 5313
f 5313 5329 5330
f 5313 5330 5314
f 5314 5330 5331
f 5314 5331 5315
f 5315 5331 5332
f 5315 5332 5316
f 5316 5332 5333
f 5316 5333 5317
f 5317 5333 5334
f 5317 5334 5318
f 5318 5334 5335
f 5318 5335 5319
f 5319 5335 5336
f 5319 5336 5320
f 5320 5336 5337
f 5320 5337 5321
f 5321 5337 5338
f 4835 4825 5339
f 4835 5339 5322
f 5322 5339 5340
f 5322 5340 5323
f 5323 5340 5341
f 5323 5341 5324
f 5324 5341 5342
f 5324 5342 5325
f 5325 5342 5343
f 5325 5343 5326
f 5326 5343 5344
f 5326 5344 5327
f 5327 5344 5345
f 5327 5345 5328
f 5328 5345 5346
f 5328 5346 5329
f 5329 5346 5347
f 5329 5347 5330
f 5330 5347 5348
f 5330 5348 5331
f 5331 5348 5349
f 5331 5349 5332
f 5332 5349 5350
f 5332 5350 5333
f 5333 5350 5351
f 5333 5351 5334
f 5334 5351 5352
f 5334 5352 5335
f 5335 5352 5353
f 5335 5353 5336
f 5336 5353 5354
f 5336 5354 5337
f 5337 5354 5355
f 5337 5355 5338
f 5338 5355 5356
f 4825 4816 5357
f 4825 5357 5339
f 5339 5357 5358
f 5339 5358 5340
f 5340 5358 5359
f 5340 5359 5341
f 5341 5359 5360
f 5341 5360 5342
f 5342 5360 5361
f 5342 5361 5343
f 5343 5361 5362
f 5343 5362 5344
f 5344 5362 5363
f 5344 5363 5345
f 5345 5363 5364
f 5345 5364 5346
f 5346 5364 5365
f 5346 5365 5347
f 5347 5365 5366
f 5347 5366 5348
f 5348 5366 5367
f 5348 5367 5349
f 5349 5367 5368
f 5349 5368 5350
f 5350 5368 5369
f 5350 5369 5351
f 5351 5369 5370
f 5351 5370 5352
f 5352 5370 5371
f 5352 5371 5353
f 5353 5371 5372
f 5353 5372 5354
f 5354 5372 5373
f 5354 5373 5355
f 5355 5373 5374
f 5355 5374 5356
f 5356 5374 5375
f 4816 4808 5376
f 4816 5376 5357
f 5357 5376 5377
f 5357 5377 5358
f 5358 5377 5378
f 5358 5378 5359
f 5359 5378 5379
f 5359 5379 5360
f 5360 5379 5380
f 5360 5380 5361
f 5361 5380 5381
f 5361 5381 5362
f 5362 5381 5382
f 5362 5382 5363
f 5363 5382 5383
f 5363 5383 5364
f 5364 5383 5384
f 5364 5384 5365
f 5365 5384 5385
f 5365 5385 5366
f 5366 5385 5386
f 5366 5386 5367
f 5367 5386 5387
f 5367 5387 5368
f 5368 5387 5388
f 5368 5388 5369
f 5369 5388 5389
f 5369 5389 5370
f 5370 5389 5390
f 5370 5390 5371
f 5371 5390 5391
f 5371 5391 5372
f 5372 5391 5392
f 5372 5392 5373
f 5373 5392 5393
f 5373 5393 5374
f 5374 5393 5394
f 5374 5394 5375
f 5375 5394 5395
f 4808 4801 5396
f 4808 5396 5376
f 5376 5396 5397
f 5376 5397 5377
f 5377 5397 5398
f 5377 5398 5378
f 5378 5398 5399
f 5378 5399 5379
f 5379 5399 5400
f 5379 5400 5380
f 5380 5400 5401
f 5380 5401 5381
f 5381 5401 5402
f 5381 5402 5382
f 5382 5402 5403
f 5382 5403 5383
f 5383 5403 5404
f 5383 5404 5384
f 5384 5404 5405
f 5384 5405 5385
f 5385 5405 5406
f 5385 5406 5386
f 5386 5406 5407
f 5386 5407 5387
f 5387 5407 5408
f 5387 5408 5388
f 5388 5408 5409
f 5388 5409 5389
f 5389 5409 5410
f 5389 5410 5390
f 5390 5410 5411
f 5390 5411 5391
f 5391 5411 5412
f 5391 5412 5392
f 5392 5412 5413
f 5392 5413 5393
f 5393 5413 5414
f 5393 5414 5394
f 5394 5414 5415
f 5394 5415 5395
f 5395 5415 5416
f 4801 4795 5417
f 4801 5417 5396
f 5396 5417 5418
f 5396 5418 5397
f 5397 5418 5419
f 5397 5419 5398
f 5398 5419 5420
f 5398 5420 5399
f 5399 5420 5421
f 5399 5421 5400
f 5400 5421 5422
f 5400 5422 5401
f 5401 5422 5423
f 5401 5423 5402
f 5402 5423 5424
f 5402 5424 5403
f 5403 5424 5425
f 5403 5425 5404
f 5404 5425 5426
f 5404 5426 5405
f 5405 5426 5427
f 5405 5427 5406
f 5406 5427 5428
f 5406 5428 5407
f 5407 5428 5429
f 5407 5429 5408
f 5408 5429 5430
f 5408 5430 5409
f 5409 5430 5431
f 5409 5431 5410
f 5410 5431 5432
f 5410 5432 5411
f 5411 5432 5433
f 5411 5433 5412
f 5412 5433 5434
f 5412 5434 5413
f 5413 5434 5435
f 5413 5435 5414
f 5414 5435 5436
f 5414 5436 5415
f 5415 5436 5437
f 5415 5437 5416
f 5416 5437 5438
f 4795 4790 5439
f 4795 5439 5417
f 5417 5439 5440
f 5417 5440 5418
f 5418 5440 5441
f 5418 5441 5419
f 5419 5441 5442
f 5419 5442 5420
f 5420 5442 5443
f 5420 5443 5421
f 5421 5443 5444
f 5421 5444 5422
f 5422 5444 5445
f 5422 5445 5423
f 5423 5445 5446
f 5423 5446 5424
f 5424 5446 5447
f 5424 5447 5425
f 5425 5447 5448
f 5425 5448 5426
f 5426 5448 5449
f 5426 5449 5427
f 5427 5449 5450
f 5427 5450 5428
f 5428 5450 5451
f 5428 5451 5429
f 5429 5451 5452
f 5429 5452 5430
f 5430 5452 5453
f 5430 5453 5431
f 5431 5453 5454
f 5431 5454 5432
f 5432 5454 5455
f 5432 5455 5433
f 5433 5455 5456
f 5433 5456 5434
f 5434 5456 5457
f 5434 5457 5435
f 5435 5457 5458
f 5435 5458 5436
f 5436 5458 5459
f 5436 5459 5437
f 5437 5459 5460
f 5437 5460 5438
f 5438 5460 5461
f 4790 4786 5462
f 4790 5462 5439
f 5439 5462 5463
f 5439 5463 5440
f 5440 5463 5464
f 5440 5464 5441
f 5441 5464 5465
f 5441 5465 5442
f 5442 5465 5466
f 5442 5466 5443
f 5443 5466 5467
f 5443 5467 5444
f 5444 5467 5468
f 5444 5468 5445
f 5445 5468 5469
f 5445 5469 5446
f 5446 5469 5470
f 5446 5470 5447
f 5447 5470 5471
f 5447 5471 5448
f 5448 5471 5472
f 5448 5472 5449
f 5449 5472 5473
f 5449 5473 5450
f 5450 5473 5474
f 5450 5474 5451
f 5451 5474 5475
f 5451 5475 5452
f 5452 5475 5476
f 5452 5476 5453
f 5453 5476 5477
f 5453 5477 5454
f 5454 5477 5478
f 5454 5478 5455
f 5455 5478 5479
f 5455 5479 5456
f 5456 5479 5480
f 5456 5480 5457
f 5457 5480 5481
f 5457 5481 5458
f 5458 5481 5482
f 5458 5482 5459
f 5459 5482 5483
f 5459 5483 5460
f 5460 5483 5484
f 5460 5484 5461
f 5461 5484 5485
f 4786 4783 5486
f 4786 5486 5462
f 5462 5486 5487
f 5462 5487 5463
f 5463 5487 5488
f 5463 5488 5464
f 5464 5488 5489
f 5464 5489 5465
f 5465 5489 5490
f 5465 5490 5466
f 5466 5490 5491
f 5466 5491 5467
f 5467 5491 5492
f 5467 5492 5468
f 5468 5492 5493
f 5468 5493 5469
f 5469 5493 5494
f 5469 5494 5470
f 5470 5494 5495
f 5470 5495 5471
f 5471 5495 5496
f 5471 5496 5472
f 5472 5496 5497
f 5472 5497 5473
f 5473 5497 5498
f 5473 5498 5474
f 5474 5498 5499
f 5474 5499 5475
f 5475 5499 5500
f 5475 5500 5476
f 5476 5500 5501
f 5476 5501 5477
f 5477 5501 5502
f 5477 5502 5478
f 5478 5502 5503
f 5478 5503 5479
f 5479 5503 5504
f 5479 5504 5480
f 5480 5504 5505
f 5480 5505 5481
f 5481 5505 5506
f 5481 5506 5482
f 5482 5506 5507
f 5482 5507 5483
f 5483 5507 5508
f 5483 5508 5484
f 5484 5508 5509
f 5484 5509 5485
f 5485 5509 5510
f 4783 4781 5511
f 4783 5511 5486
f 5486 5511 5512
f 5486 5512 5487
f 5487 5512 5513
f 5487 5513 5488
f 5488 5513 5514
f 5488 5514 5489
f 5489 5514 5515
f 5489 5515 5490
f 5490 5515 5516
f 5490 5516 5491
f 5491 5516 5517
f 5491 5517 5492
f 5492 5517 5518
f 5492 5518 5493
f 5493 5518 5519
f 5493 5519 5494
f 5494 5519 5520
f 5494 5520 5495
f 5495 5520 5521
f 5495 5521 5496
f 5496 5521 5522
f 5496 5522 5497
f 5497 5522 5523
f 5497 5523 5498
f 5498 5523 5524
f 5498 5524 5499
f 5499 5524 5525
f 5499 5525 5500
f 5500 5525 5526
f 5500 5526 5501
f 5501 5526 5527
f 5501 5527 5502
f 5502 5527 5528
f 5502 5528 5503
f 5503 5528 5529
f 5503 5529 5504
f 5504 5529 5530
f 5504 5530 5505
f 5505 5530 5531
f 5505 5531 5506
f 5506 5531 5532
f 5506 5532 5507
f 5507 5532 5533
f 5507 5533 5508
f 5508 5533 5534
f 5508 5534 5509
f 5509 5534 5535
f 5509 5535 5510
f 5510 5535 5536
f 4781 4780 5537
f 4781 5537 5511
f 5511 5537 5538
f 5511 5538 5512
f 5512 5538 5539
f 5512 5539 5513
f 5513 5539 5540
f 5513 5540 5514
f 5514 5540 5541
f 5514 5541 5515
f 5515 5541 5542
f 5515 5542 5516
f 5516 5542 5543
f 5516 5543 5517
f 5517 5543 5544
f 5517 5544 5518
f 5518 5544 5545
f 5518 5545 5519
f 5519 5545 5546
f 5519 5546 5520
f 5520 5546 5547
f 5520 5547 5521
f 5521 5547 5548
f 5521 5548 5522
f 5522 5548 5549
f 5522 5549 5523
f 5523 5549 5550
f 5523 5550 5524
f 5524 5550 5551
f 5524 5551 5525
f 5525 5551 5552
f 5525 5552 5526
f 5526 5552 5553
f 5526 5553 5527
f 5527 5553 5554
f 5527 5554 5528
f 5528 5554 5555
f 5528 5555 5529
f 5529 5555 5556
f 5529 5556 5530
f 5530 5556 5557
f 5530 5557 5531
f 5531 5557 5558
f 5531 5558 5532
f 5532 5558 5559
f 5532 5559 5533
f 5533 5559 5560
f 5533 5560 5534
f 5534 5560 5561
f 5534 5561 5535
f 5535 5561 5562
f 5535 5562 5536
f 5536 5562 5563
f 4780 4365 4393
f 4780 4393 5537
f 5537 4393 4395
f 5537 4395 5538
f 5538 4395 4398
f 5538 4398 5539
f 5539 4398 4402
f 5539 4402 5540
f 5540 4402 4407
f 5540 4407 5541
f 5541 4407 4413
f 5541 4413 5542
f 5542 4413 4420
f 5542 4420 5543
f 5543 4420 4428
f 5543 4428 5544
f 5544 4428 4437
f 5544 4437 5545
f 5545 4437 4447
f 5545 4447 5546
f 5546 4447 4458
f 5546 4458 5547
f 5547 4458 4470
f 5547 4470 5548
f 5548 4470 4483
f 5548 4483 5549
f 5549 4483 4497
f 5549 4497 5550
f 5550 4497 4512
f 5550 4512 5551
f 5551 4512 4528
f 5551 4528 5552
f 5552 4528 4545
f 5552 4545 5553
f 5553 4545 4563
f 5553 4563 5554
f 5554 4563 4582
f 5554 4582 5555
f 5555 4582 4602
f 5555 4602 5556
f 5556 4602 4623
f 5556 4623 5557
f 5557 4623 4645
f 5557 4645 5558
f 5558 4645 4668
f 5558 4668 5559
f 5559 4668 4692
f 5559 4692 5560
f 5560 4692 4717
f 5560 4717 5561
f 5561 4717 4743
f 5561 4743 5562
f 5562 4743 4770
f 5562 4770 5563
f 5563 4770 841
f 5158 5564 5159
f 5564 5565 5566
f 5564 5566 5159
f 5159 5566 5160
f 5565 5567 5568
f 5565 5568 5566
f 5566 5568 5569
f 5566 5569 5160
f 5160 5569 5161
f 5567 5570 5571
f 5567 5571 5568
f 5568 5571 5572
f 5568 5572 5569
f 5569 5572 5573
f 5569 5573 5161
f 5161 5573 5162
f 5570 5574 5575
f 5570 5575 5571
f 5571 5575 5576
f 5571 5576 5572
f 5572 5576 5577
f 5572 5577 5573
f 5573 5577 5578
f 5573 5578 5162
f 5162 5578 5163
f 5574 5579 5580
f 5574 5580 5575
f 5575 5580 5581
f 5575 5581 5576
f 5576 5581 5582
f 5576 5582 5577
f 5577 5582 5583
f 5577 5583 5578
f 5578 5583 5584
f 5578 5584 5163
f 5163 5584 5164
f 5579 5585 5586
f 5579 5586 5580
f 5580 5586 5587
f 5580 5587 5581
f 5581 5587 5588
f 5581 5588 5582
f 5582 5588 5589
f 5582 5589 5583
f 5583 5589 5590
f 5583 5590 5584
f 5584 5590 5591
f 5584 5591 5164
f 5164 5591 5165
f 5585 5592 5593
f 5585 5593 5586
f 5586 5593 5594
f 5586 5594 5587
f 5587 5594 5595
f 5587 5595 5588
f 5588 5595 5596
f 5588 5596 5589
f 5589 5596 5597
f 5589 5597 5590
f 5590 5597 5598
f 5590 5598 5591
f 5591 5598 5599
f 5591 5599 5165
f 5165 5599 5166
f 5592 5600 5601
f 5592 5601 5593
f 5593 5601 5602
f 5593 5602 5594
f 5594 5602 5603
f 5594 5603 5595
f 5595 5603 5604
f 5595 5604 5596
f 5596 5604 5605
f 5596 5605 5597
f 5597 5605 5606
f 5597 5606 5598
f 5598 5606 5607
f 5598 5607 5599
f 5599 5607 5608
f 5599 5608 5166
f 5166 5608 5167
f 5600 5609 5610
f 5600 5610 5601
f 5601 5610 5611
f 5601 5611 5602
f 5602 5611 5612
f 5602 5612 5603
f 5603 5612 5613
f 5603 5613 5604
f 5604 5613 5614
f 5604 5614 5605
f 5605 5614 5615
f 5605 5615 5606
f 5606 5615 5616
f 5606 5616 5607
f 5607 5616 5617
f 5607 5617 5608
f 5608 5617 5618
f 5608 5618 5167
f 5167 5618 5168
f 5609 5619 5620
f 5609 5620 5610
f 5610 5620 5621
f 5610 5621 5611
f 5611 5621 5622
f 5611 5622 5612
f 5612 5622 5623
f 5612 5623 5613
f 5613 5623 5624
f 5613 5624 5614
f 5614 5624 5625
f 5614 5625 5615
f 5615 5625 5626
f 5615 5626 5616
f 5616 5626 5627
f 5616 5627 5617
f 5617 5627 5628
f 5617 5628 5618
f 5618 5628 5629
f 5618 5629 5168
f 5168 5629 5169
f 5619 5630 5631
f 5619 5631 5620
f 5620 5631 5632
f 5620 5632 5621
f 5621 5632 5633
f 5621 5633 5622
f 5622 5633 5634
f 5622 5634 5623
f 5623 5634 5635
f 5623 5635 5624
f 5624 5635 5636
f 5624 5636 5625
f 5625 5636 5637
f 5625 5637 5626
f 5626 5637 5638
f 5626 5638 5627
f 5627 5638 5639
f 5627 5639 5628
f 5628 5639 5640
f 5628 5640 5629
f 5629 5640 5641
f 5629 5641 5169
f 5169 5641 5170
f 5630 5642 5643
f 5630 5643 5631
f 5631 5643 5644
f 5631 5644 5632
f 5632 5644 5645
f 5632 5645 5633
f 5633 5645 5646
f 5633 5646 5634
f 5634 5646 5647
f 5634 5647 5635
f 5635 5647 5648
f 5635 5648 5636
f 5636 5648 5649
f 5636 5649 5637
f 5637 5649 5650
f 5637 5650 5638
f 5638 5650 5651
f 5638 5651 5639
f 5639 5651 5652
f 5639 5652 5640
f 5640 5652 5653
f 5640 5653 5641
f 5641 5653 5654
f 5641 5654 5170
f 5170 5654 5171
f 5642 5655 5656
f 5642 5656 5643
f 5643 5656 5657
f 5643 5657 5644
f 5644 5657 5658
f 5644 5658 5645
f 5645 5658 5659
f 5645 5659 5646
f 5646 5659 5660
f 5646 5660 5647
f 5647 5660 5661
f 5647 5661 5648
f 5648 5661 5662
f 5648 5662 5649
f 5649 5662 5663
f 5649 5663 5650
f 5650 5663 5664
f 5650 5664 5651
f 5651 5664 5665
f 5651 5665 5652
f 5652 5665 5666
f 5652 5666 5653
f 5653 5666 5667
f 5653 5667 5654
f 5654 5667 5668
f 5654 5668 5171
f 5171 5668 5172
f 5655 5669 5670
f 5655 5670 5656
f 5656 5670 5671
f 5656 5671 5657
f 5657 5671 5672
f 5657 5672 5658
f 5658 5672 5673
f 5658 5673 5659
f 5659 5673 5674
f 5659 5674 5660
f 5660 5674 5675
f 5660 5675 5661
f 5661 5675 5676
f 5661 5676 5662
f 5662 5676 5677
f 5662 5677 5663
f 5663 5677 5678
f 5663 5678 5664
f 5664 5678 5679
f 5664 5679 5665
f 5665 5679 5680
f 5665 5680 5666
f 5666 5680 5681
f 5666 5681 5667
f 5667 5681 5682
f 5667 5682 5668
f 5668 5682 5683
f 5668 5683 5172
f 5172 5683 5173
f 5669 5684 5685
f 5669 5685 5670
f 5670 5685 5686
f 5670 5686 5671
f 5671 5686 5687
f 5671 5687 5672
f 5672 5687 5688
f 5672 5688 5673
f 5673 5688 5689
f 5673 5689 5674
f 5674 5689 5690
f 5674 5690 5675
f 5675 5690 5691
f 5675 5691 5676
f 5676 5691 5692
f 5676 5692 5677
f 5677 5692 5693
f 5677 5693 5678
f 5678 5693 5694
f 5678 5694 5679
f 5679 5694 5695
f 5679 5695 5680
f 5680 5695 5696
f 5680 5696 5681
f 5681 5696 5697
f 5681 5697 5682
f 5682 5697 5698
f 5682 5698 5683
f 5683 5698 5699
f 5683 5699 5173
f 5173 5699 5174
f 5684 5700 5701
f 5684 5701 5685
f 5685 5701 5702
f 5685 5702 5686
f 5686 5702 5703
f 5686 5703 5687
f 5687 5703 5704
f 5687 5704 5688
f 5688 5704 5705
f 5688 5705 5689
f 5689 5705 5706
f 5689 5706 5690
f 5690 5706 5707
f 5690 5707 5691
f 5691 5707 5708
f 5691 5708 5692
f 5692 5708 5709
f 5692 5709 5693
f 5693 5709 5710
f 5693 5710 5694
f 5694 5710 5711
f 5694 5711 5695
f 5695 5711 5712
f 5695 5712 5696
f 5696 5712 5713
f 5696 5713 5697
f 5697 5713 5714
f 5697 5714 5698
f 5698 5714 5715
f 5698 5715 5699
f 5699 5715 5716
f 5699 5716 5174
f 5174 5716 5175
f 5700 5717 5718
f 5700 5718 5701
f 5701 5718 5719
f 5701 5719 5702
f 5702 5719 5720
f 5702 5720 5703
f 5703 5720 5721
f 5703 5721 5704
f 5704 5721 5722
f 5704 5722 5705
f 5705 5722 5723
f 5705 5723 5706
f 5706 5723 5724
f 5706 5724 5707
f 5707 5724 5725
f 5707 5725 5708
f 5708 5725 5726
f 5708 5726 5709
f 5709 5726 5727
f 5709 5727 5710
f 5710 5727 5728
f 5710 5728 5711
f 5711 5728 5729
f 5711 5729 5712
f 5712 5729 5730
f 5712 5730 5713
f 5713 5730 5731
f 5713 5731 5714
f 5714 5731 5732
f 5714 5732 5715
f 5715 5732 5733
f 5715 5733 5716
f 5716 5733 5734
f 5716 5734 5175
f 5175 5734 5176
f 5717 5735 5736
f 5717 5736 5718
f 5718 5736 5737
f 5718 5737 5719
f 5719 5737 5738
f 5719 5738 5720
f 5720 5738 5739
f 5720 5739 5721
f 5721 5739 5740
f 5721 5740 5722
f 5722 5740 5741
f 5722 5741 5723
f 5723 5741 5742
f 5723 5742 5724
f 5724 5742 5743
f 5724 5743 5725
f 5725 5743 5744
f 5725 5744 5726
f 5726 5744 5745
f 5726 5745 5727
f 5727 5745 5746
f 5727 5746 5728
f 5728 5746 5747
f 5728 5747 5729
f 5729 5747 5748
f 5729 5748 5730
f 5730 5748 5749
f 5730 5749 5731
f 5731 5749 5750
f 5731 5750 5732
f 5732 5750 5751
f 5732 5751 5733
f 5733 5751 5752
f 5733 5752 5734
f 5734 5752 5753
f 5734 5753 5176
f 5176 5753 5177
f 5735 5754 5755
f 5735 5755 5736
f 5736 5755 5756
f 5736 5756 5737
f 5737 5756 5757
f 5737 5757 5738
f 5738 5757 5758
f 5738 5758 5739
f 5739 5758 5759
f 5739 5759 5740
f 5740 5759 5760
f 5740 5760 5741
f 5741 5760 5761
f 5741 5761 5742
f 5742 5761 5762
f 5742 5762 5743
f 5743 5762 5763
f 5743 5763 5744
f 5744 5763 5764
f 5744 5764 5745
f 5745 5764 5765
f 5745 5765 5746
f 5746 5765 5766
f 5746 5766 5747
f 5747 5766 5767
f 5747 5767 5748
f 5748 5767 5768
f 5748 5768 5749
f 5749 5768 5769
f 5749 5769 5750
f 5750 5769 5770
f 5750 5770 5751
f 5751 5770 5771
f 5751 5771 5752
f 5752 5771 5772
f 5752 5772 5753
f 5753 5772 5773
f 5753 5773 5177
f 5177 5773 5178
f 5754 5774 5775
f 5754 5775 5755
f 5755 5775 5776
f 5755 5776 5756
f 5756 5776 5777
f 5756 5777 5757
f 5757 5777 5778
f 5757 5778 5758
f 5758 5778 5779
f 5758 5779 5759
f 5759 5779 5780
f 5759 5780 5760
f 5760 5780 5781
f 5760 5781 5761
f 5761 5781 5782
f 5761 5782 5762
f 5762 5782 5783
f 5762 5783 5763
f 5763 5783 5784
f 5763 5784 5764
f 5764 5784 5785
f 5764 5785 5765
f 5765 5785 5786
f 5765 5786 5766
f 5766 5786 5787
f 5766 5787 5767
f 5767 5787 5788
f 5767 5788 5768
f 5768 5788 5789
f 5768 5789 5769
f 5769 5789 5790
f 5769 5790 5770
f 5770 5790 5791
f 5770 5791 5771
f 5771 5791 5792
f 5771 5792 5772
f 5772 5792 5793
f 5772 5793 5773
f 5773 5793 5794
f 5773 5794 5178
f 5178 5794 5179
f 5774 5795 5796
f 5774 5796 5775
f 5775 5796 5797
f 5775 5797 5776
f 5776 5797 5798
f 5776 5798 5777
f 5777 5798 5799
f 5777 5799 5778
f 5778 5799 5800
f 5778 5800 5779
f 5779 5800 5801
f 5779 5801 5780
f 5780 5801 5802
f 5780 5802 5781
f 5781 5802 5803
f 5781 5803 5782
f 5782 5803 5804
f 5782 5804 5783
f 5783 5804 5805
f 5783 5805 5784
f 5784 5805 5806
f 5784 5806 5785
f 5785 5806 5807
f 5785 5807 5786
f 5786 5807 5808
f 5786 5808 5787
f 5787 5808 5809
f 5787 5809 5788
f 5788 5809 5810
f 5788 5810 5789
f 5789 5810 5811
f 5789 5811 5790
f 5790 5811 5812
f 5790 5812 5791
f 5791 5812 5813
f 5791 5813 5792
f 5792 5813 5814
f 5792 5814 5793
f 5793 5814 5815
f 5793 5815 5794
f 5794 5815 5816
f 5794 5816 5179
f 5179 5816 5180
f 5795 5817 5818
f 5795 5818 5796
f 5796 5818 5819
f 5796 5819 5797
f 5797 5819 5820
f 5797 5820 5798
f 5798 5820 5821
f 5798 5821 5799
f 5799 5821 5822
f 5799 5822 5800
f 5800 5822 5823
f 5800 5823 5801
f 5801 5823 5824
f 5801 5824 5802
f 5802 5824 5825
f 5802 5825 5803
f 5803 5825 5826
f 5803 5826 5804
f 5804 5826 5827
f 5804 5827 5805
f 5805 5827 5828
f 5805 5828 5806
f 5806 5828 5829
f 5806 5829 5807
f 5807 5829 5830
f 5807 5830 5808
f 5808 5830 5831
f 5808 5831 5809
f 5809 5831 5832
f 5809 5832 5810
f 5810 5832 5833
f 5810 5833 5811
f 5811 5833 5834
f 5811 5834 5812
f 5812 5834 5835
f 5812 5835 5813
f 5813 5835 5836
f 5813 5836 5814
f 5814 5836 5837
f 5814 5837 5815
f 5815 5837 5838
f 5815 5838 5816
f 5816 5838 5839
f 5816 5839 5180
f 5180 5839 5181
f 5817 5840 5841
f 5817 5841 5818
f 5818 5841 5842
f 5818 5842 5819
f 5819 5842 5843
f 5819 5843 5820
f 5820 5843 5844
f 5820 5844 5821
f 5821 5844 5845
f 5821 5845 5822
f 5822 5845 5846
f 5822 5846 5823
f 5823 5846 5847
f 5823 5847 5824
f 5824 5847 5848
f 5824 5848 5825
f 5825 5848 5849
f 5825 5849 5826
f 5826 5849 5850
f 5826 5850 5827
f 5827 5850 5851
f 5827 5851 5828
f 5828 5851 5852
f 5828 5852 5829
f 5829 5852 5853
f 5829 5853 5830
f 5830 5853 5854
f 5830 5854 5831
f 5831 5854 5855
f 5831 5855 5832
f 5832 5855 5856
f 5832 5856 5833
f 5833 5856 5857
f 5833 5857 5834
f 5834 5857 5858
f 5834 5858 5835
f 5835 5858 5859
f 5835 5859 5836
f 5836 5859 5860
f 5836 5860 5837
f 5837 5860 5861
f 5837 5861 5838
f 5838 5861 5862
f 5838 5862 5839
f 5839 5862 5863
f 5839 5863 5181
f 5181 5863 5182
f 5840 5864 5865
f 5840 5865 5841
f 5841 5865 5866
f 5841 5866 5842
f 5842 5866 5867
f 5842 5867 5843
f 5843 5867 5868
f 5843 5868 5844
f 5844 5868 5869
f 5844 5869 5845
f 5845 5869 5870
f 5845 5870 5846
f 5846 5870 5871
f 5846 5871 5847
f 5847 5871 5872
f 5847 5872 5848
f 5848 5872 5873
f 5848 5873 5849
f 5849 5873 5874
f 5849 5874 5850
f 5850 5874 5875
f 5850 5875 5851
f 5851 5875 5876
f 5851 5876 5852
f 5852 5876 5877
f 5852 5877 5853
f 5853 5877 5878
f 5853 5878 5854
f 5854 5878 5879
f 5854 5879 5855
f 5855 5879 5880
f 5855 5880 5856
f 5856 5880 5881
f 5856 5881 5857
f 5857 5881 5882
f 5857 5882 5858
f 5858 5882 5883
f 5858 5883 5859
f 5859 5883 5884
f 5859 5884 5860
f 5860 5884 5885
f 5860 5885 5861
f 5861 5885 5886
f 5861 5886 5862
f 5862 5886 5887
f 5862 5887 5863
f 5863 5887 5888
f 5863 5888 5182
f 5182 5888 5183
f 5864 5889 5890
f 5864 5890 5865
f 5865 5890 5891
f 5865 5891 5866
f 5866 5891 5892
f 5866 5892 5867
f 5867 5892 5893
f 5867 5893 5868
f 5868 5893 5894
f 5868 5894 5869
f 5869 5894 5895
f 5869 5895 5870
f 5870 5895 5896
f 5870 5896 5871
f 5871 5896 5897
f 5871 5897 5872
f 5872 5897 5898
f 5872 5898 5873
f 5873 5898 5899
f 5873 5899 5874
f 5874 5899 5900
f 5874 5900 5875
f 5875 5900 5901
f 5875 5901 5876
f 5876 5901 5902
f 5876 5902 5877
f 5877 5902 5903
f 5877 5903 5878
f 5878 5903 5904
f 5878 5904 5879
f 5879 5904 5905
f 5879 5905 5880
f 5880 5905 5906
f 5880 5906 5881
f 5881 5906 5907
f 5881 5907 5882
f 5882 5907 5908
f 5882 5908 5883
f 5883 5908 5909
f 5883 5909 5884
f 5884 5909 5910
f 5884 5910 5885
f 5885 5910 5911
f 5885 5911 5886
f 5886 5911 5912
f 5886 5912 5887
f 5887 5912 5913
f 5887 5913 5888
f 5888 5913 5914
f 5888 5914 5183
f 5183 5914 5184
f 5889 5915 5916
f 5889 5916 5890
f 5890 5916 5917
f 5890 5917 5891
f 5891 5917 5918
f 5891 5918 5892
f 5892 5918 5919
f 5892 5919 5893
f 5893 5919 5920
f 5893 5920 5894
f 5894 5920 5921
f 5894 5921 5895
f 5895 5921 5922
f 5895 5922 5896
f 5896 5922 5923
f 5896 5923 5897
f 5897 5923 5924
f 5897 5924 5898
f 5898 5924 5925
f 5898 5925 5899
f 5899 5925 5926
f 5899 5926 5900
f 5900 5926 5927
f 5900 5927 5901
f 5901 5927 5928
f 5901 5928 5902
f 5902 5928 5929
f 5902 5929 5903
f 5903 5929 5930
f 5903 5930 5904
f 5904 5930 5931
f 5904 5931 5905
f 5905 5931 5932
f 5905 5932 5906
f 5906 5932 5933
f 5906 5933 5907
f 5907 5933 5934
f 5907 5934 5908
f 5908 5934 5935
f 5908 5935 5909
f 5909 5935 5936
f 5909 5936 5910
f 5910 5936 5937
f 5910 5937 5911
f 5911 5937 5938
f 5911 5938 5912
f 5912 5938 5939
f 5912 5939 5913
f 5913 5939 5940
f 5913 5940 5914
f 5914 5940 5941
f 5914 5941 5184
f 5184 5941 5185
f 5915 5942 5943
f 5915 5943 5916
f 5916 5943 5944
f 5916 5944 5917
f 5917 5944 5945
f 5917 5945 5918
f 5918 5945 5946
f 5918 5946 5919
f 5919 5946 5947
f 5919 5947 5920
f 5920 5947 5948
f 5920 5948 5921
f 5921 5948 5949
f 5921 5949 5922
f 5922 5949 5950
f 5922 5950 5923
f 5923 5950 5951
f 5923 5951 5924
f 5924 5951 5952
f 5924 5952 5925
f 5925 5952 5953
f 5925 5953 5926
f 5926 5953 5954
f 5926 5954 5927
f 5927 5954 5955
f 5927 5955 5928
f 5928 5955 5956
f 5928 5956 5929
f 5929 5956 5957
f 5929 5957 5930
f 5930 5957 5958
f 5930 5958 5931
f 5931 5958 5959
f 5931 5959 5932
f 5932 5959 5960
f 5932 5960 5933
f 5933 5960 5961
f 5933 5961 5934
f 5934 5961 5962
f 5934 5962 5935
f 5935 5962 5963
f 5935 5963 5936
f 5936 5963 5964
f 5936 5964 5937
f 5937 5964 5965
f 5937 5965 5938
f 5938 5965 5966
f 5938 5966 5939
f 5939 5966 5967
f 5939 5967 5940
f 5940 5967 5968
f 5940 5968 5941
f 5941 5968 5969
f 5941 5969 5185
f 5185 5969 435
f 5942 5915 5970
f 5915 5889 5971
f 5915 5971 5970
f 5970 5971 5972
f 5889 5864 5973
f 5889 5973 5971
f 5971 5973 5974
f 5971 5974 5972
f 5972 5974 5975
f 5864 5840 5976
f 5864 5976 5973
f 5973 5976 5977
f 5973 5977 5974
f 5974 5977 5978
f 5974 5978 5975
f 5975 5978 5979
f 5840 5817 5980
f 5840 5980 5976
f 5976 5980 5981
f 5976 5981 5977
f 5977 5981 5982
f 5977 5982 5978
f 5978 5982 5983
f 5978 5983 5979
f 5979 5983 5984
f 5817 5795 5985
f 5817 5985 5980
f 5980 5985 5986
f 5980 5986 5981
f 5981 5986 5987
f 5981 5987 5982
f 5982 5987 5988
f 5982 5988 5983
f 5983 5988 5989
f 5983 5989 5984
f 5984 5989 5990
f 5795 5774 5991
f 5795 5991 5985
f 5985 5991 5992
f 5985 5992 5986
f 5986 5992 5993
f 5986 5993 5987
f 5987 5993 5994
f 5987 5994 5988
f 5988 5994 5995
f 5988 5995 5989
f 5989 5995 5996
f 5989 5996 5990
f 5990 5996 5997
f 5774 5754 5998
f 5774 5998 5991
f 5991 5998 5999
f 5991 5999 5992
f 5992 5999 6000
f 5992 6000 5993
f 5993 6000 6001
f 5993 6001 5994
f 5994 6001 6002
f 5994 6002 5995
f 5995 6002 6003
f 5995 6003 5996
f 5996 6003 6004
f 5996 6004 5997
f 5997 6004 6005
f 5754 5735 6006
f 5754 6006 5998
f 5998 6006 6007
f 5998 6007 5999
f 5999 6007 6008
f 5999 6008 6000
f 6000 6008 6009
f 6000 6009 6001
f 6001 6009 6010
f 6001 6010 6002
f 6002 6010 6011
f 6002 6011 6003
f 6003 6011 6012
f 6003 6012 6004
f 6004 6012 6013
f 6004 6013 6005
f 6005 6013 6014
f 5735 5717 6015
f 5735 6015 6006
f 6006 6015 6016
f 6006 6016 6007
f 6007 6016 6017
f 6007 6017 6008
f 6008 6017 6018
f 6008 6018 6009
f 6009 6018 6019
f 6009 6019 6010
f 6010 6019 6020
f 6010 6020 6011
f 6011 6020 6021
f 6011 6021 6012
f 6012 6021 6022
f 6012 6022 6013
f 6013 6022 6023
f 6013 6023 6014
f 6014 6023 6024
f 5717 5700 6025
f 5717 6025 6015
f 6015 6025 6026
f 6015 6026 6016
f 6016 6026 6027
f 6016 6027 6017
f 6017 6027 6028
f 6017 6028 6018
f 6018 6028 6029
f 6018 6029 6019
f 6019 6029 6030
f 6019 6030 6020
f 6020 6030 6031
f 6020 6031 6021
f 6021 6031 6032
f 6021 6032 6022
f 6022 6032 6033
f 6022 6033 6023
f 6023 6033 6034
f 6023 6034 6024
f 6024 6034 6035
f 5700 5684 6036
f 5700 6036 6025
f 6025 6036 6037
f 6025 6037 6026
f 6026 6037 6038
f 6026 6038 6027
f 6027 6038 6039
f 6027 6039 6028
f 6028 6039 6040
f 6028 6040 6029
f 6029 6040 6041
f 6029 6041 6030
f 6030 6041 6042
f 6030 6042 6031
f 6031 6042 6043
f 6031 6043 6032
f 6032 6043 6044
f 6032 6044 6033
f 6033 6044 6045
f 6033 6045 6034
f 6034 6045 6046
f 6034 6046 6035
f 6035 6046 6047
f 5684 5669 6048
f 5684 6048 6036
f 6036 6048 6049
f 6036 6049 6037
f 6037 6049 6050
f 6037 6050 6038
f 6038 6050 6051
f 6038 6051 6039
f 6039 6051 6052
f 6039 6052 6040
f 6040 6052 6053
f 6040 6053 6041
f 6041 6053 6054
f 6041 6054 6042
f 6042 6054 6055
f 6042 6055 6043
f 6043 6055 6056
f 6043 6056 6044
f 6044 6056 6057
f 6044 6057 6045
f 6045 6057 6058
f 6045 6058 6046
f 6046 6058 6059
f 6046 6059 6047
f 6047 6059 6060
f 5669 5655 6061
f 5669 6061 6048
f 6048 6061 6062
f 6048 6062 6049
f 6049 6062 6063
f 6049 6063 6050
f 6050 6063 6064
f 6050 6064 6051
f 6051 6064 6065
f 6051 6065 6052
f 6052 6065 6066
f 6052 6066 6053
f 6053 6066 6067
f 6053 6067 6054
f 6054 6067 6068
f 6054 6068 6055
f 6055 6068 6069
f 6055 6069 6056
f 6056 6069 6070
f 6056 6070 6057
f 6057 6070 6071
f 6057 6071 6058
f 6058 6071 6072
f 6058 6072 6059
f 6059 6072 6073
f 6059 6073 6060
f 6060 6073 6074
f 5655 5642 6075
f 5655 6075 6061
f 6061 6075 6076
f 6061 6076 6062
f 6062 6076 6077
f 6062 6077 6063
f 6063 6077 6078
f 6063 6078 6064
f 6064 6078 6079
f 6064 6079 6065
f 6065 6079 6080
f 6065 6080 6066
f 6066 6080 6081
f 6066 6081 6067
f 6067 6081 6082
f 6067 6082 6068
f 6068 6082 6083
f 6068 6083 6069
f 6069 6083 6084
f 6069 6084 6070
f 6070 6084 6085
f 6070 6085 6071
f 6071 6085 6086
f 6071 6086 6072
f 6072 6086 6087
f 6072 6087 6073
f 6073 6087 6088
f 6073 6088 6074
f 6074 6088 6089
f 5642 5630 6090
f 5642 6090 6075
f 6075 6090 6091
f 6075 6091 6076
f 6076 6091 6092
f 6076 6092 6077
f 6077 6092 6093
f 6077 6093 6078
f 6078 6093 6094
f 6078 6094 6079
f 6079 6094 6095
f 6079 6095 6080
f 6080 6095 6096
f 6080 6096 6081
f 6081 6096 6097
f 6081 6097 6082
f 6082 6097 6098
f 6082 6098 6083
f 6083 6098 6099
f 6083 6099 6084
f 6084 6099 6100
f 6084 6100 6085
f 6085 6100 6101
f 6085 6101 6086
f 6086 6101 6102
f 6086 6102 6087
f 6087 6102 6103
f 6087 6103 6088
f 6088 6103 6104
f 6088 6104 6089
f 6089 6104 6105
f 5630 5619 6106
f 5630 6106 6090
f 6090 6106 6107
f 6090 6107 6091
f 6091 6107 6108
f 6091 6108 6092
f 6092 6108 6109
f 6092 6109 6093
f 6093 6109 6110
f 6093 6110 6094
f 6094 6110 6111
f 6094 6111 6095
f 6095 6111 6112
f 6095 6112 6096
f 6096 6112 6113
f 6096 6113 6097
f 6097 6113 6114
f 6097 6114 6098
f 6098 6114 6115
f 6098 6115 6099
f 6099 6115 6116
f 6099 6116 6100
f 6100 6116 6117
f 6100 6117 6101
f 6101 6117 6118
f 6101 6118 6102
f 6102 6118 6119
f 6102 6119 6103
f 6103 6119 6120
f 6103 6120 6104
f 6104 6120 6121
f 6104 6121 6105
f 6105 6121 6122
f 5619 5609 6123
f 5619 6123 6106
f 6106 6123 6124
f 6106 6124 6107
f 6107 6124 6125
f 6107 6125 6108
f 6108 6125 6126
f 6108 6126 6109
f 6109 6126 6127
f 6109 6127 6110
f 6110 6127 6128
f 6110 6128 6111
f 6111 6128 6129
f 6111 6129 6112
f 6112 6129 6130
f 6112 6130 6113
f 6113 6130 6131
f 6113 6131 6114
f 6114 6131 6132
f 6114 6132 6115
f 6115 6132 6133
f 6115 6133 6116
f 6116 6133 6134
f 6116 6134 6117
f 6117 6134 6135
f 6117 6135 6118
f 6118 6135 6136
f 6118 6136 6119
f 6119 6136 6137
f 6119 6137 6120
f 6120 6137 6138
f 6120 6138 6121
f 6121 6138 6139
f 6121 6139 6122
f 6122 6139 6140
f 5609 5600 6141
f 5609 6141 6123
f 6123 6141 6142
f 6123 6142 6124
f 6124 6142 6143
f 6124 6143 6125
f 6125 6143 6144
f 6125 6144 6126
f 6126 6144 6145
f 6126 6145 6127
f 6127 6145 6146
f 6127 6146 6128
f 6128 6146 6147
f 6128 6147 6129
f 6129 6147 6148
f 6129 6148 6130
f 6130 6148 6149
f 6130 6149 6131
f 6131 6149 6150
f 6131 6150 6132
f 6132 6150 6151
f 6132 6151 6133
f 6133 6151 6152
f 6133 6152 6134
f 6134 6152 6153
f 6134 6153 6135
f 6135 6153 6154
f 6135 6154 6136
f 6136 6154 6155
f 6136 6155 6137
f 6137 6155 6156
f 6137 6156 6138
f 6138 6156 6157
f 6138 6157 6139
f 6139 6157 6158
f 6139 6158 6140
f 6140 6158 6159
f 5600 5592 6160
f 5600 6160 6141
f 6141 6160 6161
f 6141 6161 6142
f 6142 6161 6162
f 6142 6162 6143
f 6143 6162 6163
f 6143 6163 6144
f 6144 6163 6164
f 6144 6164 6145
f 6145 6164 6165
f 6145 6165 6146
f 6146 6165 6166
f 6146 6166 6147
f 6147 6166 6167
f 6147 6167 6148
f 6148 6167 6168
f 6148 6168 6149
f 6149 6168 6169
f 6149 6169 6150
f 6150 6169 6170
f 6150 6170 6151
f 6151 6170 6171
f 6151 6171 6152
f 6152 6171 6172
f 6152 6172 6153
f 6153 6172 6173
f 6153 6173 6154
f 6154 6173 6174
f 6154 6174 6155
f 6155 6174 6175
f 6155 6175 6156
f 6156 6175 6176
f 6156 6176 6157
f 6157 6176 6177
f 6157 6177 6158
f 6158 6177 6178
f 6158 6178 6159
f 6159 6178 6179
f 5592 5585 6180
f 5592 6180 6160
f 6160 6180 6181
f 6160 6181 6161
f 6161 6181 6182
f 6161 6182 6162
f 6162 6182 6183
f 6162 6183 6163
f 6163 6183 6184
f 6163 6184 6164
f 6164 6184 6185
f 6164 6185 6165
f 6165 6185 6186
f 6165 6186 6166
f 6166 6186 6187
f 6166 6187 6167
f 6167 6187 6188
f 6167 6188 6168
f 6168 6188 6189
f 6168 6189 6169
f 6169 6189 6190
f 6169 6190 6170
f 6170 6190 6191
f 6170 6191 6171
f 6171 6191 6192
f 6171 6192 6172
f 6172 6192 6193
f 6172 6193 6173
f 6173 6193 6194
f 6173 6194 6174
f 6174 6194 6195
f 6174 6195 6175
f 6175 6195 6196
f 6175 6196 6176
f 6176 6196 6197
f 6176 6197 6177
f 6177 6197 6198
f 6177 6198 6178
f 6178 6198 6199
f 6178 6199 6179
f 6179 6199 6200
f 5585 5579 6201
f 5585 6201 6180
f 6180 6201 6202
f 6180 6202 6181
f 6181 6202 6203
f 6181 6203 6182
f 6182 6203 6204
f 6182 6204 6183
f 6183 6204 6205
f 6183 6205 6184
f 6184 6205 6206
f 6184 6206 6185
f 6185 6206 6207
f 6185 6207 6186
f 6186 6207 6208
f 6186 6208 6187
f 6187 6208 6209
f 6187 6209 6188
f 6188 6209 6210
f 6188 6210 6189
f 6189 6210 6211
f 6189 6211 6190
f 6190 6211 6212
f 6190 6212 6191
f 6191 6212 6213
f 6191 6213 6192
f 6192 6213 6214
f 6192 6214 6193
f 6193 6214 6215
f 6193 6215 6194
f 6194 6215 6216
f 6194 6216 6195
f 6195 6216 6217
f 6195 6217 6196
f 6196 6217 6218
f 6196 6218 6197
f 6197 6218 6219
f 6197 6219 6198
f 6198 6219 6220
f 6198 6220 6199
f 6199 6220 6221
f 6199 6221 6200
f 6200 6221 6222
f 5579 5574 6223
f 5579 6223 6201
f 6201 6223 6224
f 6201 6224 6202
f 6202 6224 6225
f 6202 6225 6203
f 6203 6225 6226
f 6203 6226 6204
f 6204 6226 6227
f 6204 6227 6205
f 6205 6227 6228
f 6205 6228 6206
f 6206 6228 6229
f 6206 6229 6207
f 6207 6229 6230
f 6207 6230 6208
f 6208 6230 6231
f 6208 6231 6209
f 6209 6231 6232
f 6209 6232 6210
f 6210 6232 6233
f 6210 6233 6211
f 6211 6233 6234
f 6211 6234 6212
f 6212 6234 6235
f 6212 6235 6213
f 6213 6235 6236
f 6213 6236 6214
f 6214 6236 6237
f 6214 6237 6215
f 6215 6237 6238
f 6215 6238 6216
f 6216 6238 6239
f 6216 6239 6217
f 6217 6239 6240
f 6217 6240 6218
f 6218 6240 6241
f 6218 6241 6219
f 6219 6241 6242
f 6219 6242 6220
f 6220 6242 6243
f 6220 6243 6221
f 6221 6243 6244
f 6221 6244 6222
f 6222 6244 6245
f 5574 5570 6246
f 5574 6246 6223
f 6223 6246 6247
f 6223 6247 6224
f 6224 6247 6248
f 6224 6248 6225
f 6225 6248 6249
f 6225 6249 6226
f 6226 6249 6250
f 6226 6250 6227
f 6227 6250 6251
f 6227 6251 6228
f 6228 6251 6252
f 6228 6252 6229
f 6229 6252 6253
f 6229 6253 6230
f 6230 6253 6254
f 6230 6254 6231
f 6231 6254 6255
f 6231 6255 6232
f 6232 6255 6256
f 6232 6256 6233
f 6233 6256 6257
f 6233 6257 6234
f 6234 6257 6258
f 6234 6258 6235
f 6235 6258 6259
f 6235 6259 6236
f 6236 6259 6260
f 6236 6260 6237
f 6237 6260 6261
f 6237 6261 6238
f 6238 6261 6262
f 6238 6262 6239
f 6239 6262 6263
f 6239 6263 6240
f 6240 6263 6264
f 6240 6264 6241
f 6241 6264 6265
f 6241 6265 6242
f 6242 6265 6266
f 6242 6266 6243
f 6243 6266 6267
f 6243 6267 6244
f 6244 6267 6268
f 6244 6268 6245
f 6245 6268 6269
f 5570 5567 6270
f 5570 6270 6246
f 6246 6270 6271
f 6246 6271 6247
f 6247 6271 6272
f 6247 6272 6248
f 6248 6272 6273
f 6248 6273 6249
f 6249 6273 6274
f 6249 6274 6250
f 6250 6274 6275
f 6250 6275 6251
f 6251 6275 6276
f 6251 6276 6252
f 6252 6276 6277
f 6252 6277 6253
f 6253 6277 6278
f 6253 6278 6254
f 6254 6278 6279
f 6254 6279 6255
f 6255 6279 6280
f 6255 6280 6256
f 6256 6280 6281
f 6256 6281 6257
f 6257 6281 6282
f 6257 6282 6258
f 6258 6282 6283
f 6258 6283 6259
f 6259 6283 6284
f 6259 6284 6260
f 6260 6284 6285
f 6260 6285 6261
f 6261 6285 6286
f 6261 6286 6262
f 6262 6286 6287
f 6262 6287 6263
f 6263 6287 6288
f 6263 6288 6264
f 6264 6288 6289
f 6264 6289 6265
f 6265 6289 6290
f 6265 6290 6266
f 6266 6290 6291
f 6266 6291 6267
f 6267 6291 6292
f 6267 6292 6268
f 6268 6292 6293
f 6268 6293 6269
f 6269 6293 6294
f 5567 5565 6295
f 5567 6295 6270
f 6270 6295 6296
f 6270 6296 6271
f 6271 6296 6297
f 6271 6297 6272
f 6272 6297 6298
f 6272 6298 6273
f 6273 6298 6299
f 6273 6299 6274
f 6274 6299 6300
f 6274 6300 6275
f 6275 6300 6301
f 6275 6301 6276
f 6276 6301 6302
f 6276 6302 6277
f 6277 6302 6303
f 6277 6303 6278
f 6278 6303 6304
f 6278 6304 6279
f 6279 6304 6305
f 6279 6305 6280
f 6280 6305 6306
f 6280 6306 6281
f 6281 6306 6307
f 6281 6307 6282
f 6282 6307 6308
f 6282 6308 6283
f 6283 6308 6309
f 6283 6309 6284
f 6284 6309 6310
f 6284 6310 6285
f 6285 6310 6311
f 6285 6311 6286
f 6286 6311 6312
f 6286 6312 6287
f 6287 6312 6313
f 6287 6313 6288
f 6288 6313 6314
f 6288 6314 6289
f 6289 6314 6315
f 6289 6315 6290
f 6290 6315 6316
f 6290 6316 6291
f 6291 6316 6317
f 6291 6317 6292
f 6292 6317 6318
f 6292 6318 6293
f 6293 6318 6319
f 6293 6319 6294
f 6294 6319 6320
f 5565 5564 6321
f 5565 6321 6295
f 6295 6321 6322
f 6295 6322 6296
f 6296 6322 6323
f 6296 6323 6297
f 6297 6323 6324
f 6297 6324 6298
f 6298 6324 6325
f 6298 6325 6299
f 6299 6325 6326
f 6299 6326 6300
f 6300 6326 6327
f 6300 6327 6301
f 6301 6327 6328
f 6301 6328 6302
f 6302 6328 6329
f 6302 6329 6303
f 6303 6329 6330
f 6303 6330 6304
f 6304 6330 6331
f 6304 6331 6305
f 6305 6331 6332
f 6305 6332 6306
f 6306 6332 6333
f 6306 6333 6307
f 6307 6333 6334
f 6307 6334 6308
f 6308 6334 6335
f 6308 6335 6309
f 6309 6335 6336
f 6309 6336 6310
f 6310 6336 6337
f 6310 6337 6311
f 6311 6337 6338
f 6311 6338 6312
f 6312 6338 6339
f 6312 6339 6313
f 6313 6339 6340
f 6313 6340 6314
f 6314 6340 6341
f 6314 6341 6315
f 6315 6341 6342
f 6315 6342 6316
f 6316 6342 6343
f 6316 6343 6317
f 6317 6343 6344
f 6317 6344 6318
f 6318 6344 6345
f 6318 6345 6319
f 6319 6345 6346
f 6319 6346 6320
f 6320 6346 6347
f 5564 5158 5186
f 5564 5186 6321
f 6321 5186 5188
f 6321 5188 6322
f 6322 5188 5191
f 6322 5191 6323
f 6323 5191 5195
f 6323 5195 6324
f 6324 5195 5200
f 6324 5200 6325
f 6325 5200 5206
f 6325 5206 6326
f 6326 5206 5213
f 6326 5213 6327
f 6327 5213 5221
f 6327 5221 6328
f 6328 5221 5230
f 6328 5230 6329
f 6329 5230 5240
f 6329 5240 6330
f 6330 5240 5251
f 6330 5251 6331
f 6331 5251 5263
f 6331 5263 6332
f 6332 5263 5276
f 6332 5276 6333
f 6333 5276 5290
f 6333 5290 6334
f 6334 5290 5305
f 6334 5305 6335
f 6335 5305 5321
f 6335 5321 6336
f 6336 5321 5338
f 6336 5338 6337
f 6337 5338 5356
f 6337 5356 6338
f 6338 5356 5375
f 6338 5375 6339
f 6339 5375 5395
f 6339 5395 6340
f 6340 5395 5416
f 6340 5416 6341
f 6341 5416 5438
f 6341 5438 6342
f 6342 5438 5461
f 6342 5461 6343
f 6343 5461 5485
f 6343 5485 6344
f 6344 5485 5510
f 6344 5510 6345
f 6345 5510 5536
f 6345 5536 6346
f 6346 5536 5563
f 6346 5563 6347
f 6347 5563 841
f 5942 6348 5943
f 6348 6349 6350
f 6348 6350 5943
f 5943 6350 5944
f 6349 6351 6352
f 6349 6352 6350
f 6350 6352 6353
f 6350 6353 5944
f 5944 6353 5945
f 6351 6354 6355
f 6351 6355 6352
f 6352 6355 6356
f 6352 6356 6353
f 6353 6356 6357
f 6353 6357 5945
f 5945 6357 5946
f 6354 6358 6359
f 6354 6359 6355
f 6355 6359 6360
f 6355 6360 6356
f 6356 6360 6361
f 6356 6361 6357
f 6357 6361 6362
f 6357 6362 5946
f 5946 6362 5947
f 6358 6363 6364
f 6358 6364 6359
f 6359 6364 6365
f 6359 6365 6360
f 6360 6365 6366
f 6360 6366 6361
f 6361 6366 6367
f 6361 6367 6362
f 6362 6367 6368
f 6362 6368 5947
f 5947 6368 5948
f 6363 6369 6370
f 6363 6370 6364
f 6364 6370 6371
f 6364 6371 6365
f 6365 6371 6372
f 6365 6372 6366
f 6366 6372 6373
f 6366 6373 6367
f 6367 6373 6374
f 6367 6374 6368
f 6368 6374 6375
f 6368 6375 5948
f 5948 6375 5949
f 6369 6376 6377
f 6369 6377 6370
f 6370 6377 6378
f 6370 6378 6371
f 6371 6378 6379
f 6371 6379 6372
f 6372 6379 6380
f 6372 6380 6373
f 6373 6380 6381
f 6373 6381 6374
f 6374 6381 6382
f 6374 6382 6375
f 6375 6382 6383
f 6375 6383 5949
f 5949 6383 5950
f 6376 6384 6385
f 6376 6385 6377
f 6377 6385 6386
f 6377 6386 6378
f 6378 6386 6387
f 6378 6387 6379
f 6379 6387 6388
f 6379 6388 6380
f 6380 6388 6389
f 6380 6389 6381
f 6381 6389 6390
f 6381 6390 6382
f 6382 6390 6391
f 6382 6391 6383
f 6383 6391 6392
f 6383 6392 5950
f 5950 6392 5951
f 6384 6393 6394
f 6384 6394 6385
f 6385 6394 6395
f 6385 6395 6386
f 6386 6395 6396
f 6386 6396 6387
f 6387 6396 6397
f 6387 6397 6388
f 6388 6397 6398
f 6388 6398 6389
f 6389 6398 6399
f 6389 6399 6390
f 6390 6399 6400
f 6390 6400 6391
f 6391 6400 6401
f 6391 6401 6392
f 6392 6401 6402
f 6392 6402 5951
f 5951 6402 5952
f 6393 6403 6404
f 6393 6404 6394
f 6394 6404 6405
f 6394 6405 6395
f 6395 6405 6406
f 6395 6406 6396
f 6396 6406 6407
f 6396 6407 6397
f 6397 6407 6408
f 6397 6408 6398
f 6398 6408 6409
f 6398 6409 6399
f 6399 6409 6410
f 6399 6410 6400
f 6400 6410 6411
f 6400 6411 6401
f 6401 6411 6412
f 6401 6412 6402
f 6402 6412 6413
f 6402 6413 5952
f 5952 6413 5953
f 6403 6414 6415
f 6403 6415 6404
f 6404 6415 6416
f 6404 6416 6405
f 6405 6416 6417
f 6405 6417 6406
f 6406 6417 6418
f 6406 6418 6407
f 6407 6418 6419
f 6407 6419 6408
f 6408 6419 6420
f 6408 6420 6409
f 6409 6420 6421
f 6409 6421 6410
f 6410 6421 6422
f 6410 6422 6411
f 6411 6422 6423
f 6411 6423 6412
f 6412 6423 6424
f 6412 6424 6413
f 6413 6424 6425
f 6413 6425 5953
f 5953 6425 5954
f 6414 6426 6427
f 6414 6427 6415
f 6415 6427 6428
f 6415 6428 6416
f 6416 6428 6429
f 6416 6429 6417
f 6417 6429 6430
f 6417 6430 6418
f 6418 6430 6431
f 6418 6431 6419
f 6419 6431 6432
f 6419 6432 6420
f 6420 6432 6433
f 6420 6433 6421
f 6421 6433 6434
f 6421 6434 6422
f 6422 6434 6435
f 6422 6435 6423
f 6423 6435 6436
f 6423 6436 6424
f 6424 6436 6437
f 6424 6437 6425
f 6425 6437 6438
f 6425 6438 5954
f 5954 6438 5955
f 6426 6439 6440
f 6426 6440 6427
f 6427 6440 6441
f 6427 6441 6428
f 6428 6441 6442
f 6428 6442 6429
f 6429 6442 6443
f 6429 6443 6430
f 6430 6443 6444
f 6430 6444 6431
f 6431 6444 6445
f 6431 6445 6432
f 6432 6445 6446
f 6432 6446 6433
f 6433 6446 6447
f 6433 6447 6434
f 6434 6447 6448
f 6434 6448 6435
f 6435 6448 6449
f 6435 6449 6436
f 6436 6449 6450
f 6436 6450 6437
f 6437 6450 6451
f 6437 6451 6438
f 6438 6451 6452
f 6438 6452 5955
f 5955 6452 5956
f 6439 6453 6454
f 6439 6454 6440
f 6440 6454 6455
f 6440 6455 6441
f 6441 6455 6456
f 6441 6456 6442
f 6442 6456 6457
f 6442 6457 6443
f 6443 6457 6458
f 6443 6458 6444
f 6444 6458 6459
f 6444 6459 6445
f 6445 6459 6460
f 6445 6460 6446
f 6446 6460 6461
f 6446 6461 6447
f 6447 6461 6462
f 6447 6462 6448
f 6448 6462 6463
f 6448 6463 6449
f 6449 6463 6464
f 6449 6464 6450
f 6450 6464 6465
f 6450 6465 6451
f 6451 6465 6466
f 6451 6466 6452
f 6452 6466 6467
f 6452 6467 5956
f 5956 6467 5957
f 6453 6468 6469
f 6453 6469 6454
f 6454 6469 6470
f 6454 6470 6455
f 6455 6470 6471
f 6455 6471 6456
f 6456 6471 6472
f 6456 6472 6457
f 6457 6472 6473
f 6457 6473 6458
f 6458 6473 6474
f 6458 6474 6459
f 6459 6474 6475
f 6459 6475 6460
f 6460 6475 6476
f 6460 6476 6461
f 6461 6476 6477
f 6461 6477 6462
f 6462 6477 6478
f 6462 6478 6463
f 6463 6478 6479
f 6463 6479 6464
f 6464 6479 6480
f 6464 6480 6465
f 6465 6480 6481
f 6465 6481 6466
f 6466 6481 6482
f 6466 6482 6467
f 6467 6482 6483
f 6467 6483 5957
f 5957 6483 5958
f 6468 6484 6485
f 6468 6485 6469
f 6469 6485 6486
f 6469 6486 6470
f 6470 6486 6487
f 6470 6487 6471
f 6471 6487 6488
f 6471 6488 6472
f 6472 6488 6489
f 6472 6489 6473
f 6473 6489 6490
f 6473 6490 6474
f 6474 6490 6491
f 6474 6491 6475
f 6475 6491 6492
f 6475 6492 6476
f 6476 6492 6493
f 6476 6493 6477
f 6477 6493 6494
f 6477 6494 6478
f 6478 6494 6495
f 6478 6495 6479
f 6479 6495 6496
f 6479 6496 6480
f 6480 6496 6497
f 6480 6497 6481
f 6481 6497 6498
f 6481 6498 6482
f 6482 6498 6499
f 6482 6499 6483
f 6483 6499 6500
f 6483 6500 5958
f 5958 6500 5959
f 6484 6501 6502
f 6484 6502 6485
f 6485 6502 6503
f 6485 6503 6486
f 6486 6503 6504
f 6486 6504 6487
f 6487 6504 6505
f 6487 6505 6488
f 6488 6505 6506
f 6488 6506 6489
f 6489 6506 6507
f 6489 6507 6490
f 6490 6507 6508
f 6490 6508 6491
f 6491 6508 6509
f 6491 6509 6492
f 6492 6509 6510
f 6492 6510 6493
f 6493 6510 6511
f 6493 6511 6494
f 6494 6511 6512
f 6494 6512 6495
f 6495 6512 6513
f 6495 6513 6496
f 6496 6513 6514
f 6496 6514 6497
f 6497 6514 6515
f 6497 6515 6498
f 6498 6515 6516
f 6498 6516 6499
f 6499 6516 6517
f 6499 6517 6500
f 6500 6517 6518
f 6500 6518 5959
f 5959 6518 5960
f 6501 6519 6520
f 6501 6520 6502
f 6502 6520 6521
f 6502 6521 6503
f 6503 6521 6522
f 6503 6522 6504
f 6504 6522 6523
f 6504 6523 6505
f 6505 6523 6524
f 6505 6524 6506
f 6506 6524 6525
f 6506 6525 6507
f 6507 6525 6526
f 6507 6526 6508
f 6508 6526 6527
f 6508 6527 6509
f 6509 6527 6528
f 6509 6528 6510
f 6510 6528 6529
f 6510 6529 6511
f 6511 6529 6530
f 6511 6530 6512
f 6512 6530 6531
f 6512 6531 6513
f 6513 6531 6532
f 6513 6532 6514
f 6514 6532 6533
f 6514 6533 6515
f 6515 6533 6534
f 6515 6534 6516
f 6516 6534 6535
f 6516 6535 6517
f 6517 6535 6536
f 6517 6536 6518
f 6518 6536 6537
f 6518 6537 5960
f 5960 6537 5961
f 6519 6538 6539
f 6519 6539 6520
f 6520 6539 6540
f 6520 6540 6521
f 6521 6540 6541
f 6521 6541 6522
f 6522 6541 6542
f 6522 6542 6523
f 6523 6542 6543
f 6523 6543 6524
f 6524 6543 6544
f 6524 6544 6525
f 6525 6544 6545
f 6525 6545 6526
f 6526 6545 6546
f 6526 6546 6527
f 6527 6546 6547
f 6527 6547 6528
f 6528 6547 6548
f 6528 6548 6529
f 6529 6548 6549
f 6529 6549 6530
f 6530 6549 6550
f 6530 6550 6531
f 6531 6550 6551
f 6531 6551 6532
f 6532 6551 6552
f 6532 6552 6533
f 6533 6552 6553
f 6533 6553 6534
f 6534 6553 6554
f 6534 6554 6535
f 6535 6554 6555
f 6535 6555 6536
f 6536 6555 6556
f 6536 6556 6537
f 6537 6556 6557
f 6537 6557 5961
f 5961 6557 5962
f 6538 6558 6559
f 6538 6559 6539
f 6539 6559 6560
f 6539 6560 6540
f 6540 6560 6561
f 6540 6561 6541
f 6541 6561 6562
f 6541 6562 6542
f 6542 6562 6563
f 6542 6563 6543
f 6543 6563 6564
f 6543 6564 6544
f 6544 6564 6565
f 6544 6565 6545
f 6545 6565 6566
f 6545 6566 6546
f 6546 6566 6567
f 6546 6567 6547
f 6547 6567 6568
f 6547 6568 6548
f 6548 6568 6569
f 6548 6569 6549
f 6549 6569 6570
f 6549 6570 6550
f 6550 6570 6571
f 6550 6571 6551
f 6551 6571 6572
f 6551 6572 6552
f 6552 6572 6573
f 6552 6573 6553
f 6553 6573 6574
f 6553 6574 6554
f 6554 6574 6575
f 6554 6575 6555
f 6555 6575 6576
f 6555 6576 6556
f 6556 6576 6577
f 6556 6577 6557
f 6557 6577 6578
f 6557 6578 5962
f 5962 6578 5963
f 6558 6579 6580
f 6558 6580 6559
f 6559 6580 6581
f 6559 6581 6560
f 6560 6581 6582
f 6560 6582 6561
f 6561 6582 6583
f 6561 6583 6562
f 6562 6583 6584
f 6562 6584 6563
f 6563 6584 6585
f 6563 6585 6564
f 6564 6585 6586
f 6564 6586 6565
f 6565 6586 6587
f 6565 6587 6566
f 6566 6587 6588
f 6566 6588 6567
f 6567 6588 6589
f 6567 6589 6568
f 6568 6589 6590
f 6568 6590 6569
f 6569 6590 6591
f 6569 6591 6570
f 6570 6591 6592
f 6570 6592 6571
f 6571 6592 6593
f 6571 6593 6572
f 6572 6593 6594
f 6572 6594 6573
f 6573 6594 6595
f 6573 6595 6574
f 6574 6595 6596
f 6574 6596 6575
f 6575 6596 6597
f 6575 6597 6576
f 6576 6597 6598
f 6576 6598 6577
f 6577 6598 6599
f 6577 6599 6578
f 6578 6599 6600
f 6578 6600 5963
f 5963 6600 5964
f 6579 6601 6602
f 6579 6602 6580
f 6580 6602 6603
f 6580 6603 6581
f 6581 6603 6604
f 6581 6604 6582
f 6582 6604 6605
f 6582 6605 6583
f 6583 6605 6606
f 6583 6606 6584
f 6584 6606 6607
f 6584 6607 6585
f 6585 6607 6608
f 6585 6608 6586
f 6586 6608 6609
f 6586 6609 6587
f 6587 6609 6610
f 6587 6610 6588
f 6588 6610 6611
f 6588 6611 6589
f 6589 6611 6612
f 6589 6612 6590
f 6590 6612 6613
f 6590 6613 6591
f 6591 6613 6614
f 6591 6614 6592
f 6592 6614 6615
f 6592 6615 6593
f 6593 6615 6616
f 6593 6616 6594
f 6594 6616 6617
f 6594 6617 6595
f 6595 6617 6618
f 6595 6618 6596
f 6596 6618 6619
f 6596 6619 6597
f 6597 6619 6620
f 6597 6620 6598
f 6598 6620 6621
f 6598 6621 6599
f 6599 6621 6622
f 6599 6622 6600
f 6600 6622 6623
f 6600 6623 5964
f 5964 6623 5965
f 6601 6624 6625
f 6601 6625 6602
f 6602 6625 6626
f 6602 6626 6603
f 6603 6626 6627
f 6603 6627 6604
f 6604 6627 6628
f 6604 6628 6605
f 6605 6628 6629
f 6605 6629 6606
f 6606 6629 6630
f 6606 6630 6607
f 6607 6630 6631
f 6607 6631 6608
f 6608 6631 6632
f 6608 6632 6609
f 6609 6632 6633
f 6609 6633 6610
f 6610 6633 6634
f 6610 6634 6611
f 6611 6634 6635
f 6611 6635 6612
f 6612 6635 6636
f 6612 6636 6613
f 6613 6636 6637
f 6613 6637 6614
f 6614 6637 6638
f 6614 6638 6615
f 6615 6638 6639
f 6615 6639 6616
f 6616 6639 6640
f 6616 6640 6617
f 6617 6640 6641
f 6617 6641 6618
f 6618 6641 6642
f 6618 6642 6619
f 6619 6642 6643
f 6619 6643 6620
f 6620 6643 6644
f 6620 6644 6621
f 6621 6644 6645
f 6621 6645 6622
f 6622 6645 6646
f 6622 6646 6623
f 6623 6646 6647
f 6623 6647 5965
f 5965 6647 5966
f 6624 6648 6649
f 6624 6649 6625
f 6625 6649 6650
f 6625 6650 6626
f 6626 6650 6651
f 6626 6651 6627
f 6627 6651 6652
f 6627 6652 6628
f 6628 6652 6653
f 6628 6653 6629
f 6629 6653 6654
f 6629 6654 6630
f 6630 6654 6655
f 6630 6655 6631
f 6631 6655 6656
f 6631 6656 6632
f 6632 6656 6657
f 6632 6657 6633
f 6633 6657 6658
f 6633 6658 6634
f 6634 6658 6659
f 6634 6659 6635
f 6635 6659 6660
f 6635 6660 6636
f 6636 6660 6661
f 6636 6661 6637
f 6637 6661 6662
f 6637 6662 6638
f 6638 6662 6663
f 6638 6663 6639
f 6639 6663 6664
f 6639 6664 6640
f 6640 6664 6665
f 6640 6665 6641
f 6641 6665 6666
f 6641 6666 6642
f 6642 6666 6667
f 6642 6667 6643
f 6643 6667 6668
f 6643 6668 6644
f 6644 6668 6669
f 6644 6669 6645
f 6645 6669 6670
f 6645 6670 6646
f 6646 6670 6671
f 6646 6671 6647
f 6647 6671 6672
f 6647 6672 5966
f 5966 6672 5967
f 6648 6673 6674
f 6648 6674 6649
f 6649 6674 6675
f 6649 6675 6650
f 6650 6675 6676
f 6650 6676 6651
f 6651 6676 6677
f 6651 6677 6652
f 6652 6677 6678
f 6652 6678 6653
f 6653 6678 6679
f 6653 6679 6654
f 6654 6679 6680
f 6654 6680 6655
f 6655 6680 6681
f 6655 6681 6656
f 6656 6681 6682
f 6656 6682 6657
f 6657 6682 6683
f 6657 6683 6658
f 6658 6683 6684
f 6658 6684 6659
f 6659 6684 6685
f 6659 6685 6660
f 6660 6685 6686
f 6660 6686 6661
f 6661 6686 6687
f 6661 6687 6662
f 6662 6687 6688
f 6662 6688 6663
f 6663 6688 6689
f 6663 6689 6664
f 6664 6689 6690
f 6664 6690 6665
f 6665 6690 6691
f 6665 6691 6666
f 6666 6691 6692
f 6666 6692 6667
f 6667 6692 6693
f 6667 6693 6668
f 6668 6693 6694
f 6668 6694 6669
f 6669 6694 6695
f 6669 6695 6670
f 6670 6695 6696
f 6670 6696 6671
f 6671 6696 6697
f 6671 6697 6672
f 6672 6697 6698
f 6672 6698 5967
f 5967 6698 5968
f 6673 6699 6700
f 6673 6700 6674
f 6674 6700 6701
f 6674 6701 6675
f 6675 6701 6702
f 6675 6702 6676
f 6676 6702 6703
f 6676 6703 6677
f 6677 6703 6704
f 6677 6704 6678
f 6678 6704 6705
f 6678 6705 6679
f 6679 6705 6706
f 6679 6706 6680
f 6680 6706 6707
f 6680 6707 6681
f 6681 6707 6708
f 6681 6708 6682
f 6682 6708 6709
f 6682 6709 6683
f 6683 6709 6710
f 6683 6710 6684
f 6684 6710 6711
f 6684 6711 6685
f 6685 6711 6712
f 6685 6712 6686
f 6686 6712 6713
f 6686 6713 6687
f 6687 6713 6714
f 6687 6714 6688
f 6688 6714 6715
f 6688 6715 6689
f 6689 6715 6716
f 6689 6716 6690
f 6690 6716 6717
f 6690 6717 6691
f 6691 6717 6718
f 6691 6718 6692
f 6692 6718 6719
f 6692 6719 6693
f 6693 6719 6720
f 6693 6720 6694
f 6694 6720 6721
f 6694 6721 6695
f 6695 6721 6722
f 6695 6722 6696
f 6696 6722 6723
f 6696 6723 6697
f 6697 6723 6724
f 6697 6724 6698
f 6698 6724 6725
f 6698 6725 5968
f 5968 6725 5969
f 6699 6726 6727
f 6699 6727 6700
f 6700 6727 6728
f 6700 6728 6701
f 6701 6728 6729
f 6701 6729 6702
f 6702 6729 6730
f 6702 6730 6703
f 6703 6730 6731
f 6703 6731 6704
f 6704 6731 6732
f 6704 6732 6705
f 6705 6732 6733
f 6705 6733 6706
f 6706 6733 6734
f 6706 6734 6707
f 6707 6734 6735
f 6707 6735 6708
f 6708 6735 6736
f 6708 6736 6709
f 6709 6736 6737
f 6709 6737 6710
f 6710 6737 6738
f 6710 6738 6711
f 6711 6738 6739
f 6711 6739 6712
f 6712 6739 6740
f 6712 6740 6713
f 6713 6740 6741
f 6713 6741 6714
f 6714 6741 6742
f 6714 6742 6715
f 6715 6742 6743
f 6715 6743 6716
f 6716 6743 6744
f 6716 6744 6717
f 6717 6744 6745
f 6717 6745 6718
f 6718 6745 6746
f 6718 6746 6719
f 6719 6746 6747
f 6719 6747 6720
f 6720 6747 6748
f 6720 6748 6721
f 6721 6748 6749
f 6721 6749 6722
f 6722 6749 6750
f 6722 6750 6723
f 6723 6750 6751
f 6723 6751 6724
f 6724 6751 6752
f 6724 6752 6725
f 6725 6752 6753
f 6725 6753 5969
f 5969 6753 435
f 6726 6699 6754
f 6699 6673 6755
f 6699 6755 6754
f 6754 6755 6756
f 6673 6648 6757
f 6673 6757 6755
f 6755 6757 6758
f 6755 6758 6756
f 6756 6758 6759
f 6648 6624 6760
f 6648 6760 6757
f 6757 6760 6761
f 6757 6761 6758
f 6758 6761 6762
f 6758 6762 6759
f 6759 6762 6763
f 6624 6601 6764
f 6624 6764 6760
f 6760 6764 6765
f 6760 6765 6761
f 6761 6765 6766
f 6761 6766 6762
f 6762 6766 6767
f 6762 6767 6763
f 6763 6767 6768
f 6601 6579 6769
f 6601 6769 6764
f 6764 6769 6770
f 6764 6770 6765
f 6765 6770 6771
f 6765 6771 6766
f 6766 6771 6772
f 6766 6772 6767
f 6767 6772 6773
f 6767 6773 6768
f 6768 6773 6774
f 6579 6558 6775
f 6579 6775 6769
f 6769 6775 6776
f 6769 6776 6770
f 6770 6776 6777
f 6770 6777 6771
f 6771 6777 6778
f 6771 6778 6772
f 6772 6778 6779
f 6772 6779 6773
f 6773 6779 6780
f 6773 6780 6774
f 6774 6780 6781
f 6558 6538 6782
f 6558 6782 6775
f 6775 6782 6783
f 6775 6783 6776
f 6776 6783 6784
f 6776 6784 6777
f 6777 6784 6785
f 6777 6785 6778
f 6778 6785 6786
f 6778 6786 6779
f 6779 6786 6787
f 6779 6787 6780
f 6780 6787 6788
f 6780 6788 6781
f 6781 6788 6789
f 6538 6519 6790
f 6538 6790 6782
f 6782 6790 6791
f 6782 6791 6783
f 6783 6791 6792
f 6783 6792 6784
f 6784 6792 6793
f 6784 6793 6785
f 6785 6793 6794
f 6785 6794 6786
f 6786 6794 6795
f 6786 6795 6787
f 6787 6795 6796
f 6787 6796 6788
f 6788 6796 6797
f 6788 6797 6789
f 6789 6797 6798
f 6519 6501 6799
f 6519 6799 6790
f 6790 6799 6800
f 6790 6800 6791
f 6791 6800 6801
f 6791 6801 6792
f 6792 6801 6802
f 6792 6802 6793
f 6793 6802 6803
f 6793 6803 6794
f 6794 6803 6804
f 6794 6804 6795
f 6795 6804 6805
f 6795 6805 6796
f 6796 6805 6806
f 6796 6806 6797
f 6797 6806 6807
f 6797 6807 6798
f 6798 6807 6808
f 6501 6484 6809
f 6501 6809 6799
f 6799 6809 6810
f 6799 6810 6800
f 6800 6810 6811
f 6800 6811 6801
f 6801 6811 6812
f 6801 6812 6802
f 6802 6812 6813
f 6802 6813 6803
f 6803 6813 6814
f 6803 6814 6804
f 6804 6814 6815
f 6804 6815 6805
f 6805 6815 6816
f 6805 6816 6806
f 6806 6816 6817
f 6806 6817 6807
f 6807 6817 6818
f 6807 6818 6808
f 6808 6818 6819
f 6484 6468 6820
f 6484 6820 6809
f 6809 6820 6821
f 6809 6821 6810
f 6810 6821 6822
f 6810 6822 6811
f 6811 6822 6823
f 6811 6823 6812
f 6812 6823 6824
f 6812 6824 6813
f 6813 6824 6825
f 6813 6825 6814
f 6814 6825 6826
f 6814 6826 6815
f 6815 6826 6827
f 6815 6827 6816
f 6816 6827 6828
f 6816 6828 6817
f 6817 6828 6829
f 6817 6829 6818
f 6818 6829 6830
f 6818 6830 6819
f 6819 6830 6831
f 6468 6453 6832
f 6468 6832 6820
f 6820 6832 6833
f 6820 6833 6821
f 6821 6833 6834
f 6821 6834 6822
f 6822 6834 6835
f 6822 6835 6823
f 6823 6835 6836
f 6823 6836 6824
f 6824 6836 6837
f 6824 6837 6825
f 6825 6837 6838
f 6825 6838 6826
f 6826 6838 6839
f 6826 6839 6827
f 6827 6839 6840
f 6827 6840 6828
f 6828 6840 6841
f 6828 6841 6829
f 6829 6841 6842
f 6829 6842 6830
f 6830 6842 6843
f 6830 6843 6831
f 6831 6843 6844
f 6453 6439 6845
f 6453 6845 6832
f 6832 6845 6846
f 6832 6846 6833
f 6833 6846 6847
f 6833 6847 6834
f 6834 6847 6848
f 6834 6848 6835
f 6835 6848 6849
f 6835 6849 6836
f 6836 6849 6850
f 6836 6850 6837
f 6837 6850 6851
f 6837 6851 6838
f 6838 6851 6852
f 6838 6852 6839
f 6839 6852 6853
f 6839 6853 6840
f 6840 6853 6854
f 6840 6854 6841
f 6841 6854 6855
f 6841 6855 6842
f 6842 6855 6856
f 6842 6856 6843
f 6843 6856 6857
f 6843 6857 6844
f 6844 6857 6858
f 6439 6426 6859
f 6439 6859 6845
f 6845 6859 6860
f 6845 6860 6846
f 6846 6860 6861
f 6846 6861 6847
f 6847 6861 6862
f 6847 6862 6848
f 6848 6862 6863
f 6848 6863 6849
f 6849 6863 6864
f 6849 6864 6850
f 6850 6864 6865
f 6850 6865 6851
f 6851 6865 6866
f 6851 6866 6852
f 6852 6866 6867
f 6852 6867 6853
f 6853 6867 6868
f 6853 6868 6854
f 6854 6868 6869
f 6854 6869 6855
f 6855 6869 6870
f 6855 6870 6856
f 6856 6870 6871
f 6856 6871 6857
f 6857 6871 6872
f 6857 6872 6858
f 6858 6872 6873
f 6426 6414 6874
f 6426 6874 6859
f 6859 6874 6875
f 6859 6875 6860
f 6860 6875 6876
f 6860 6876 6861
f 6861 6876 6877
f 6861 6877 6862
f 6862 6877 6878
f 6862 6878 6863
f 6863 6878 6879
f 6863 6879 6864
f 6864 6879 6880
f 6864 6880 6865
f 6865 6880 6881
f 6865 6881 6866
f 6866 6881 6882
f 6866 6882 6867
f 6867 6882 6883
f 6867 6883 6868
f 6868 6883 6884
f 6868 6884 6869
f 6869 6884 6885
f 6869 6885 6870
f 6870 6885 6886
f 6870 6886 6871
f 6871 6886 6887
f 6871 6887 6872
f 6872 6887 6888
f 6872 6888 6873
f 6873 6888 6889
f 6414 6403 6890
f 6414 6890 6874
f 6874 6890 6891
f 6874 6891 6875
f 6875 6891 6892
f 6875 6892 6876
f 6876 6892 6893
f 6876 6893 6877
f 6877 6893 6894
f 6877 6894 6878
f 6878 6894 6895
f 6878 6895 6879
f 6879 6895 6896
f 6879 6896 6880
f 6880 6896 6897
f 6880 6897 6881
f 6881 6897 6898
f 6881 6898 6882
f 6882 6898 6899
f 6882 6899 6883
f 6883 6899 6900
f 6883 6900 6884
f 6884 6900 6901
f 6884 6901 6885
f 6885 6901 6902
f 6885 6902 6886
f 6886 6902 6903
f 6886 6903 6887
f 6887 6903 6904
f 6887 6904 6888
f 6888 6904 6905
f 6888 6905 6889
f 6889 6905 6906
f 6403 6393 6907
f 6403 6907 6890
f 6890 6907 6908
f 6890 6908 6891
f 6891 6908 6909
f 6891 6909 6892
f 6892 6909 6910
f 6892 6910 6893
f 6893 6910 6911
f 6893 6911 6894
f 6894 6911 6912
f 6894 6912 6895
f 6895 6912 6913
f 6895 6913 6896
f 6896 6913 6914
f 6896 6914 6897
f 6897 6914 6915
f 6897 6915 6898
f 6898 6915 6916
f 6898 6916 6899
f 6899 6916 6917
f 6899 6917 6900
f 6900 6917 6918
f 6900 6918 6901
f 6901 6918 6919
f 6901 6919 6902
f 6902 6919 6920
f 6902 6920 6903
f 6903 6920 6921
f 6903 6921 6904
f 6904 6921 6922
f 6904 6922 6905
f 6905 6922 6923
f 6905 6923 6906
f 6906 6923 6924
f 6393 6384 6925
f 6393 6925 6907
f 6907 6925 6926
f 6907 6926 6908
f 6908 6926 6927
f 6908 6927 6909
f 6909 6927 6928
f 6909 6928 6910
f 6910 6928 6929
f 6910 6929 6911
f 6911 6929 6930
f 6911 6930 6912
f 6912 6930 6931
f 6912 6931 6913
f 6913 6931 6932
f 6913 6932 6914
f 6914 6932 6933
f 6914 6933 6915
f 6915 6933 6934
f 6915 6934 6916
f 6916 6934 6935
f 6916 6935 6917
f 6917 6935 6936
f 6917 6936 6918
f 6918 6936 6937
f 6918 6937 6919
f 6919 6937 6938
f 6919 6938 6920
f 6920 6938 6939
f 6920 6939 6921
f 6921 6939 6940
f 6921 6940 6922
f 6922 6940 6941
f 6922 6941 6923
f 6923 6941 6942
f 6923 6942 6924
f 6924 6942 6943
f 6384 6376 6944
f 6384 6944 6925
f 6925 6944 6945
f 6925 6945 6926
f 6926 6945 6946
f 6926 6946 6927
f 6927 6946 6947
f 6927 6947 6928
f 6928 6947 6948
f 6928 6948 6929
f 6929 6948 6949
f 6929 6949 6930
f 6930 6949 6950
f 6930 6950 6931
f 6931 6950 6951
f 6931 6951 6932
f 6932 6951 6952
f 6932 6952 6933
f 6933 6952 6953
f 6933 6953 6934
f 6934 6953 6954
f 6934 6954 6935
f 6935 6954 6955
f 6935 6955 6936
f 6936 6955 6956
f 6936 6956 6937
f 6937 6956 6957
f 6937 6957 6938
f 6938 6957 6958
f 6938 6958 6939
f 6939 6958 6959
f 6939 6959 6940
f 6940 6959 6960
f 6940 6960 6941
f 6941 6960 6961
f 6941 6961 6942
f 6942 6961 6962
f 6942 6962 6943
f 6943 6962 6963
f 6376 6369 6964
f 6376 6964 6944
f 6944 6964 6965
f 6944 6965 6945
f 6945 6965 6966
f 6945 6966 6946
f 6946 6966 6967
f 6946 6967 6947
f 6947 6967 6968
f 6947 6968 6948
f 6948 6968 6969
f 6948 6969 6949
f 6949 6969 6970
f 6949 6970 6950
f 6950 6970 6971
f 6950 6971 6951
f 6951 6971 6972
f 6951 6972 6952
f 6952 6972 6973
f 6952 6973 6953
f 6953 6973 6974
f 6953 6974 6954
f 6954 6974 6975
f 6954 6975 6955
f 6955 6975 6976
f 6955 6976 6956
f 6956 6976 6977
f 6956 6977 6957
f 6957 6977 6978
f 6957 6978 6958
f 6958 6978 6979
f 6958 6979 6959
f 6959 6979 6980
f 6959 6980 6960
f 6960 6980 6981
f 6960 6981 6961
f 6961 6981 6982
f 6961 6982 6962
f 6962 6982 6983
f 6962 6983 6963
f 6963 6983 6984
f 6369 6363 6985
f 6369 6985 6964
f 6964 6985 6986
f 6964 6986 6965
f 6965 6986 6987
f 6965 6987 6966
f 6966 6987 6988
f 6966 6988 6967
f 6967 6988 6989
f 6967 6989 6968
f 6968 6989 6990
f 6968 6990 6969
f 6969 6990 6991
f 6969 6991 6970
f 6970 6991 6992
f 6970 6992 6971
f 6971 6992 6993
f 6971 6993 6972
f 6972 6993 6994
f 6972 6994 6973
f 6973 6994 6995
f 6973 6995 6974
f 6974 6995 6996
f 6974 6996 6975
f 6975 6996 6997
f 6975 6997 6976
f 6976 6997 6998
f 6976 6998 6977
f 6977 6998 6999
f 6977 6999 6978
f 6978 6999 7000
f 6978 7000 6979
f 6979 7000 7001
f 6979 7001 6980
f 6980 7001 7002
f 6980 7002 6981
f 6981 7002 7003
f 6981 7003 6982
f 6982 7003 7004
f 6982 7004 6983
f 6983 7004 7005
f 6983 7005 6984
f 6984 7005 7006
f 6363 6358 7007
f 6363 7007 6985
f 6985 7007 7008
f 6985 7008 6986
f 6986 7008 7009
f 6986 7009 6987
f 6987 7009 7010
f 6987 7010 6988
f 6988 7010 7011
f 6988 7011 6989
f 6989 7011 7012
f 6989 7012 6990
f 6990 7012 7013
f 6990 7013 6991
f 6991 7013 7014
f 6991 7014 6992
f 6992 7014 7015
f 6992 7015 6993
f 6993 7015 7016
f 6993 7016 6994
f 6994 7016 7017
f 6994 7017 6995
f 6995 7017 7018
f 6995 7018 6996
f 6996 7018 7019
f 6996 7019 6997
f 6997 7019 7020
f 6997 7020 6998
f 6998 7020 7021
f 6998 7021 6999
f 6999 7021 7022
f 6999 7022 7000
f 7000 7022 7023
f 7000 7023 7001
f 7001 7023 7024
f 7001 7024 7002
f 7002 7024 7025
f 7002 7025 7003
f 7003 7025 7026
f 7003 7026 7004
f 7004 7026 7027
f 7004 7027 7005
f 7005 7027 7028
f 7005 7028 7006
f 7006 7028 7029
f 6358 6354 7030
f 6358 7030 7007
f 7007 7030 7031
f 7007 7031 7008
f 7008 7031 7032
f 7008 7032 7009
f 7009 7032 7033
f 7009 7033 7010
f 7010 7033 7034
f 7010 7034 7011
f 7011 7034 7035
f 7011 7035 7012
f 7012 7035 7036
f 7012 7036 7013
f 7013 7036 7037
f 7013 7037 7014
f 7014 7037 7038
f 7014 7038 7015
f 7015 7038 7039
f 7015 7039 7016
f 7016 7039 7040
f 7016 7040 7017
f 7017 7040 7041
f 7017 7041 7018
f 7018 7041 7042
f 7018 7042 7019
f 7019 7042 7043
f 7019 7043 7020
f 7020 7043 7044
f 7020 7044 7021
f 7021 7044 7045
f 7021 7045 7022
f 7022 7045 7046
f 7022 7046 7023
f 7023 7046 7047
f 7023 7047 7024
f 7024 7047 7048
f 7024 7048 7025
f 7025 7048 7049
f 7025 7049 7026
f 7026 7049 7050
f 7026 7050 7027
f 7027 7050 7051
f 7027 7051 7028
f 7028 7051 7052
f 7028 7052 7029
f 7029 7052 7053
f 6354 6351 7054
f 6354 7054 7030
f 7030 7054 7055
f 7030 7055 7031
f 7031 7055 7056
f 7031 7056 7032
f 7032 7056 7057
f 7032 7057 7033
f 7033 7057 7058
f 7033 7058 7034
f 7034 7058 7059
f 7034 7059 7035
f 7035 7059 7060
f 7035 7060 7036
f 7036 7060 7061
f 7036 7061 7037
f 7037 7061 7062
f 7037 7062 7038
f 7038 7062 7063
f 7038 7063 7039
f 7039 7063 7064
f 7039 7064 7040
f 7040 7064 7065
f 7040 7065 7041
f 7041 7065 7066
f 7041 7066 7042
f 7042 7066 7067
f 7042 7067 7043
f 7043 7067 7068
f 7043 7068 7044
f 7044 7068 7069
f 7044 7069 7045
f 7045 7069 7070
f 7045 7070 7046
f 7046 7070 7071
f 7046 7071 7047
f 7047 7071 7072
f 7047 7072 7048
f 7048 7072 7073
f 7048 7073 7049
f 7049 7073 7074
f 7049 7074 7050
f 7050 7074 7075
f 7050 7075 7051
f 7051 7075 7076
f 7051 7076 7052
f 7052 7076 7077
f 7052 7077 7053
f 7053 7077 7078
f 6351 6349 7079
f 6351 7079 7054
f 7054 7079 7080
f 7054 7080 7055
f 7055 7080 7081
f 7055 7081 7056
f 7056 7081 7082
f 7056 7082 7057
f 7057 7082 7083
f 7057 7083 7058
f 7058 7083 7084
f 7058 7084 7059
f 7059 7084 7085
f 7059 7085 7060
f 7060 7085 7086
f 7060 7086 7061
f 7061 7086 7087
f 7061 7087 7062
f 7062 7087 7088
f 7062 7088 7063
f 7063 7088 7089
f 7063 7089 7064
f 7064 7089 7090
f 7064 7090 7065
f 7065 7090 7091
f 7065 7091 7066
f 7066 7091 7092
f 7066 7092 7067
f 7067 7092 7093
f 7067 7093 7068
f 7068 7093 7094
f 7068 7094 7069
f 7069 7094 7095
f 7069 7095 7070
f 7070 7095 7096
f 7070 7096 7071
f 7071 7096 7097
f 7071 7097 7072
f 7072 7097 7098
f 7072 7098 7073
f 7073 7098 7099
f 7073 7099 7074
f 7074 7099 7100
f 7074 7100 7075
f 7075 7100 7101
f 7075 7101 7076
f 7076 7101 7102
f 7076 7102 7077
f 7077 7102 7103
f 7077 7103 7078
f 7078 7103 7104
f 6349 6348 7105
f 6349 7105 7079
f 7079 7105 7106
f 7079 7106 7080
f 7080 7106 7107
f 7080 7107 7081
f 7081 7107 7108
f 7081 7108 7082
f 7082 7108 7109
f 7082 7109 7083
f 7083 7109 7110
f 7083 7110 7084
f 7084 7110 7111
f 7084 7111 7085
f 7085 7111 7112
f 7085 7112 7086
f 7086 7112 7113
f 7086 7113 7087
f 7087 7113 7114
f 7087 7114 7088
f 7088 7114 7115
f 7088 7115 7089
f 7089 7115 7116
f 7089 7116 7090
f 7090 7116 7117
f 7090 7117 7091
f 7091 7117 7118
f 7091 7118 7092
f 7092 7118 7119
f 7092 7119 7093
f 7093 7119 7120
f 7093 7120 7094
f 7094 7120 7121
f 7094 7121 7095
f 7095 7121 7122
f 7095 7122 7096
f 7096 7122 7123
f 7096 7123 7097
f 7097 7123 7124
f 7097 7124 7098
f 7098 7124 7125
f 7098 7125 7099
f 7099 7125 7126
f 7099 7126 7100
f 7100 7126 7127
f 7100 7127 7101
f 7101 7127 7128
f 7101 7128 7102
f 7102 7128 7129
f 7102 7129 7103
f 7103 7129 7130
f 7103 7130 7104
f 7104 7130 7131
f 6348 5942 5970
f 6348 5970 7105
f 7105 5970 5972
f 7105 5972 7106
f 7106 5972 5975
f 7106 5975 7107
f 7107 5975 5979
f 7107 5979 7108
f 7108 5979 5984
f 7108 5984 7109
f 7109 5984 5990
f 7109 5990 7110
f 7110 5990 5997
f 7110 5997 7111
f 7111 5997 6005
f 7111 6005 7112
f 7112 6005 6014
f 7112 6014 7113
f 7113 6014 6024
f 7113 6024 7114
f 7114 6024 6035
f 7114 6035 7115
f 7115 6035 6047
f 7115 6047 7116
f 7116 6047 6060
f 7116 6060 7117
f 7117 6060 6074
f 7117 6074 7118
f 7118 6074 6089
f 7118 6089 7119
f 7119 6089 6105
f 7119 6105 7120
f 7120 6105 6122
f 7120 6122 7121
f 7121 6122 6140
f 7121 6140 7122
f 7122 6140 6159
f 7122 6159 7123
f 7123 6159 6179
f 7123 6179 7124
f 7124 6179 6200
f 7124 6200 7125
f 7125 6200 6222
f 7125 6222 7126
f 7126 6222 6245
f 7126 6245 7127
f 7127 6245 6269
f 7127 6269 7128
f 7128 6269 6294
f 7128 6294 7129
f 7129 6294 6320
f 7129 6320 7130
f 7130 6320 6347
f 7130 6347 7131
f 7131 6347 841
f 6726 7132 6727
f 7132 7133 7134
f 7132 7134 6727
f 6727 7134 6728
f 7133 7135 7136
f 7133 7136 7134
f 7134 7136 7137
f 7134 7137 6728
f 6728 7137 6729
f 7135 7138 7139
f 7135 7139 7136
f 7136 7139 7140
f 7136 7140 7137
f 7137 7140 7141
f 7137 7141 6729
f 6729 7141 6730
f 7138 7142 7143
f 7138 7143 7139
f 7139 7143 7144
f 7139 7144 7140
f 7140 7144 7145
f 7140 7145 7141
f 7141 7145 7146
f 7141 7146 6730
f 6730 7146 6731
f 7142 7147 7148
f 7142 7148 7143
f 7143 7148 7149
f 7143 7149 7144
f 7144 7149 7150
f 7144 7150 7145
f 7145 7150 7151
f 7145 7151 7146
f 7146 7151 7152
f 7146 7152 6731
f 6731 7152 6732
f 7147 7153 7154
f 7147 7154 7148
f 7148 7154 7155
f 7148 7155 7149
f 7149 7155 7156
f 7149 7156 7150
f 7150 7156 7157
f 7150 7157 7151
f 7151 7157 7158
f 7151 7158 7152
f 7152 7158 7159
f 7152 7159 6732
f 6732 7159 6733
f 7153 7160 7161
f 7153 7161 7154
f 7154 7161 7162
f 7154 7162 7155
f 7155 7162 7163
f 7155 7163 7156
f 7156 7163 7164
f 7156 7164 7157
f 7157 7164 7165
f 7157 7165 7158
f 7158 7165 7166
f 7158 7166 7159
f 7159 7166 7167
f 7159 7167 6733
f 6733 7167 6734
f 7160 7168 7169
f 7160 7169 7161
f 7161 7169 7170
f 7161 7170 7162
f 7162 7170 7171
f 7162 7171 7163
f 7163 7171 7172
f 7163 7172 7164
f 7164 7172 7173
f 7164 7173 7165
f 7165 7173 7174
f 7165 7174 7166
f 7166 7174 7175
f 7166 7175 7167
f 7167 7175 7176
f 7167 7176 6734
f 6734 7176 6735
f 7168 7177 7178
f 7168 7178 7169
f 7169 7178 7179
f 7169 7179 7170
f 7170 7179 7180
f 7170 7180 7171
f 7171 7180 7181
f 7171 7181 7172
f 7172 7181 7182
f 7172 7182 7173
f 7173 7182 7183
f 7173 7183 7174
f 7174 7183 7184
f 7174 7184 7175
f 7175 7184 7185
f 7175 7185 7176
f 7176 7185 7186
f 7176 7186 6735
f 6735 7186 6736
f 7177 7187 7188
f 7177 7188 7178
f 7178 7188 7189
f 7178 7189 7179
f 7179 7189 7190
f 7179 7190 7180
f 7180 7190 7191
f 7180 7191 7181
f 7181 7191 7192
f 7181 7192 7182
f 7182 7192 7193
f 7182 7193 7183
f 7183 7193 7194
f 7183 7194 7184
f 7184 7194 7195
f 7184 7195 7185
f 7185 7195 7196
f 7185 7196 7186
f 7186 7196 7197
f 7186 7197 6736
f 6736 7197 6737
f 7187 7198 7199
f 7187 7199 7188
f 7188 7199 7200
f 7188 7200 7189
f 7189 7200 7201
f 7189 7201 7190
f 7190 7201 7202
f 7190 7202 7191
f 7191 7202 7203
f 7191 7203 7192
f 7192 7203 7204
f 7192 7204 7193
f 7193 7204 7205
f 7193 7205 7194
f 7194 7205 7206
f 7194 7206 7195
f 7195 7206 7207
f 7195 7207 7196
f 7196 7207 7208
f 7196 7208 7197
f 7197 7208 7209
f 7197 7209 6737
f 6737 7209 6738
f 7198 7210 7211
f 7198 7211 7199
f 7199 7211 7212
f 7199 7212 7200
f 7200 7212 7213
f 7200 7213 7201
f 7201 7213 7214
f 7201 7214 7202
f 7202 7214 7215
f 7202 7215 7203
f 7203 7215 7216
f 7203 7216 7204
f 7204 7216 7217
f 7204 7217 7205
f 7205 7217 7218
f 7205 7218 7206
f 7206 7218 7219
f 7206 7219 7207
f 7207 7219 7220
f 7207 7220 7208
f 7208 7220 7221
f 7208 7221 7209
f 7209 7221 7222
f 7209 7222 6738
f 6738 7222 6739
f 7210 7223 7224
f 7210 7224 7211
f 7211 7224 7225
f 7211 7225 7212
f 7212 7225 7226
f 7212 7226 7213
f 7213 7226 7227
f 7213 7227 7214
f 7214 7227 7228
f 7214 7228 7215
f 7215 7228 7229
f 7215 7229 7216
f 7216 7229 7230
f 7216 7230 7217
f 7217 7230 7231
f 7217 7231 7218
f 7218 7231 7232
f 7218 7232 7219
f 7219 7232 7233
f 7219 7233 7220
f 7220 7233 7234
f 7220 7234 7221
f 7221 7234 7235
f 7221 7235 7222
f 7222 7235 7236
f 7222 7236 6739
f 6739 7236 6740
f 7223 7237 7238
f 7223 7238 7224
f 7224 7238 7239
f 7224 7239 7225
f 7225 7239 7240
f 7225 7240 7226
f 7226 7240 7241
f 7226 7241 7227
f 7227 7241 7242
f 7227 7242 7228
f 7228 7242 7243
f 7228 7243 7229
f 7229 7243 7244
f 7229 7244 7230
f 7230 7244 7245
f 7230 7245 7231
f 7231 7245 7246
f 7231 7246 7232
f 7232 7246 7247
f 7232 7247 7233
f 7233 7247 7248
f 7233 7248 7234
f 7234 7248 7249
f 7234 7249 7235
f 7235 7249 7250
f 7235 7250 7236
f 7236 7250 7251
f 7236 7251 6740
f 6740 7251 6741
f 7237 7252 7253
f 7237 7253 7238
f 7238 7253 7254
f 7238 7254 7239
f 7239 7254 7255
f 7239 7255 7240
f 7240 7255 7256
f 7240 7256 7241
f 7241 7256 7257
f 7241 7257 7242
f 7242 7257 7258
f 7242 7258 7243
f 7243 7258 7259
f 7243 7259 7244
f 7244 7259 7260
f 7244 7260 7245
f 7245 7260 7261
f 7245 7261 7246
f 7246 7261 7262
f 7246 7262 7247
f 7247 7262 7263
f 7247 7263 7248
f 7248 7263 7264
f 7248 7264 7249
f 7249 7264 7265
f 7249 7265 7250
f 7250 7265 7266
f 7250 7266 7251
f 7251 7266 7267
f 7251 7267 6741
f 6741 7267 6742
f 7252 7268 7269
f 7252 7269 7253
f 7253 7269 7270
f 7253 7270 7254
f 7254 7270 7271
f 7254 7271 7255
f 7255 7271 7272
f 7255 7272 7256
f 7256 7272 7273
f 7256 7273 7257
f 7257 7273 7274
f 7257 7274 7258
f 7258 7274 7275
f 7258 7275 7259
f 7259 7275 7276
f 7259 7276 7260
f 7260 7276 7277
f 7260 7277 7261
f 7261 7277 7278
f 7261 7278 7262
f 7262 7278 7279
f 7262 7279 7263
f 7263 7279 7280
f 7263 7280 7264
f 7264 7280 7281
f 7264 7281 7265
f 7265 7281 7282
f 7265 7282 7266
f 7266 7282 7283
f 7266 7283 7267
f 7267 7283 7284
f 7267 7284 6742
f 6742 7284 6743
f 7268 7285 7286
f 7268 7286 7269
f 7269 7286 7287
f 7269 7287 7270
f 7270 7287 7288
f 7270 7288 7271
f 7271 7288 7289
f 7271 7289 7272
f 7272 7289 7290
f 7272 7290 7273
f 7273 7290 7291
f 7273 7291 7274
f 7274 7291 7292
f 7274 7292 7275
f 7275 7292 7293
f 7275 7293 7276
f 7276 7293 7294
f 7276 7294 7277
f 7277 7294 7295
f 7277 7295 7278
f 7278 7295 7296
f 7278 7296 7279
f 7279 7296 7297
f 7279 7297 7280
f 7280 7297 7298
f 7280 7298 7281
f 7281 7298 7299
f 7281 7299 7282
f 7282 7299 7300
f 7282 7300 7283
f 7283 7300 7301
f 7283 7301 7284
f 7284 7301 7302
f 7284 7302 6743
f 6743 7302 6744
f 7285 7303 7304
f 7285 7304 7286
f 7286 7304 7305
f 7286 7305 7287
f 7287 7305 7306
f 7287 7306 7288
f 7288 7306 7307
f 7288 7307 7289
f 7289 7307 7308
f 7289 7308 7290
f 7290 7308 7309
f 7290 7309 7291
f 7291 7309 7310
f 7291 7310 7292
f 7292 7310 7311
f 7292 7311 7293
f 7293 7311 7312
f 7293 7312 7294
f 7294 7312 7313
f 7294 7313 7295
f 7295 7313 7314
f 7295 7314 7296
f 7296 7314 7315
f 7296 7315 7297
f 7297 7315 7316
f 7297 7316 7298
f 7298 7316 7317
f 7298 7317 7299
f 7299 7317 7318
f 7299 7318 7300
f 7300 7318 7319
f 7300 7319 7301
f 7301 7319 7320
f 7301 7320 7302
f 7302 7320 7321
f 7302 7321 6744
f 6744 7321 6745
f 7303 7322 7323
f 7303 7323 7304
f 7304 7323 7324
f 7304 7324 7305
f 7305 7324 7325
f 7305 7325 7306
f 7306 7325 7326
f 7306 7326 7307
f 7307 7326 7327
f 7307 7327 7308
f 7308 7327 7328
f 7308 7328 7309
f 7309 7328 7329
f 7309 7329 7310
f 7310 7329 7330
f 7310 7330 7311
f 7311 7330 7331
f 7311 7331 7312
f 7312 7331 7332
f 7312 7332 7313
f 7313 7332 7333
f 7313 7333 7314
f 7314 7333 7334
f 7314 7334 7315
f 7315 7334 7335
f 7315 7335 7316
f 7316 7335 7336
f 7316 7336 7317
f 7317 7336 7337
f 7317 7337 7318
f 7318 7337 7338
f 7318 7338 7319
f 7319 7338 7339
f 7319 7339 7320
f 7320 7339 7340
f 7320 7340 7321
f 7321 7340 7341
f 7321 7341 6745
f 6745 7341 6746
f 7322 7342 7343
f 7322 7343 7323
f 7323 7343 7344
f 7323 7344 7324
f 7324 7344 7345
f 7324 7345 7325
f 7325 7345 7346
f 7325 7346 7326
f 7326 7346 7347
f 7326 7347 7327
f 7327 7347 7348
f 7327 7348 7328
f 7328 7348 7349
f 7328 7349 7329
f 7329 7349 7350
f 7329 7350 7330
f 7330 7350 7351
f 7330 7351 7331
f 7331 7351 7352
f 7331 7352 7332
f 7332 7352 7353
f 7332 7353 7333
f 7333 7353 7354
f 7333 7354 7334
f 7334 7354 7355
f 7334 7355 7335
f 7335 7355 7356
f 7335 7356 7336
f 7336 7356 7357
f 7336 7357 7337
f 7337 7357 7358
f 7337 7358 7338
f 7338 7358 7359
f 7338 7359 7339
f 7339 7359 7360
f 7339 7360 7340
f 7340 7360 7361
f 7340 7361 7341
f 7341 7361 7362
f 7341 7362 6746
f 6746 7362 6747
f 7342 7363 7364
f 7342 7364 7343
f 7343 7364 7365
f 7343 7365 7344
f 7344 7365 7366
f 7344 7366 7345
f 7345 7366 7367
f 7345 7367 7346
f 7346 7367 7368
f 7346 7368 7347
f 7347 7368 7369
f 7347 7369 7348
f 7348 7369 7370
f 7348 7370 7349
f 7349 7370 7371
f 7349 7371 7350
f 7350 7371 7372
f 7350 7372 7351
f 7351 7372 7373
f 7351 7373 7352
f 7352 7373 7374
f 7352 7374 7353
f 7353 7374 7375
f 7353 7375 7354
f 7354 7375 7376
f 7354 7376 7355
f 7355 7376 7377
f 7355 7377 7356
f 7356 7377 7378
f 7356 7378 7357
f 7357 7378 7379
f 7357 7379 7358
f 7358 7379 7380
f 7358 7380 7359
f 7359 7380 7381
f 7359 7381 7360
f 7360 7381 7382
f 7360 7382 7361
f 7361 7382 7383
f 7361 7383 7362
f 7362 7383 7384
f 7362 7384 6747
f 6747 7384 6748
f 7363 7385 7386
f 7363 7386 7364
f 7364 7386 7387
f 7364 7387 7365
f 7365 7387 7388
f 7365 7388 7366
f 7366 7388 7389
f 7366 7389 7367
f 7367 7389 7390
f 7367 7390 7368
f 7368 7390 7391
f 7368 7391 7369
f 7369 7391 7392
f 7369 7392 7370
f 7370 7392 7393
f 7370 7393 7371
f 7371 7393 7394
f 7371 7394 7372
f 7372 7394 7395
f 7372 7395 7373
f 7373 7395 7396
f 7373 7396 7374
f 7374 7396 7397
f 7374 7397 7375
f 7375 7397 7398
f 7375 7398 7376
f 7376 7398 7399
f 7376 7399 7377
f 7377 7399 7400
f 7377 7400 7378
f 7378 7400 7401
f 7378 7401 7379
f 7379 7401 7402
f 7379 7402 7380
f 7380 7402 7403
f 7380 7403 7381
f 7381 7403 7404
f 7381 7404 7382
f 7382 7404 7405
f 7382 7405 7383
f 7383 7405 7406
f 7383 7406 7384
f 7384 7406 7407
f 7384 7407 6748
f 6748 7407 6749
f 7385 7408 7409
f 7385 7409 7386
f 7386 7409 7410
f 7386 7410 7387
f 7387 7410 7411
f 7387 7411 7388
f 7388 7411 7412
f 7388 7412 7389
f 7389 7412 7413
f 7389 7413 7390
f 7390 7413 7414
f 7390 7414 7391
f 7391 7414 7415
f 7391 7415 7392
f 7392 7415 7416
f 7392 7416 7393
f 7393 7416 7417
f 7393 7417 7394
f 7394 7417 7418
f 7394 7418 7395
f 7395 7418 7419
f 7395 7419 7396
f 7396 7419 7420
f 7396 7420 7397
f 7397 7420 7421
f 7397 7421 7398
f 7398 7421 7422
f 7398 7422 7399
f 7399 7422 7423
f 7399 7423 7400
f 7400 7423 7424
f 7400 7424 7401
f 7401 7424 7425
f 7401 7425 7402
f 7402 7425 7426
f 7402 7426 7403
f 7403 7426 7427
f 7403 7427 7404
f 7404 7427 7428
f 7404 7428 7405
f 7405 7428 7429
f 7405 7429 7406
f 7406 7429 7430
f 7406 7430 7407
f 7407 7430 7431
f 7407 7431 6749
f 6749 7431 6750
f 7408 7432 7433
f 7408 7433 7409
f 7409 7433 7434
f 7409 7434 7410
f 7410 7434 7435
f 7410 7435 7411
f 7411 7435 7436
f 7411 7436 7412
f 7412 7436 7437
f 7412 7437 7413
f 7413 7437 7438
f 7413 7438 7414
f 7414 7438 7439
f 7414 7439 7415
f 7415 7439 7440
f 7415 7440 7416
f 7416 7440 7441
f 7416 7441 7417
f 7417 7441 7442
f 7417 7442 7418
f 7418 7442 7443
f 7418 7443 7419
f 7419 7443 7444
f 7419 7444 7420
f 7420 7444 7445
f 7420 7445 7421
f 7421 7445 7446
f 7421 7446 7422
f 7422 7446 7447
f 7422 7447 7423
f 7423 7447 7448
f 7423 7448 7424
f 7424 7448 7449
f 7424 7449 7425
f 7425 7449 7450
f 7425 7450 7426
f 7426 7450 7451
f 7426 7451 7427
f 7427 7451 7452
f 7427 7452 7428
f 7428 7452 7453
f 7428 7453 7429
f 7429 7453 7454
f 7429 7454 7430
f 7430 7454 7455
f 7430 7455 7431
f 7431 7455 7456
f 7431 7456 6750
f 6750 7456 6751
f 7432 7457 7458
f 7432 7458 7433
f 7433 7458 7459
f 7433 7459 7434
f 7434 7459 7460
f 7434 7460 7435
f 7435 7460 7461
f 7435 7461 7436
f 7436 7461 7462
f 7436 7462 7437
f 7437 7462 7463
f 7437 7463 7438
f 7438 7463 7464
f 7438 7464 7439
f 7439 7464 7465
f 7439 7465 7440
f 7440 7465 7466
f 7440 7466 7441
f 7441 7466 7467
f 7441 7467 7442
f 7442 7467 7468
f 7442 7468 7443
f 7443 7468 7469
f 7443 7469 7444
f 7444 7469 7470
f 7444 7470 7445
f 7445 7470 7471
f 7445 7471 7446
f 7446 7471 7472
f 7446 7472 7447
f 7447 7472 7473
f 7447 7473 7448
f 7448 7473 7474
f 7448 7474 7449
f 7449 7474 7475
f 7449 7475 7450
f 7450 7475 7476
f 7450 7476 7451
f 7451 7476 7477
f 7451 7477 7452
f 7452 7477 7478
f 7452 7478 7453
f 7453 7478 7479
f 7453 7479 7454
f 7454 7479 7480
f 7454 7480 7455
f 7455 7480 7481
f 7455 7481 7456
f 7456 7481 7482
f 7456 7482 6751
f 6751 7482 6752
f 7457 7483 7484
f 7457 7484 7458
f 7458 7484 7485
f 7458 7485 7459
f 7459 7485 7486
f 7459 7486 7460
f 7460 7486 7487
f 7460 7487 7461
f 7461 7487 7488
f 7461 7488 7462
f 7462 7488 7489
f 7462 7489 7463
f 7463 7489 7490
f 7463 7490 7464
f 7464 7490 7491
f 7464 7491 7465
f 7465 7491 7492
f 7465 7492 7466
f 7466 7492 7493
f 7466 7493 7467
f 7467 7493 7494
f 7467 7494 7468
f 7468 7494 7495
f 7468 7495 7469
f 7469 7495 7496
f 7469 7496 7470
f 7470 7496 7497
f 7470 7497 7471
f 7471 7497 7498
f 7471 7498 7472
f 7472 7498 7499
f 7472 7499 7473
f 7473 7499 7500
f 7473 7500 7474
f 7474 7500 7501
f 7474 7501 7475
f 7475 7501 7502
f 7475 7502 7476
f 7476 7502 7503
f 7476 7503 7477
f 7477 7503 7504
f 7477 7504 7478
f 7478 7504 7505
f 7478 7505 7479
f 7479 7505 7506
f 7479 7506 7480
f 7480 7506 7507
f 7480 7507 7481
f 7481 7507 7508
f 7481 7508 7482
f 7482 7508 7509
f 7482 7509 6752
f 6752 7509 6753
f 7483 1 3
f 7483 3 7484
f 7484 3 6
f 7484 6 7485
f 7485 6 10
f 7485 10 7486
f 7486 10 15
f 7486 15 7487
f 7487 15 21
f 7487 21 7488
f 7488 21 28
f 7488 28 7489
f 7489 28 36
f 7489 36 7490
f 7490 36 45
f 7490 45 7491
f 7491 45 55
f 7491 55 7492
f 7492 55 66
f 7492 66 7493
f 7493 66 78
f 7493 78 7494
f 7494 78 91
f 7494 91 7495
f 7495 91 105
f 7495 105 7496
f 7496 105 120
f 7496 120 7497
f 7497 120 136
f 7497 136 7498
f 7498 136 153
f 7498 153 7499
f 7499 153 171
f 7499 171 7500
f 7500 171 190
f 7500 190 7501
f 7501 190 210
f 7501 210 7502
f 7502 210 231
f 7502 231 7503
f 7503 231 253
f 7503 253 7504
f 7504 253 276
f 7504 276 7505
f 7505 276 300
f 7505 300 7506
f 7506 300 325
f 7506 325 7507
f 7507 325 351
f 7507 351 7508
f 7508 351 378
f 7508 378 7509
f 7509 378 406
f 7509 406 6753
f 6753 406 435
f 1 7483 814
f 7483 7457 7510
f 7483 7510 814
f 814 7510 815
f 7457 7432 7511
f 7457 7511 7510
f 7510 7511 7512
f 7510 7512 815
f 815 7512 816
f 7432 7408 7513
f 7432 7513 7511
f 7511 7513 7514
f 7511 7514 7512
f 7512 7514 7515
f 7512 7515 816
f 816 7515 817
f 7408 7385 7516
f 7408 7516 7513
f 7513 7516 7517
f 7513 7517 7514
f 7514 7517 7518
f 7514 7518 7515
f 7515 7518 7519
f 7515 7519 817
f 817 7519 818
f 7385 7363 7520
f 7385 7520 7516
f 7516 7520 7521
f 7516 7521 7517
f 7517 7521 7522
f 7517 7522 7518
f 7518 7522 7523
f 7518 7523 7519
f 7519 7523 7524
f 7519 7524 818
f 818 7524 819
f 7363 7342 7525
f 7363 7525 7520
f 7520 7525 7526
f 7520 7526 7521
f 7521 7526 7527
f 7521 7527 7522
f 7522 7527 7528
f 7522 7528 7523
f 7523 7528 7529
f 7523 7529 7524
f 7524 7529 7530
f 7524 7530 819
f 819 7530 820
f 7342 7322 7531
f 7342 7531 7525
f 7525 7531 7532
f 7525 7532 7526
f 7526 7532 7533
f 7526 7533 7527
f 7527 7533 7534
f 7527 7534 7528
f 7528 7534 7535
f 7528 7535 7529
f 7529 7535 7536
f 7529 7536 7530
f 7530 7536 7537
f 7530 7537 820
f 820 7537 821
f 7322 7303 7538
f 7322 7538 7531
f 7531 7538 7539
f 7531 7539 7532
f 7532 7539 7540
f 7532 7540 7533
f 7533 7540 7541
f 7533 7541 7534
f 7534 7541 7542
f 7534 7542 7535
f 7535 7542 7543
f 7535 7543 7536
f 7536 7543 7544
f 7536 7544 7537
f 7537 7544 7545
f 7537 7545 821
f 821 7545 822
f 7303 7285 7546
f 7303 7546 7538
f 7538 7546 7547
f 7538 7547 7539
f 7539 7547 7548
f 7539 7548 7540
f 7540 7548 7549
f 7540 7549 7541
f 7541 7549 7550
f 7541 7550 7542
f 7542 7550 7551
f 7542 7551 7543
f 7543 7551 7552
f 7543 7552 7544
f 7544 7552 7553
f 7544 7553 7545
f 7545 7553 7554
f 7545 7554 822
f 822 7554 823
f 7285 7268 7555
f 7285 7555 7546
f 7546 7555 7556
f 7546 7556 7547
f 7547 7556 7557
f 7547 7557 7548
f 7548 7557 7558
f 7548 7558 7549
f 7549 7558 7559
f 7549 7559 7550
f 7550 7559 7560
f 7550 7560 7551
f 7551 7560 7561
f 7551 7561 7552
f 7552 7561 7562
f 7552 7562 7553
f 7553 7562 7563
f 7553 7563 7554
f 7554 7563 7564
f 7554 7564 823
f 823 7564 824
f 7268 7252 7565
f 7268 7565 7555
f 7555 7565 7566
f 7555 7566 7556
f 7556 7566 7567
f 7556 7567 7557
f 7557 7567 7568
f 7557 7568 7558
f 7558 7568 7569
f 7558 7569 7559
f 7559 7569 7570
f 7559 7570 7560
f 7560 7570 7571
f 7560 7571 7561
f 7561 7571 7572
f 7561 7572 7562
f 7562 7572 7573
f 7562 7573 7563
f 7563 7573 7574
f 7563 7574 7564
f 7564 7574 7575
f 7564 7575 824
f 824 7575 825
f 7252 7237 7576
f 7252 7576 7565
f 7565 7576 7577
f 7565 7577 7566
f 7566 7577 7578
f 7566 7578 7567
f 7567 7578 7579
f 7567 7579 7568
f 7568 7579 7580
f 7568 7580 7569
f 7569 7580 7581
f 7569 7581 7570
f 7570 7581 7582
f 7570 7582 7571
f 7571 7582 7583
f 7571 7583 7572
f 7572 7583 7584
f 7572 7584 7573
f 7573 7584 7585
f 7573 7585 7574
f 7574 7585 7586
f 7574 7586 7575
f 7575 7586 7587
f 7575 7587 825
f 825 7587 826
f 7237 7223 7588
f 7237 7588 7576
f 7576 7588 7589
f 7576 7589 7577
f 7577 7589 7590
f 7577 7590 7578
f 7578 7590 7591
f 7578 7591 7579
f 7579 7591 7592
f 7579 7592 7580
f 7580 7592 7593
f 7580 7593 7581
f 7581 7593 7594
f 7581 7594 7582
f 7582 7594 7595
f 7582 7595 7583
f 7583 7595 7596
f 7583 7596 7584
f 7584 7596 7597
f 7584 7597 7585
f 7585 7597 7598
f 7585 7598 7586
f 7586 7598 7599
f 7586 7599 7587
f 7587 7599 7600
f 7587 7600 826
f 826 7600 827
f 7223 7210 7601
f 7223 7601 7588
f 7588 7601 7602
f 7588 7602 7589
f 7589 7602 7603
f 7589 7603 7590
f 7590 7603 7604
f 7590 7604 7591
f 7591 7604 7605
f 7591 7605 7592
f 7592 7605 7606
f 7592 7606 7593
f 7593 7606 7607
f 7593 7607 7594
f 7594 7607 7608
f 7594 7608 7595
f 7595 7608 7609
f 7595 7609 7596
f 7596 7609 7610
f 7596 7610 7597
f 7597 7610 7611
f 7597 7611 7598
f 7598 7611 7612
f 7598 7612 7599
f 7599 7612 7613
f 7599 7613 7600
f 7600 7613 7614
f 7600 7614 827
f 827 7614 828
f 7210 7198 7615
f 7210 7615 7601
f 7601 7615 7616
f 7601 7616 7602
f 7602 7616 7617
f 7602 7617 7603
f 7603 7617 7618
f 7603 7618 7604
f 7604 7618 7619
f 7604 7619 7605
f 7605 7619 7620
f 7605 7620 7606
f 7606 7620 7621
f 7606 7621 7607
f 7607 7621 7622
f 7607 7622 7608
f 7608 7622 7623
f 7608 7623 7609
f 7609 7623 7624
f 7609 7624 7610
f 7610 7624 7625
f 7610 7625 7611
f 7611 7625 7626
f 7611 7626 7612
f 7612 7626 7627
f 7612 7627 7613
f 7613 7627 7628
f 7613 7628 7614
f 7614 7628 7629
f 7614 7629 828
f 828 7629 829
f 7198 7187 7630
f 7198 7630 7615
f 7615 7630 7631
f 7615 7631 7616
f 7616 7631 7632
f 7616 7632 7617
f 7617 7632 7633
f 7617 7633 7618
f 7618 7633 7634
f 7618 7634 7619
f 7619 7634 7635
f 7619 7635 7620
f 7620 7635 7636
f 7620 7636 7621
f 7621 7636 7637
f 7621 7637 7622
f 7622 7637 7638
f 7622 7638 7623
f 7623 7638 7639
f 7623 7639 7624
f 7624 7639 7640
f 7624 7640 7625
f 7625 7640 7641
f 7625 7641 7626
f 7626 7641 7642
f 7626 7642 7627
f 7627 7642 7643
f 7627 7643 7628
f 7628 7643 7644
f 7628 7644 7629
f 7629 7644 7645
f 7629 7645 829
f 829 7645 830
f 7187 7177 7646
f 7187 7646 7630
f 7630 7646 7647
f 7630 7647 7631
f 7631 7647 7648
f 7631 7648 7632
f 7632 7648 7649
f 7632 7649 7633
f 7633 7649 7650
f 7633 7650 7634
f 7634 7650 7651
f 7634 7651 7635
f 7635 7651 7652
f 7635 7652 7636
f 7636 7652 7653
f 7636 7653 7637
f 7637 7653 7654
f 7637 7654 7638
f 7638 7654 7655
f 7638 7655 7639
f 7639 7655 7656
f 7639 7656 7640
f 7640 7656 7657
f 7640 7657 7641
f 7641 7657 7658
f 7641 7658 7642
f 7642 7658 7659
f 7642 7659 7643
f 7643 7659 7660
f 7643 7660 7644
f 7644 7660 7661
f 7644 7661 7645
f 7645 7661 7662
f 7645 7662 830
f 830 7662 831
f 7177 7168 7663
f 7177 7663 7646
f 7646 7663 7664
f 7646 7664 7647
f 7647 7664 7665
f 7647 7665 7648
f 7648 7665 7666
f 7648 7666 7649
f 7649 7666 7667
f 7649 7667 7650
f 7650 7667 7668
f 7650 7668 7651
f 7651 7668 7669
f 7651 7669 7652
f 7652 7669 7670
f 7652 7670 7653
f 7653 7670 7671
f 7653 7671 7654
f 7654 7671 7672
f 7654 7672 7655
f 7655 7672 7673
f 7655 7673 7656
f 7656 7673 7674
f 7656 7674 7657
f 7657 7674 7675
f 7657 7675 7658
f 7658 7675 7676
f 7658 7676 7659
f 7659 7676 7677
f 7659 7677 7660
f 7660 7677 7678
f 7660 7678 7661
f 7661 7678 7679
f 7661 7679 7662
f 7662 7679 7680
f 7662 7680 831
f 831 7680 832
f 7168 7160 7681
f 7168 7681 7663
f 7663 7681 7682
f 7663 7682 7664
f 7664 7682 7683
f 7664 7683 7665
f 7665 7683 7684
f 7665 7684 7666
f 7666 7684 7685
f 7666 7685 7667
f 7667 7685 7686
f 7667 7686 7668
f 7668 7686 7687
f 7668 7687 7669
f 7669 7687 7688
f 7669 7688 7670
f 7670 7688 7689
f 7670 7689 7671
f 7671 7689 7690
f 7671 7690 7672
f 7672 7690 7691
f 7672 7691 7673
f 7673 7691 7692
f 7673 7692 7674
f 7674 7692 7693
f 7674 7693 7675
f 7675 7693 7694
f 7675 7694 7676
f 7676 7694 7695
f 7676 7695 7677
f 7677 7695 7696
f 7677 7696 7678
f 7678 7696 7697
f 7678 7697 7679
f 7679 7697 7698
f 7679 7698 7680
f 7680 7698 7699
f 7680 7699 832
f 832 7699 833
f 7160 7153 7700
f 7160 7700 7681
f 7681 7700 7701
f 7681 7701 7682
f 7682 7701 7702
f 7682 7702 7683
f 7683 7702 7703
f 7683 7703 7684
f 7684 7703 7704
f 7684 7704 7685
f 7685 7704 7705
f 7685 7705 7686
f 7686 7705 7706
f 7686 7706 7687
f 7687 7706 7707
f 7687 7707 7688
f 7688 7707 7708
f 7688 7708 7689
f 7689 7708 7709
f 7689 7709 7690
f 7690 7709 7710
f 7690 7710 7691
f 7691 7710 7711
f 7691 7711 7692
f 7692 7711 7712
f 7692 7712 7693
f 7693 7712 7713
f 7693 7713 7694
f 7694 7713 7714
f 7694 7714 7695
f 7695 7714 7715
f 7695 7715 7696
f 7696 7715 7716
f 7696 7716 7697
f 7697 7716 7717
f 7697 7717 7698
f 7698 7717 7718
f 7698 7718 7699
f 7699 7718 7719
f 7699 7719 833
f 833 7719 834
f 7153 7147 7720
f 7153 7720 7700
f 7700 7720 7721
f 7700 7721 7701
f 7701 7721 7722
f 7701 7722 7702
f 7702 7722 7723
f 7702 7723 7703
f 7703 7723 7724
f 7703 7724 7704
f 7704 7724 7725
f 7704 7725 7705
f 7705 7725 7726
f 7705 7726 7706
f 7706 7726 7727
f 7706 7727 7707
f 7707 7727 7728
f 7707 7728 7708
f 7708 7728 7729
f 7708 7729 7709
f 7709 7729 7730
f 7709 7730 7710
f 7710 7730 7731
f 7710 7731 7711
f 7711 7731 7732
f 7711 7732 7712
f 7712 7732 7733
f 7712 7733 7713
f 7713 7733 7734
f 7713 7734 7714
f 7714 7734 7735
f 7714 7735 7715
f 7715 7735 7736
f 7715 7736 7716
f 7716 7736 7737
f 7716 7737 7717
f 7717 7737 7738
f 7717 7738 7718
f 7718 7738 7739
f 7718 7739 7719
f 7719 7739 7740
f 7719 7740 834
f 834 7740 835
f 7147 7142 7741
f 7147 7741 7720
f 7720 7741 7742
f 7720 7742 7721
f 7721 7742 7743
f 7721 7743 7722
f 7722 7743 7744
f 7722 7744 7723
f 7723 7744 7745
f 7723 7745 7724
f 7724 7745 7746
f 7724 7746 7725
f 7725 7746 7747
f 7725 7747 7726
f 7726 7747 7748
f 7726 7748 7727
f 7727 7748 7749
f 7727 7749 7728
f 7728 7749 7750
f 7728 7750 7729
f 7729 7750 7751
f 7729 7751 7730
f 7730 7751 7752
f 7730 7752 7731
f 7731 7752 7753
f 7731 7753 7732
f 7732 7753 7754
f 7732 7754 7733
f 7733 7754 7755
f 7733 7755 7734
f 7734 7755 7756
f 7734 7756 7735
f 7735 7756 7757
f 7735 7757 7736
f 7736 7757 7758
f 7736 7758 7737
f 7737 7758 7759
f 7737 7759 7738
f 7738 7759 7760
f 7738 7760 7739
f 7739 7760 7761
f 7739 7761 7740
f 7740 7761 7762
f 7740 7762 835
f 835 7762 836
f 7142 7138 7763
f 7142 7763 7741
f 7741 7763 7764
f 7741 7764 7742
f 7742 7764 7765
f 7742 7765 7743
f 7743 7765 7766
f 7743 7766 7744
f 7744 7766 7767
f 7744 7767 7745
f 7745 7767 7768
f 7745 7768 7746
f 7746 7768 7769
f 7746 7769 7747
f 7747 7769 7770
f 7747 7770 7748
f 7748 7770 7771
f 7748 7771 7749
f 7749 7771 7772
f 7749 7772 7750
f 7750 7772 7773
f 7750 7773 7751
f 7751 7773 7774
f 7751 7774 7752
f 7752 7774 7775
f 7752 7775 7753
f 7753 7775 7776
f 7753 7776 7754
f 7754 7776 7777
f 7754 7777 7755
f 7755 7777 7778
f 7755 7778 7756
f 7756 7778 7779
f 7756 7779 7757
f 7757 7779 7780
f 7757 7780 7758
f 7758 7780 7781
f 7758 7781 7759
f 7759 7781 7782
f 7759 7782 7760
f 7760 7782 7783
f 7760 7783 7761
f 7761 7783 7784
f 7761 7784 7762
f 7762 7784 7785
f 7762 7785 836
f 836 7785 837
f 7138 7135 7786
f 7138 7786 7763
f 7763 7786 7787
f 7763 7787 7764
f 7764 7787 7788
f 7764 7788 7765
f 7765 7788 7789
f 7765 7789 7766
f 7766 7789 7790
f 7766 7790 7767
f 7767 7790 7791
f 7767 7791 7768
f 7768 7791 7792
f 7768 7792 7769
f 7769 7792 7793
f 7769 7793 7770
f 7770 7793 7794
f 7770 7794 7771
f 7771 7794 7795
f 7771 7795 7772
f 7772 7795 7796
f 7772 7796 7773
f 7773 7796 7797
f 7773 7797 7774
f 7774 7797 7798
f 7774 7798 7775
f 7775 7798 7799
f 7775 7799 7776
f 7776 7799 7800
f 7776 7800 7777
f 7777 7800 7801
f 7777 7801 7778
f 7778 7801 7802
f 7778 7802 7779
f 7779 7802 7803
f 7779 7803 7780
f 7780 7803 7804
f 7780 7804 7781
f 7781 7804 7805
f 7781 7805 7782
f 7782 7805 7806
f 7782 7806 7783
f 7783 7806 7807
f 7783 7807 7784
f 7784 7807 7808
f 7784 7808 7785
f 7785 7808 7809
f 7785 7809 837
f 837 7809 838
f 7135 7133 7810
f 7135 7810 7786
f 7786 7810 7811
f 7786 7811 7787
f 7787 7811 7812
f 7787 7812 7788
f 7788 7812 7813
f 7788 7813 7789
f 7789 7813 7814
f 7789 7814 7790
f 7790 7814 7815
f 7790 7815 7791
f 7791 7815 7816
f 7791 7816 7792
f 7792 7816 7817
f 7792 7817 7793
f 7793 7817 7818
f 7793 7818 7794
f 7794 7818 7819
f 7794 7819 7795
f 7795 7819 7820
f 7795 7820 7796
f 7796 7820 7821
f 7796 7821 7797
f 7797 7821 7822
f 7797 7822 7798
f 7798 7822 7823
f 7798 7823 7799
f 7799 7823 7824
f 7799 7824 7800
f 7800 7824 7825
f 7800 7825 7801
f 7801 7825 7826
f 7801 7826 7802
f 7802 7826 7827
f 7802 7827 7803
f 7803 7827 7828
f 7803 7828 7804
f 7804 7828 7829
f 7804 7829 7805
f 7805 7829 7830
f 7805 7830 7806
f 7806 7830 7831
f 7806 7831 7807
f 7807 7831 7832
f 7807 7832 7808
f 7808 7832 7833
f 7808 7833 7809
f 7809 7833 7834
f 7809 7834 838
f 838 7834 839
f 7133 7132 7835
f 7133 7835 7810
f 7810 7835 7836
f 7810 7836 7811
f 7811 7836 7837
f 7811 7837 7812
f 7812 7837 7838
f 7812 7838 7813
f 7813 7838 7839
f 7813 7839 7814
f 7814 7839 7840
f 7814 7840 7815
f 7815 7840 7841
f 7815 7841 7816
f 7816 7841 7842
f 7816 7842 7817
f 7817 7842 7843
f 7817 7843 7818
f 7818 7843 7844
f 7818 7844 7819
f 7819 7844 7845
f 7819 7845 7820
f 7820 7845 7846
f 7820 7846 7821
f 7821 7846 7847
f 7821 7847 7822
f 7822 7847 7848
f 7822 7848 7823
f 7823 7848 7849
f 7823 7849 7824
f 7824 7849 7850
f 7824 7850 7825
f 7825 7850 7851
f 7825 7851 7826
f 7826 7851 7852
f 7826 7852 7827
f 7827 7852 7853
f 7827 7853 7828
f 7828 7853 7854
f 7828 7854 7829
f 7829 7854 7855
f 7829 7855 7830
f 7830 7855 7856
f 7830 7856 7831
f 7831 7856 7857
f 7831 7857 7832
f 7832 7857 7858
f 7832 7858 7833
f 7833 7858 7859
f 7833 7859 7834
f 7834 7859 7860
f 7834 7860 839
f 839 7860 840
f 7132 6726 6754
f 7132 6754 7835
f 7835 6754 6756
f 7835 6756 7836
f 7836 6756 6759
f 7836 6759 7837
f 7837 6759 6763
f 7837 6763 7838
f 7838 6763 6768
f 7838 6768 7839
f 7839 6768 6774
f 7839 6774 7840
f 7840 6774 6781
f 7840 6781 7841
f 7841 6781 6789
f 7841 6789 7842
f 7842 6789 6798
f 7842 6798 7843
f 7843 6798 6808
f 7843 6808 7844
f 7844 6808 6819
f 7844 6819 7845
f 7845 6819 6831
f 7845 6831 7846
f 7846 6831 6844
f 7846 6844 7847
f 7847 6844 6858
f 7847 6858 7848
f 7848 6858 6873
f 7848 6873 7849
f 7849 6873 6889
f 7849 6889 7850
f 7850 6889 6906
f 7850 6906 7851
f 7851 6906 6924
f 7851 6924 7852
f 7852 6924 6943
f 7852 6943 7853
f 7853 6943 6963
f 7853 6963 7854
f 7854 6963 6984
f 7854 6984 7855
f 7855 6984 7006
f 7855 7006 7856
f 7856 7006 7029
f 7856 7029 7857
f 7857 7029 7053
f 7857 7053 7858
f 7858 7053 7078
f 7858 7078 7859
f 7859 7078 7104
f 7859 7104 7860
f 7860 7104 7131
f 7860 7131 840
f 840 7131 841
